item_id,title,description,url,brand,seller_name,image_url,availability,price,sale_price,gtin,mpn,group_id,condition,product_category,weight,item_weight_unit,seller_url,accepts_returns,return_deadline_in_days,return_policy,is_ads_eligible,star_rating,review_count,target_countries,store_country,custom_label_0,custom_label_1,custom_label_2,custom_label_3,identifier_exists
477,Powerlogy Organic Coffee 900 g,"Zmes výberových BIO kávovníkových zŕn 100% arabiky z 3 kontinentov s laboratórnymi testami čistoty zloženia. Veľké balenie BIO zrnkovej kávy 100 % arabica, v chuti figy a čokoláda • BIO zrnková káva bez kyslej dochuti • Pomaly pražená, ideálna pre domáce kávovary • Vhodné pre vegánov aj histaminikov • Balenie obsahuje cca 100 porcií (1 porcia = 9 g) Vlastnosti, vďaka ktorým sa na našu BIO kávu môžete spoľahnúť: 100 % BIO certifikácia a pestovanie bez použitia pesticídov a chemikálií. Detailné laboratórne testy na kontrolu ochratoxínov a aflatoxínov. Pomalé a šetrné praženie na stupeň medium pre silnú, ale vyváženú chuť bez kyslosti. Eliminácia prepraženia a minimalizácia AGE – Advanced Glycation Endoproducts. Čerstvosť a stabilná energia bez negatívnych vplyvov na žalúdok . V Powerlogy sa snažíme urobiť maximum pre vývoj produktov, ktoré v sebe spájajú silu čistej chuti a funkčnosti pre extra energiu a nadpriemerný fyzický i mentálny výkon. Veríme, že kvalitné potraviny menia myslenie, a preto majú všetky naše produkty vysokú výživovú hodnotu. Táto arabica káva spĺňa tie najprísnejšie kritériá kvality pre skutočnú podporu vášho organizmu a potešenie vášho gurmánskeho jazyka. Popis výrobku: BIO pražená zrnková káva, 100 % arabika z ekologického poľnohospodárstva Hmotnosť: 900 g Alergény: Neobsahuje Krajina pôvodu suroviny: El Salvador Vyrobené na: Slovensko",https://powerlogy.com/organic-espresso-2,Powerlogy,Powerlogy,https://media.powerlogy.com/1/live/20260521113643/powerlogy-organic-coffee-singlefarm-900.png,in_stock,39.95 EUR,,8588009019169,70252,,new,Zdravé potraviny > Káva a kakao > Káva > Káva 100% Arabica,1,kg,https://powerlogy.com/,true,14,https://powerlogy.com/o-nakupe/vseobecne-obchodne-podmienky,true,4.74,141,SK,SK,food,káva-100%-arabica,in-stock,single,
499,Powerlogy Organic Coffee 250 g,"Zmes výberových BIO kávovníkových zŕn 100% arabiky z 3 kontinentov s laboratórnymi testami čistoty zloženia. (39,60 €/kg) BIO zrnková káva 100 % arabica, v chuti figy a čokoláda • BIO zrnková káva bez kyslej dochuti • Pomaly pražená, ideálna pre domáce kávovary • Vhodné pre vegánov aj histaminikov • Balenie obsahuje cca 27 porcií (1 porcia = 9 g) Recept: Lahodné TIRAMISU v pohári BEZ výčitiek Tiramisu zbožňujú všetci milovníci kávy a krémových dezertov. Čo tak vyskúšať jeho stále rovnako chutnú, no odľahčenú verziu ? Dezert si môžete pripraviť do pohárov z našich orieškových krémov. Piškótový základ sme nahradili ryžovými chlebíčkami, ktoré sme namáčali v našej pomaly praženej organickej káve . Mascarpone vrstvu sme vymenili za jemný odtučnený tvaroh vyšľahaný s Powerlogy kešu krémom bez cukru . A zlatou bodkou je kakaový posyp na povrchu v podobe nášho nového Upgraded kakaa . Množstvo surovín je na jednu porciu (jeden pohár). Postup: Nachystáme si 3 kusy ryžových chlebíčkov. Z Powerlogy Organic Coffee si pripravíme lungo. 1 odtučnený jemný tvaroh vymiešame s 1 PL Powerlogy Cashew Cream . Do prázdneho pohára z našich 330 g orieškových krémov začneme vrstviť dezert. 1. vrstva: ryžový chlebíček namočený v káve; 2. vrstva: tvarohový krém. V takomto poradí pokračujeme a vrstvenie ukončíme tvarohovou časťou. Na záver ešte tiramisu posypeme Upgraded kakaom a dáme stuhnúť do chladničky. Dobrú chuť! Popis výrobku: BIO pražená zrnková káva, 100 % arabika z ekologického poľnohospodárstva Hmotnosť: 250 g Alergény: Neobsahuje Krajina pôvodu suroviny: El Salvador Vyrobené na: Slovensko",https://powerlogy.com/organic-espresso,Powerlogy,Powerlogy,https://media.powerlogy.com/1/live/20260521113646/powerlogy-organic-coffee-singlefarm-250.png,in_stock,12.95 EUR,10.95 EUR,8588009019152,70251,,new,Zdravé potraviny > Káva a kakao > Káva > Káva 100% Arabica,0.27,kg,https://powerlogy.com/,true,14,https://powerlogy.com/o-nakupe/vseobecne-obchodne-podmienky,true,4.74,141,SK,SK,food,káva-100%-arabica,in-stock,single,
565,Powerlogy Organic MCT Oil 500 ml,"Tovar v súčastnosti naskladňujeme. Prosíme o trpezlivosť pri doručovaní. Špeciálne extrahovaný MCT olej, ktorý obsahuje len najefektívnejšie MCT triglyceridy so stredne dlhým reťazcom pre okamžitú energiu bez akýchkoľvek prídavkov a 100% kokosového pôvodu. (29,80€/l)",https://powerlogy.com/mct-oil-500ml,Powerlogy,Powerlogy,https://media.powerlogy.com/1/live/20240517120307/organic-mct-menej.png,in_stock,19.95 EUR,16.95 EUR,8588009019060,70186,,new,Funkčná výživa > MCT olej > BIO MCT Oleje,0.8,kg,https://powerlogy.com/,true,14,https://powerlogy.com/o-nakupe/vseobecne-obchodne-podmienky,true,4.94,218,SK,SK,food,bio-mct-oleje,in-stock,single,
4307,Powerlogy Almond Cream 330 g,"Chrumkavé a čerstvé mandľové maslo v BIO kvalite z top sicílskych mandlí so štipkou morskej soli bez cukru a konzervantov vyrobené na Slovensku. (43€/kg) Najpredávanejšie balenie mandľového krému s olivovým olejom a štipkou soli • Bez lepku, mlieka a pridaného cukru • Vhodné pre vegánov a vegetariánov • Vhodné pre histaminikov • Balenie obsahuje cca 22 porcií (1 porcia = 15 g) • Len 0,4 g cukru na jednu porciu Vianočný recept: Kakaové linecké koláčiky bez cukru a múky Linecké koláčiky ako tradičné vianočné pečivo, nesmie na štedrovečernom stole chýbať! My sme si pre vás pripravili v spolupráci s niesomzcukru, kakaovú verziu s orieškovým krémom, ktorá je navyše bez cukru a bez použitia múky ! Z tejto dávky vyjde cca 10 kúskov l ineckých koláčikov. Postup: 60 g mandľovej múky, 30 g kokosovej múky, 10 g kakaa, 20 g zmäknutého masla, 1 vajce a 1 PL čakankového sirupu zmiešame v jednej miske a vymiesime hladké cesto. Medzi dvoma papiermi na pečenie vyvaľkáme cesto na hrúbku približne 0,5 cm a vykrajujeme ľubovoľné tvary. Pečieme ich na papieri na pečenie, približne 10 minút pri 190°C. Necháme ich vychladnúť. Vychladnuté koláčiky potierame orieškovým krémom a zlepujeme dokopy. Popis výrobku: Mandľový krém v BIO kvalite s extra panenským olivovým olejom a morskou soľou. Hmotnosť: 330 g Zloženie: BIO mandle 84,8 %, BIO extra panenský olivový olej 15 %, morská soľ 0,2 %. Alergény: Orechy Krajina pôvodu suroviny: Španielsko Vyrobené na: Slovensko",https://powerlogy.com/mandlove-maslo-330g,Powerlogy,Powerlogy,https://media.powerlogy.com/1/live/20260330131439/almond-krem-stredny.webp,in_stock,16.95 EUR,13.95 EUR,8588010284136,70421,,new,Zdravé potraviny > Orieškové krémy a maslá > Mandľové,0.6,kg,https://powerlogy.com/,true,14,https://powerlogy.com/o-nakupe/vseobecne-obchodne-podmienky,true,4.79,135,SK,SK,food,mandľové,in-stock,single,
10646,Powerlogy Organic Ghee Butter 320 ml,"Original GHEE maslo bez laktózy, bielkovín a vody. V yrobené z mlieka od alpských kráv pasúcich sa na tráve. (33,9€/l) BIO ghee maslo v grass fed kvalite s nemeckou certifikáciou DEMETER • Neobsahuje alergény (laboratórne potvrdené) • Vhodné pre histaminikov • Mamičky malých detí si ghee nevedia vynachváliť • Zdroj omega-3 a vitamínov A, D, E, K • Balenie obsahuje cca 32 porcií (1 porcia = 10 g) Recept na zdravý, kurkumový popcorn Máte aj vy radi maškrtenie pri filme či s priateľmi pri letných večeroch? Klasiku ako čerstvo vypukanú kukuricu pozná každý z nás, preto sme sa rozhodli pripraviť ju v odľahčenej verzii s použitím nášho Ghee masla , navyše obohatenú o protizápalovú Powerlogy kurkumu , ktorá jej dodala vynikajúcu chuť. Postup: Do rozohriatého hrnca vložíme 2 lyžice Powerlogy ghee masla . Keď sa ghee maslo rozpustí, pridáme 1 ČL našej zmesi korenia Turmeric , 1 PL kurkumy a 1 PL soli. Všetko dobre premiešame. Následne vložíme aj popcornovú kukuricu a opäť premiešame, aby bola kukurica celá obalená v masle aj koreninách. Prikryjeme pokrievkou a počkáme cca 5-7 minút, kým kukurica vypuká a vzniknú pukance. Príjemný filmový zážitok a zdravé chrumkanie! Popis výrobku: Ghee maslo. Dodatočné info: Prepustené maslo bez vody, bielkovín a laktózy. Objem: 320 g Zloženie: Mliečny tuk. Alergény: Neobsahuje. Krajina pôvodu suroviny: Slovinsko",https://powerlogy.com/ghee-maslo,Powerlogy,Powerlogy,https://media.powerlogy.com/1/live/20260407135101/ghee-krem-stredny.webp,in_stock,17.95 EUR,,8588010284402,70469,,new,Zdravé potraviny > Oleje a ghee maslo > Ghee maslo,0.6,kg,https://powerlogy.com/,true,14,https://powerlogy.com/o-nakupe/vseobecne-obchodne-podmienky,true,4.91,86,SK,SK,food,ghee-maslo,in-stock,single,
16763,Powerlogy Nougat Cream 330 g,"Čerstvý nugátový krém bez palmového oleja, rafinovaného cukru a konzervantov vyrobený na Slovensku. (46,33 €/kg) Najpredávanejšie balenie chrumkavého lieskovoorieškového nugátu s kakaom • Bez lepku, mlieka a rafinovaného cukru • Vhodný pre vegetariánov a vegánov • Balenie obsahuje cca 22 porcií (1 porcia = 15 g) • Len 3,5 g cukru na jednu porciu  Popis výrobku: Lieskovoorieškový krém s pravým kakaom. Hmotnosť: 330 g Zloženie: BIO lieskové orechy (60%), BIO trstinový cukor, BIO kakaový prášok, BIO kakaová hmota. Alergény: Orechy Krajina pôvodu suroviny: Taliansko Vyrobené na: Slovensko",https://powerlogy.com/power-nougat-300g,Powerlogy,Powerlogy,https://media.powerlogy.com/1/live/20260330131408/nougat-krem-stredny.webp,in_stock,16.95 EUR,,8588010284129,70420,,new,Zdravé potraviny > Orieškové krémy a maslá > Nugátové,0.6,kg,https://powerlogy.com/,true,14,https://powerlogy.com/o-nakupe/vseobecne-obchodne-podmienky,true,4.65,182,SK,SK,food,nugátové,in-stock,single,
30090,Deortegas Organic Extra Virgin Olive Oil Frantoio 500 ml,"Vyberáme pre vás exkluzívnu selekciu BIO olivových olejov, ktoré boli ocenené na svetových súťažiach. Za studena lisované, len mechanicky spracované, extra panenské olivové oleje výraznej arómy a chuti, no extrémne nízkej kyslosti 0,1%.",https://powerlogy.com/extra-panensky-bio-olivovy-olej,Powerlogy,Powerlogy,https://media.powerlogy.com/1/live/20220128142907/olivovy-olej-novy-crop.png,in_stock,22.95 EUR,,8436530680252,70179,,new,Zdravé potraviny > Oleje a ghee maslo > Olivové oleje,0.95,kg,https://powerlogy.com/,true,14,https://powerlogy.com/o-nakupe/vseobecne-obchodne-podmienky,true,4.79,39,SK,SK,food,olivové-oleje,in-stock,single,
34072,Powerlogy Organic Coffee Strong 250 g,"Zmes výberových BIO kávovníkových zŕn 51% výberovej robusty z Indie a 49% arabiky z Peru a Etiópie, s laboratórnymi testami čistoty zloženia. (39,60 €/kg) Extra silná BIO zrnková káva s vyšším obsahom kofeínu, bez kyslosti • BIO zrnková káva s extra vyšším obsahom kofeínu • Pomaly pražená, ideálna pre domáce kávovary • Vhodné pre vegánov a histaminikov • Balenie obsahuje cca 27 porcií (1 porcia = 9 g) Vlastnosti, vďaka ktorým sa na našu kávu môžete spoľahnúť: 100 % BIO certifikácia a pestovanie bez použitia pesticídov a chemikálií. Detailné laboratórne testy na kontrolu ochratoxínov a aflatoxínov. Pomalé a šetrné praženie na stupeň medium pre silnú, ale vyváženú chuť bez kyslosti. Eliminácia prepraženia a minimalizácia AGE – Advanced Glycation Endoproducts. Čerstvosť a stabilná energia bez kyslosti a negatívnych vplyvov na žalúdok . Cieľom novej Organic Coffee Strong je ponúknuť vám najsilnejšie espresso na trhu , ktoré má čistú chuť. Výnimočná indická cherry káva robusta dodáva tejto zmesi extra kofeínovú silu , ale aj komplexné a intenzívne telo. Pri domácej príprave espressa na pákovom stroji či automate sa môžete tešiť z extra cremy. Táto zmes kávy robusta a arabika tak spĺňa tie najprísnejšie kritériá kvality pre skutočnú podporu vášho organizmu a potešenie vášho gurmánskeho jazyka. Popis výrobku: BIO pražená zrnková káva, zmes 50 % Arabiky a 50 % Robusty z ekologického poľnohospodárstva Chuťový profil: Horká čokoláda, oriešky Hmotnosť: 250 g Alergény: Neobsahuje Krajina pôvodu suroviny: El Salvador, India Vyrobené na: Slovensko",https://powerlogy.com/extra-strong-bio-250g,Powerlogy,Powerlogy,https://media.powerlogy.com/1/live/20260521113641/powerlogy-organic-coffee-strong-250.png,in_stock,12.95 EUR,,8588009019176,70253,,new,Zdravé potraviny > Káva a kakao > Káva > Extra silná káva,0.27,kg,https://powerlogy.com/,true,14,https://powerlogy.com/o-nakupe/vseobecne-obchodne-podmienky,true,4.76,46,SK,SK,food,extra-silná-káva,in-stock,single,
34146,Powerlogy Organic Coffee Strong 900 g,"Zmes výberových BIO kávovníkových zŕn 51% výberovej robusty z Indie a 49% arabiky z Peru a Etiópie, s laboratórnymi testami čistoty zloženia. Veľké balenie extra silnej BIO zrnkovej kávy s vyšším obsahom kofeínu, bez kyslosti • BIO zrnková káva s extra vyšším obsahom kofeínu • Pomaly pražená, ideálna pre domáce kávovary • Vhodné pre vegánov a histaminikov • Balenie obsahuje cca 100 porcií (1 porcia = 9 g) Vlastnosti, vďaka ktorým sa na našu kávu môžete spoľahnúť: 100 % BIO certifikácia a pestovanie bez použitia pesticídov a chemikálií. Detailné laboratórne testy na kontrolu ochratoxínov a aflatoxínov. Pomalé a šetrné praženie na stupeň medium pre silnú, ale vyváženú chuť bez kyslosti. Eliminácia prepraženia a minimalizácia AGE – Advanced Glycation Endoproducts. Čerstvosť a stabilná energia bez kyslosti a negatívnych vplyvov na žalúdok . Cieľom novej Organic Coffee Strong je ponúknuť vám najsilnejšie espresso na trhu , ktoré má čistú chuť. Výnimočná indická cherry káva robusta dodáva tejto zmesi extra kofeínovú silu , ale aj komplexné a intenzívne telo. Pri domácej príprave espressa na pákovom stroji či automate sa môžete tešiť z extra cremy. Táto zmes kávy robusta a arabika tak spĺňa tie najprísnejšie kritériá kvality pre skutočnú podporu vášho organizmu a potešenie vášho gurmánskeho jazyka. Popis výrobku: BIO pražená zrnková káva, zmes 50 % Arabiky a 50 % Robusty z ekologického poľnohospodárstva Chuťový profil: Horká čokoláda, oriešky Hmotnosť: 900 g Alergény: Neobsahuje Krajina pôvodu suroviny: El Salvador, India Vyrobené na: Slovensko",https://powerlogy.com/extra-strong-bio,Powerlogy,Powerlogy,https://media.powerlogy.com/1/live/20260521113638/powerlogy-organic-coffee-strong-900.png,in_stock,39.95 EUR,,8588009019183,70254,,new,Zdravé potraviny > Káva a kakao > Káva > Extra silná káva,1,kg,https://powerlogy.com/,true,14,https://powerlogy.com/o-nakupe/vseobecne-obchodne-podmienky,true,4.76,46,SK,SK,food,extra-silná-káva,in-stock,single,
37760,Powerlogy Pistacchio Cream 200 g,"PREMIUM PISTACCHIO krém – extra jemný pistáciový krém s olivovým olejom, kešu orechmi a štipkou citrónovej kôry z najkvalitnejších talianských ingrediencií od Dušana Plichtu, Karola Stýbla a Martina Záhumenského.",https://powerlogy.com/pistacchio-cream,Powerlogy,Powerlogy,https://media.powerlogy.com/1/live/20260330131329/gourmet-pistachio-krem-maly.webp,in_stock,17.95 EUR,,8588006514315,70080,,new,Zdravé potraviny > Orieškové krémy a maslá > Kešu,0.36,kg,https://powerlogy.com/,true,14,https://powerlogy.com/o-nakupe/vseobecne-obchodne-podmienky,true,4.89,296,SK,SK,food,kešu,in-stock,single,
47826,Powerlogy Cashew Cream 330 g,"Najpredávanejšie balenie kešu krému s kokosom a štipkou vanilky • Bez lepku, mlieka a pridaného cukru • Prirodzene sladký, vhodný pre vegetariánov a vegánov • Vhodné pre histaminikov • Balenie obsahuje cca 22 porcií (1 porcia = 15 g) • Len 1 g cukru na jednu porciu Recept: Raňajkový kolagénový kešu koláč Jednoduchý a ultra rýchly recept na raňajkový kešu koláč s kolagénom ? My sme jednoznačne za! Základ, ktorý tvorí vajíčko, Powerlogy Cashew Cream, tvaroh, Powerlogy Collagen je poliaty orieškovým krémom a posekanými mandľami. Kešu sú jedinečné orechy plné mononasýtených mastných kyselín, proteínov, vitamínu E a vlákniny . Vďaka jedinečnému spojeniu surovín získate snack plný živín, ktorý je zároveň zdrojom poctivej energie. A navyše, príprava trvá iba 3,5 minúty ! Postup: V miske, ktorá je vhodná do mikrovlnky si pripravíme korpus z 1 vajíčka, 3 PL jemného nízkotučného tvarohu, 10 g Power kolagénu a 1 PL Powerlogy Cashew Cream . Všetko poriadne premiešame a vložíme do mikrovlnky na 3 minúty. Hotový koláčikový základ vyklopíme na tanier, polejeme kešu krémom a posypeme mandľami. Dobrú chuť! Popis výrobku: Kešu krém (""maslo"") s kokosom. Dodatočné info: Sekané kešu vypracované do masla s prídavkom kokosu. Hmotnosť: 330 g Zloženie: BIO kešu 55 %, BIO kokos strúhaný 45 %, BIO vanilka. Alergény: Orechy Krajina pôvodu suroviny: Vietnam",https://powerlogy.com/organic-cashew-cream,Powerlogy,Powerlogy,https://media.powerlogy.com/1/live/20260330131333/cashew-krem-stredny.webp,in_stock,16.95 EUR,,8588010284143,70422,,new,Zdravé potraviny > Orieškové krémy a maslá > Kešu,0.6,kg,https://powerlogy.com/,true,14,https://powerlogy.com/o-nakupe/vseobecne-obchodne-podmienky,true,4.84,114,SK,SK,food,kešu,in-stock,single,
63184,Powerlogy Honey Strawberry Granola 350 g,"Bezlepková raňajková granola s medom, chrumkavými mandľami a jahodami • Bez lepku, mlieka a rafinovaného cukru • Vhodné pre histaminikov • Chrumkavé müsli sladené medom • Balenie obsahuje cca 7 porcií (1 porcia = 50 g) • Len 4,4 g cukru na jednu porciu Našu granolu si obľúbila aj tvár slovenskej televízie a autorka inšpiratívnych projektov venovaných ženám, Veronika Cifrová Ostrihoňová Ľaľa, moje obľúbené letné raňajky. Jogurt s Powerlogy granolou, ktorá hladí naše srdcia, duše i nervy – je totiž chutná, zdravá a rýchla. A tiež bez lepku, laktózy, sladená medom, vhodná pri histamínovej intolerancii, aj intolerancii náročných receptov, ktorou trpím ja. ? Powerlogy Honey Granolu odporúča 11/10 Veroník. Popis výrobku: Jemne pražené granola müsli s chrumkavými mandľami, quinoou, medom, kokosom a jahodami. Dodatočné info: Prírodné zloženie, bez lepku, mlieka a umelých konzervantov. Hmotnosť: 350 g Zloženie: BIO ryžové, pohánkové a quinoa vločky 60 %, chrumkavé mandle, med, strúhaný kokos, kokosový olej, kokosové lupienky, lyofilizované jahody. Alergény: Orechy Vyrobené v: Česká republika",https://powerlogy.com/granola,Powerlogy,Powerlogy,https://media.powerlogy.com/1/live/20260521113725/powerlogy-granola-honey-strawberry.png,in_stock,8.55 EUR,,8588009019640,70325,,new,Zdravé potraviny > Granola a müsli > Granola s nízkym obsahom histamínu,0.35,kg,https://powerlogy.com/,true,14,https://powerlogy.com/o-nakupe/vseobecne-obchodne-podmienky,true,4.62,105,SK,SK,food,granola-s-nízkym-obsahom-histamínu,in-stock,single,
65362,Powerlogy Chocobar 70 % 50 g,"70 % čokoládová tyčinka s lieskovými orechmi Letný Powerlogy nugátový milkshake Recept na Powerlogy zmrzlinu už máte, čo tak vytiahnuť zmrzlinové zásoby a vykúzliť z nich chutný, letný milkshake? Táto pochúťka v našej zdravšej verzii vás počas týchto horúcich dní schladí, a zaženie chute na sladké. Pripravte si aj vy Powerlogy nugátový milkshake a oslaďte si zdravo vaše letné dovolenkové dni. Postup: 300 ml obľúbeného mlieka a Powerlogy zmrzlinu poriadne vymixujeme. Pred podávaním vo vysokom pohári, dozdobíme podľa chuti. My sme pridali lahodnú a chladenú šľahačku, náš lieskovoorieškový nugát , a chrumkavé hoblinky Powerlogy čokolády . Čo na naše čokolády hovorí aktívny športovec a cyklista, Martin Knapec? Snacky, na ktorých fungujem počas tréningov, sú moje obľúbené Powerlogy čokolády. Vtedy mi chutia a telo ich potrebuje, keď podávam výkon. Kurkumovú choco si dávam na rýchlejší nástup pred alebo po intervaloch, v rámci doplnenia cukrov (anaeróbne aktivity). A Chocobar 70 % je mojou voľbou vždy pri pocite hladu. Dlhšie ju organizmus trávi a dáva telu energiu na aeróbne aktivity. Spojenie Powerlogy dobrôt a športu je ideálna kombinácia, ako si zdravo dopriať a prísť na iné myšlienky. Popis výrobku: BIO 70 % horká čokoláda s lieskovými orechmi Hmotnosť: 50 g Zloženie: BIO kakaová hmota 50,4 %, BIO trstinový cukor 25,2 %, BIO lieskové orechy 16 %, BIO kakaové maslo 8,4 %. Alergény: Orechy Krajina pôvodu suroviny: Kolumbia, Turecko Vyrobené na: Slovensko",https://powerlogy.com/power-choco-bar-70,Powerlogy,Powerlogy,https://media.powerlogy.com/1/live/20250825101511/coko-70-fino-de-aroma-menej.png,in_stock,3.45 EUR,2.95 EUR,8588006514667,70434,,new,Zdravé potraviny > Čokoláda a snacky > Čokolády > Bean-to-Bar,0.055,kg,https://powerlogy.com/,true,14,https://powerlogy.com/o-nakupe/vseobecne-obchodne-podmienky,true,4.58,113,SK,SK,food,bean-to-bar,in-stock,single,
66653,Powerlogy C8 MCT Oil 500 ml,Prémiový C8 MCT olej zložený len z kyseliny kaprylovej • Neobsahuje alergény • Vhodné pre vegánov a vegetariánov • Vhodné pre histaminikov • Balenie obsahuje cca 50 porcií (1 porcia = 10 ml) • Neobsahuje žiadny cukor  Popis výrobku: Rastlinný olej extrahovaný z kokosových orechov Objem: 500 ml Zloženie: triglyceridy kyseliny kaprylovej z kokosového oleja. Alergény: Neobsahuje Krajina pôvodu suroviny: India Vyrobené v: Nemecko,https://powerlogy.com/c8-mct-oil,Powerlogy,Powerlogy,https://media.powerlogy.com/1/live/20240517120215/c8-mct-menej.png,in_stock,22.95 EUR,,8588006514544,70135,,new,Funkčná výživa > MCT olej > Čisté C8 MCT oleje,0.8,kg,https://powerlogy.com/,true,14,https://powerlogy.com/o-nakupe/vseobecne-obchodne-podmienky,true,4.87,231,SK,SK,food,čisté-c8-mct-oleje,in-stock,single,
380803,Powerlogy Upgraded Brain Focus 60 kapsúl,"Komplex nootropík na výživu mozgu, podporu koncentrácie a pamäte Zakladateľ Powerlogy: Za Upgraded líniou stojí veda Prémiovú líniu Powerlogy Upgraded som vytvoril pre najnáročnejších zákazníkov, ktorí hľadajú maximálnu kvalitu a účinnosť. Upgraded produkty sú obohatené o inovatívne ingrediencie ako MCT olej, prebiotická vláknina, adaptogény či bioaktívne látky. Receptúry vyvíjam na základe najnovších vedeckých poznatkov. Kombinujem účinky rôznych zložiek, aby vám dodali energiu a podporili konkrétne funkcie tela – imunita, trávenie, regenerácia či fyzická a mentálna výkonnosť. Funkčné benefity konzultujem s odbornou vedeckou radou, s ktorou v Powerlogy úzko spolupracujeme. Upgraded produkty odporúčam ako riešenie pre ľudí, ktorí chcú spoľahlivý zdroj energie a výživy na každý deň. – Dušan Plichta, zakladateľ Powerlogy a tvorca produktov Vlastnosti, vďaka ktorým sa na náš Upgraded Brain Focus môžete spoľahnúť: Čisté zloženie a 100 % dôraz na funkčnú dávku vybraných nootropík. Vedecky dokázané účinky vybraných látok v synergickej kombinácii. Priamy účinok na mozog – podpora lepšej mentálnej výkonnosti. Neobsahuje kofeín, zaručuje tak stabilnú koncentráciu bez nervozity. Vegánske kapsule 100 % bez lepku, mlieka a alergénov. V Powerlogy robíme maximum pre vývoj inovatívnych funkčných potravín a doplnkov výživy, ktoré majú pomáhať kultivácii našej Human Power každý deň. Naším cieľom je podpora nadpriemerného fyzického i mentálneho výkonu, avšak bez obety zdravia. Veríme, že pokročilá výživa mozgu je budúcnosťou. Umožní realizáciu nášho potenciálu pri zachovaní silného mentálneho a fyzického zdravia. Produkt spĺňa najvyššie kritériá kvality a prešiel laboratórnym aj osobným testovaním. Je určený na dlhodobé užívanie. Popis výrobku: Výživový doplnok. Balenie obsahuje 60 kapsúl. Denná dávka = 2 kapsuly ~1060 mg. Hmotnosť: 31,8 g Počet kapsúl: 60 ks Alergény: neobsahuje Vyrobené na: Slovensko",https://powerlogy.com/powerlogy-brain-focus-60-kapsul,Powerlogy,Powerlogy,https://media.powerlogy.com/1/live/20240711154645/brain-focus-menej.png,in_stock,34.95 EUR,,8588009019718,70320,,new,Výživové doplnky > Vitamín B > Vitamín B - komplex,,,https://powerlogy.com/,true,14,https://powerlogy.com/o-nakupe/vseobecne-obchodne-podmienky,false,4.71,24,SK,SK,supplement,vitamín-b---komplex,in-stock,single,
394315,Powerlogy Nougat Cream 50 g,"Lahodný lieskovoorieškový krém s pravým kakaom Vlastnosti, vďaka ktorým sa na náš nugátový krém môžete spoľahnúť: Lieskové oriešky výberovej kvality. Jemná textúra pre jednoduché vychutnávanie aj trávenie. 100 % bez palmového oleja, emulzifikátorov a umelých konzervantov. 100 % prírodné zloženie bez rafinovaného cukru. Detailné laboratórne testy na kontrolu ochratoxínov, aflatoxínov a oxidácie orechov. Nugátové krémy Powerlogy spĺňajú najvyššie kritériá kvality a ich cieľom je nielen výnimočná chuť, ale aj vysoká výživová hodnota. V Powerlogy sa snažíme urobiť maximum pre vývoj produktov, ktoré v sebe spájajú silu čistej chuti a funkčnosti pre extra energiu a nadpriemerný fyzický i mentálny výkon. Veríme, že kvalitné jedlo mení myslenie, a preto majú všetky naše produkty vysokú výživovú hodnotu. V Powerlogy je našou vášňou progresívna a efektívna životospráva. Ako vznikol Powerlogy Nougat Cream V Powerlogy chceme pomôcť zlepšovať stravovacie návyky rodín a to hlavne v prípade raňajok a snackov. Určite poznáte slávnu orieškovú nátierku začínajúcu sa písmenom N a končiacu na TELLA. Napriek jej zloženiu, ktoré má podľa nás naozaj ďaleko od optima, ju každodenne konzumuje veľké množstvo ľudí vrátane žien a detí. Mnohí vedia, že je to nezdravé, no často podľahnú túžiacim detským očiam. Nám to nedalo a vytvorili sme zdravú alternatívu tejto maškrty, ktorú môžete pokojne dopriať sebe aj svojim deťom (samozrejme, nemáme na mysli prejedanie). Po dlhom vývoji vznikla receptúra, ktorá vás svojou chuťou aj konzistenciou dostane. Náš orieškový nugát je jednoduchý zložením, no komplexný chuťou. Nájdete v ňom len prvotriedne lieskovce, výberové kakao, prijateľné množstvo trstinového cukru a štipku soli. Popis výrobku: Lieskovoorieškový krém s kakaom v praktickom balení. Hmotnosť: 50 g Zloženie: lieskovce pražené 50 %, kakaová hmota 30 % (kakaový prášok, kakaové maslo), trstinový cukor 19,8 %, soľ 0,2 %. Alergény: Orechy Vyrobené na: Česká republika",https://powerlogy.com/nougat-cream-50g,Powerlogy,Powerlogy,https://media.powerlogy.com/1/live/20220930100747/nougat-snack-50g-crop.png,out_of_stock,3.55 EUR,,8588009019190,70224,,new,Zdravé potraviny > Orieškové krémy a maslá > Nugátové,0.07,kg,https://powerlogy.com/,true,14,https://powerlogy.com/o-nakupe/vseobecne-obchodne-podmienky,true,4.91,46,SK,SK,food,nugátové,out-of-stock,single,
394320,Powerlogy Kurkuma Chocobar 50 g,"Biela čokoláda s mandľami a kurkumou Čo na Organic Kurkuma Choco vraví aktívna bežkyňa a spoluzakladateľka bežeckej komunity SHEruns, Petra Pukalovičová? Powerlogy produkty vnímam ako expertov na dodanie potrebnej sily a energie. Konkrétne ich urkumová čokoláda sa stala mojím obľúbencom, ako skvelá sladkosť bez výčitiek, bez umelín, v rámci odmeny po ťažkom tréningu. Biela čokoláda v zdravom kabáte, s pridaním extra kurkumy s protizápalovými účinkami? Ja hovorím ÁNO. Čo na Organic Kurkuma Choco vraví bývalý reprezentant SR v atletike, aktuálny kondičný tréner a bežec, Mgr. Leo Lendvorský? Nedávno som čítal prirovnanie, že „Strava je ako bankový účet. A kvalitné potraviny sú investície do zdravia.“ Taktiež výrok Tima Spectora, ktorý vraví: „Zaobchádzajte so svojím mikrobiómom ako so záhradou.“ Musíte vyživovať pôdu (črevá) pre zdravé rastliny (baktérie) a zároveň minimalizovať burinu (mikróby spôsobujúce choroby). Toto sú dôvody, prečo mám rád a volím si práve Powerlogy potraviny , ktoré pre mňa stelesňujú všetko vyššie uvedené. Popis výrobku: BIO 40 % Vegánska tyčinka s kakaovým maslom, kurkumou, mandľami a kokosom Hmotnosť: 50 g Zloženie: BIO kakaové maslo 40 %, BIO trstinový cukor 34,8 %, BIO ryžový sirup 14,55 %, BIO mandle 4,56 %, BIO strúhaný kokos 3,82 %, BIO kurkuma 2 %, emulgátor: slnečnicový lecitín 0,09 %, morská soľ 0,09 %, vanilkový extrakt 0,09 %. Alergény: Orechy Vyrobené na: Slovensko",https://powerlogy.com/kurkuma-chocobar-50-g,Powerlogy,Powerlogy,https://media.powerlogy.com/1/live/20251017150125/choco-kurkuma-menej.png,in_stock,3.45 EUR,,8588006514919,70435,,new,Zdravé potraviny > Čokoláda a snacky > Čokolády > Bean-to-Bar,0.055,kg,https://powerlogy.com/,true,14,https://powerlogy.com/o-nakupe/vseobecne-obchodne-podmienky,true,4.80,54,SK,SK,food,bean-to-bar,in-stock,single,
418282,Powerlogy Mak a Mandle Krém 330 g,"Najpredávanejšie balenie sladkého, makovo-orieškového krému so štipkou soli • Bez lepku, mlieka a rafinovaného cukru • Vhodný pre vegetariánov a vegánov • Vhodné pre histaminikov • Balenie obsahuje cca 22 porcií (1 porcia = 15 g) • Len 2,4 g cukru na jednu porciu Po otvorení odporúčame skladovať v chladničke.  Popis výrobku: Mandľovo-makový krém Hmotnosť: 330 g Zloženie: Mak (24 %), mandľa pražená sekaná (23 %), mandľová pasta (22 %), ryžový olej (15,5 %), trstinový cukor (14,5 %), morská soľ (1 %). Alergény: Orechy Krajina pôvodu: USA (mandle) Vyrobené na: Slovensko",https://powerlogy.com/mak-mandle-330g,Powerlogy,Powerlogy,https://media.powerlogy.com/1/live/20260330131417/mak-mandle-krem-stredny.webp,in_stock,15.95 EUR,,8588006514971,70177,,new,Zdravé potraviny > Orieškové krémy a maslá > Mandľové,0.6,kg,https://powerlogy.com/,true,14,https://powerlogy.com/o-nakupe/vseobecne-obchodne-podmienky,true,4.57,133,SK,SK,food,mandľové,in-stock,single,
433525,Deortegas Organic Extra Virgin Olive Oil Hojiblanca 500 ml,"Extra panenský BIO olivový olej odroda Hojiblanca • Neobsahuje alergény • Vhodné pre vegánov a vegetariánov • Vhodné pre histaminikov • Balenie obsahuje cca 50 porcií (1 porcia = 10 ml) • Neobsahuje žiadny cukor Vlastnosti, vďaka ktorým sa na náš BIO olivový olej Deortegas môžete spoľahnúť: Extra panenský olivový olej výberovej kvality s ekologickým spracovaním. Lisovaný za studena s použitím modernej technológie centrifugácie pre zachovanie kvality. Ovocné a silné telo s výnimočnou dochuťou paradajok. ? Extrémne nízka kyslosť pod 0,14 % a vysoká stabilita proti oxidácii. Vysoký obsah polyfenolov – zdravotné benefity olivového oleja. Powerlogy oleje a tuky spĺňajú najvyššie kritériá kvality. Ich cieľom je spojenie čistej chuti a funkčnosti. V Powerlogy sa snažíme urobiť maximum pre vývoj produktov, ktoré v sebe spájajú silu čistej chuti a funkčnosti pre extra energiu a nadpriemerný fyzický i mentálny výkon. Veríme, že kvalitné jedlo mení myslenie, a preto majú všetky naše produkty vysokú výživovú hodnotu. Popis výrobku: Extra panenský olivový olej lisovaný za studena. Dodatočné info: Nízka kyslosť a ekologické spracovanie podľa najnovších technológií. Objem: 500 ml Zloženie: Extra panenský BIO olivový olej lisovaný za studena. Alergény: Neobsahuje Krajina pôvodu: Španielsko",https://powerlogy.com/deortegas-organic-extra-virgin-olive-oil-hojiblanca-500-ml,Powerlogy,Powerlogy,https://media.powerlogy.com/1/live/20181119174053/deortegas-olive-oil.png,in_stock,22.95 EUR,,8436530680269,70103,,new,Zdravé potraviny > Oleje a ghee maslo > Olivové oleje,0.95,kg,https://powerlogy.com/,true,14,https://powerlogy.com/o-nakupe/vseobecne-obchodne-podmienky,true,4.85,52,SK,SK,food,olivové-oleje,in-stock,single,
437857,Wild and Coco Histabiotics 2.0 30 kapsúl,"Probiotiká, ktoré nevytvárajú histamín a regulujú jeho prirodzenú tvorbu V holistickom prístupe funkčnej medicíny k nášmu tráveniu, imunite a celkovému mentálnemu aj fyzickému zdraviu hrá ľudský mikrobióm kľúčovú úlohu. Nie nadarmo sa v čínskej medicíne po tisícročia označoval ako druhý mozog. Vybrať však naozaj živé a funkčné probiotiká s prebiotikami, ktoré prispejú k významnej podpore črevnej mikroflóry nie je ľahké. Na trhu nájdete veľa riešení, ktoré môžu krátkodobo pomôcť, ale ich sila nie je dostačujúca na trvalejšie premodelovanie črevnej flóry. Z osobných skúseností môžem smelo odporučiť vybrané produkty Wild & Coco z Českej Republiky. Osobne poznám ich vývojárov, ktorí na trh prinášajú jedny z najkomplexnejších symbiotík. Ich efekt som pocítil už za 3 dni užívania a plne spĺňajú moje 3 silné štandardy: Inovatívnosť – citlivo zvolená zmes probiotických kmeňov, ktoré nevytvárajú histamín a regulujú jeho prirodzenú tvorbu. Synergia a výber funkčných foriem – komplex až 28 špecifických kmeňov baktérií spoločne s prebiotikami pre synergický efekt. Dôvera v pôvod a výrobu – eliminujú chemické spracovanie, sú 100 % bez lepku, mlieka či umelín a nepoužívajú lacné kapsule, ktoré majú nežiadúce vedľajšie účinky na trávenie a náš mikrobióm. – Dušan Plichta, zakladateľ Powerlogy Priateľské baktérie pre citlivé črevá Histabiotiká môžu harmonizovať vaše trávenie dvoma spôsobmi: 1. Zmierniť existujúcu potravinovú citlivosť alebo histamínovú intoleranciu. Histabiotiká pomáhajú dlhodobo regulovať histamín pri už existujúcej potravinovej citlivosti alebo histamínovej intolerancii. 2. Podporiť zdravie čriev a znížiť priepustnosť črevnej steny. Histabiotiká podporujú obnovu črevnej steny a udržiavanie jej optimálneho stavu. To je veľmi užitočné pri riešení problémov s nepriepustnými črevami (tzv. „leaky gut“), ktoré môžu viesť k novej citlivosti na potraviny. Popis výrobku: Probiotiká, ktoré nevytvárajú histamín a regulujú jeho prirodzenú tvorbu Počet kapsúl: 30 ks Alergény: neobsahuje Vyrobené na: Česká republika",https://powerlogy.com/wild-coco-histabiotics-30-kapsul,Powerlogy,Powerlogy,https://media.powerlogy.com/1/live/20250827141519/histabiotics20.png,out_of_stock,39.95 EUR,,8594185396420,70453,,new,Výživové doplnky > Bioflavonoidy,0.1,kg,https://powerlogy.com/,true,14,https://powerlogy.com/o-nakupe/vseobecne-obchodne-podmienky,false,5.00,10,SK,SK,supplement,bioflavonoidy,out-of-stock,single,
437858,Wild and Coco Essential Protein 180 tabletiek,"8 vegan esenciálnych aminokyselín s 99 % využiteľnosťou V holistickom prístupe funkčnej medicíny k nášmu tráveniu, imunite a celkovému mentálnemu aj fyzickému zdraviu hrá ľudský mikrobióm kľúčovú úlohu. Nie nadarmo sa v čínskej medicíne po tisícročia označoval ako druhý mozog. Vybrať však naozaj živé a funkčné probiotiká s prebiotikami, ktoré prispejú k významnej podpore črevnej mikroflóry nie je ľahké. Na trhu nájdete veľa riešení, ktoré môžu krátkodobo pomôcť, ale ich sila nie je dostačujúca na trvalejšie premodelovanie črevnej flóry. Z osobných skúseností môžem smelo odporučiť vybrané produkty Wild & Coco z Českej Republiky. Osobne poznám ich vývojárov, ktorí na trh prinášajú jedny z najkomplexnejších symbiotík. Ich efekt som pocítil už za 3 dni užívania a plne spĺňajú moje 3 silné štandardy: Inovatívnosť – citlivo zvolená zmes probiotických kmeňov, ktoré nevytvárajú histamín a regulujú jeho prirodzenú tvorbu. Synergia a výber funkčných foriem – komplex až 28 špecifických kmeňov baktérií spoločne s prebiotikami pre synergický efekt. Dôvera v pôvod a výrobu – eliminujú chemické spracovanie, sú 100 % bez lepku, mlieka či umelín a nepoužívajú lacné kapsule, ktoré majú nežiadúce vedľajšie účinky na trávenie a náš mikrobióm. – Dušan Plichta, zakladateľ Powerlogy Proteíny sa dajú suplementovať efektívne Čisté esenciálne aminokyseliny farmaceutickej kvality s 99 % biologickou dostupnosťou. Benefity sú jasné: až 7-krát účinnejšie ako bežný práškový proteín dosahujú rýchle výsledky nezaťažujú trávenie a obličky bez prídavných látok S Essential Proteinom podporíte rast a zachovanie svalovej hmoty oveľa lepšie ako s bežnými proteínovými doplnkami. Vďaka čistým aminokyselinám sa vyhnete zbytočným kalóriám a zaťaženiu žalúdka či obličiek. Skutočne výhodné riešenie pre obe strany! Zatiaľ čo bielkoviny sa musia najprv rozložiť na aminokyseliny, aby ich telo mohlo využiť, kryštalické aminokyseliny z Essential Protein sú k dispozícii okamžite. Popis výrobku: 8 esenciálnych aminokyselín s 99 % využiteľnosťou Počet kapsúl: 180 ks Alergény: neobsahuje Vyrobené na: Nemecko",https://powerlogy.com/wild-coco-essential-protein-180-tabletiek,Powerlogy,Powerlogy,https://media.powerlogy.com/1/live/20220428103740/essential-protein-wildcoco-crop.png,in_stock,39.95 EUR,,8594185393177,70190,,new,Funkčná výživa > Proteíny > Bezlepkové proteíny,0.2,kg,https://powerlogy.com/,true,14,https://powerlogy.com/o-nakupe/vseobecne-obchodne-podmienky,true,4.57,7,SK,SK,food,bezlepkové-proteíny,in-stock,single,
439620,Nobleza Del Sur Organic Extra Virgin Olive Oil Day 500 ml,"Extra panenský BIO olivový olej s osviežujúcim ovocným profilom a vysokým obsahom antioxidantov • Neobsahuje alergény • Vhodné pre vegánov a vegetariánov • Vhodné pre histaminikov • Balenie obsahuje cca 50 porcií (1 porcia = 10 ml) • Neobsahuje žiadny cukor Svieži recept na olivový dip so zeleninovými plackami Vyskúšajte, ako dobre chutí náš nový Olivový olej v kombinácii so sviežim jogurtom a bylinkami, ako chutný letný dip. My sme ho pridali k bezlepkovým, zeleninovým plackám, ktoré sú ideálne ako letný obed či zdravá a rýchla večera. Postup: Nahrubo si nastrúhame 2 cukety, 2 mrkvu a 1 zeler. Nastrúhanú zeleninu dochutíme soľou, čiernym korením, bazalkou a kto chce, môže pridať granulovaný cesnak. K mokrej zmesi pridáme 2 celé vajíčka, 60 g pohánkovej múky a 40 g najemno namletých bezlepkových ovsených vločiek. Zmes necháme postáť cca 30 minút, následne opekamé na troške Powerlogy Ghee masla z oboch strán do zlatista. Jogurtovo-olivový dip: 1 biely kvalitný jogurt (prípadne iný obľúbený) si zmiešame so šťavou z 1/2 citróna, nasekanou pažítkou, soľou, čiernym korením a 2 PL nášho nového Olivového oleja . Podávame s plackami a vychutnávame. ? Popis výrobku: BIO Extra panenský olivový olej Dodatočné info: Olivový olej výberovej kategórie, získaný priamo z olív a výlučne mechanickými spôsobmi. Objem: 500 ml Zloženie: Bio extra panenský olivový olej. Alergény: Neobsahuje Krajina pôvodu: Španielsko",https://powerlogy.com/nobleza-del-sur-organic-extra-virgin-olive-oil-day-500ml,Powerlogy,Powerlogy,https://media.powerlogy.com/1/live/20250506134414/nobleza-day-min.png,out_of_stock,23.95 EUR,,8437011635266,70191,,new,Zdravé potraviny > Oleje a ghee maslo > Olivové oleje,0.55,kg,https://powerlogy.com/,true,14,https://powerlogy.com/o-nakupe/vseobecne-obchodne-podmienky,true,5.00,10,SK,SK,food,olivové-oleje,out-of-stock,single,
442588,Powerlogy Nougat Cream 475 g,"Veľké balenie chrumkavého lieskovoorieškového nugátu s kakaom • Bez lepku, mlieka a rafinovaného cukru • Vhodný pre vegetariánov a vegánov • Balenie obsahuje cca 32 porcií (1 porcia = 15 g) • Len 3,5 g cukru na jednu porciu  Popis výrobku: Lieskovoorieškový krém s pravým kakaom. Dodatočné info: Sekané lieskovce vypracované do krému s prídavkom kakaového prášku, kakaovej hmoty a trstinového cukru. Hmotnosť: 475 g Zloženie: BIO lieskové orechy (60 %), BIO trstinový cukor, BIO kakaový prášok, BIO kakaová hmota. Alergény: Orechy Krajina pôvodu: Taliansko",https://powerlogy.com/powerlogy-organic-nougat-cream-475-g,Powerlogy,Powerlogy,https://media.powerlogy.com/1/live/20260330131354/nougat-krem-velky.webp,in_stock,22.95 EUR,,8588010284167,70424,,new,Zdravé potraviny > Orieškové krémy a maslá > Nugátové,0.8,kg,https://powerlogy.com/,true,14,https://powerlogy.com/o-nakupe/vseobecne-obchodne-podmienky,true,4.65,182,SK,SK,food,nugátové,in-stock,single,
442592,Powerlogy Almond Cream 475 g,"Veľké balenie mandľového krému s olivovým olejom a štipkou soli • Bez lepku, mlieka a pridaného cukru • Vhodné pre vegánov a vegetariánov • Vhodné pre histaminikov • Balenie obsahuje cca 32 porcií (1 porcia = 15 g) • Len 0,4 g cukru na jednu porciu Vianočný recept: Mandľovo-čokoládové millionaire rezy Čo poviete na obzvláštnenie vašich sviatočných stolov rýchlym a nepečeným dezertom, celo-svetovo obľúbeným ako Millionare rezy? Krehké mandľové cesto, domáci „karamel“ z nášho Mandľového krému a chrumkavá vrstva z vysokopercentnej Powerlogy čokolády . Naša verzia je pripravená v zdravšom kabátiku a to BEZ lepku, mlieka, cukru a vhodná aj pre vegánov. Rozvoňajte svoje Vianoce do karamelových tónov a doprajte si sladké sviatky aj BEZ cukru. Postup: V miske si zmiešame sypké suroviny : 1,5 šálky mandľovej múky, 1/3 šálky kokosovej múky, 1 ČL vanilky, 1/4 ČL soli, pridáme 1/3 šálky Powerlogy C8 MCT oleja , 1/2 šálky javorového sirupu a poriadne premiešame. Zmes natlačíme do formy (vystlanej papierom) a dáme stuhnúť do mrazničky. Domáci Powerlogy mandľový karamel: Do menšieho hrnca pridáme 3/4 šálky nášho Mandľového krému , 1/3 šálky C8 MCT oleja, 2 PL kosového mlieka (tuhá časť) a 1/4 šálky javorového sirupu a povaríme na miernom ohni, kým sa ingrediencie nespoja do krému. Stuhnutý sušienkový korpus vyberieme a potrieme vrstvou nášho domáceho karamelu, dáme na chvíľu vytuhnúť. V hrnci si rozpustíme 200g našej Powerlogy čokolády a 1/3 hrnčeka C8 MCToleja a necháme chvíľu vychladnúť, následne ňou potrieme naše rezy, posypeme hrubozrnnou soľou a dáme znovu vytuhnúť (najlepšie cez noc). Krájame na rezy ľubovoľnej veľkosti a podávame. Popis výrobku: Mandľový krém v BIO kvalite s extra panenským olivovým olejom a morskou soľou. Hmotnosť: 475 g Zloženie: BIO mandle 84,8 %, BIO extra panenský olivový olej 15 %, morská soľ 0,2 %. Alergény: Orechy Krajina pôvodu: Španielsko Vyrobené na: Slovensko",https://powerlogy.com/organic-almond-cream,Powerlogy,Powerlogy,https://media.powerlogy.com/1/live/20260330131443/almond-krem-velky.webp,out_of_stock,22.95 EUR,,8588010284174,70425,,new,Zdravé potraviny > Orieškové krémy a maslá > Mandľové,0.8,kg,https://powerlogy.com/,true,14,https://powerlogy.com/o-nakupe/vseobecne-obchodne-podmienky,true,4.79,135,SK,SK,food,mandľové,out-of-stock,single,
442598,Powerlogy Cashew Cream 475 g,"Veľké balenie kešu krému s kokosom a štipkou vanilky • Bez lepku, mlieka a pridaného cukru • Prirodzene sladký, vhodný pre vegetariánov a vegánov • Vhodné pre histaminikov • Balenie obsahuje cca 32 porcií (1 porcia = 15 g) • Len 1 g cukru na jednu porciu Banánový chlebík s Kešu krémom Všetci poznáme banánovo-špenátové smoothie, drinky, proteínové nápoje. Čo tak ale túto kombináciu zakomponovať do sladkého, zdravého, raňajkového chlebíku? V tom našom nájdete vo vnútri Powerlogy Kešu krém a vláčnosť vďaka nášmu MCT oleju , vďaka ktorým máte v recepte poctivú dávku kvalitných a prospešných tukov. Postup: Vymixujeme spoločne 60 g bezlepkových, ovsených vločiek na jemnú múku a vložíme do misky. K zmesi prisypeme 60 g kokosovej a 40 g pohánkovej múku, 2 ČL prášku do pečiva a štipku soli. Do mixéru vložíme 3 popučené banány, 3 hrste špenátu, 2 celé vajíčka, 2 poháre rastlinného mlieka a 3 PL Powerlogy Kešu krému a všetko zmixujeme na jemnú hmotu. Túto zmes prelejeme do misky a jemne k nej vmiešame 1 menší pohár MCT oleja . Následne spojíme sypké ingrediencie s mokrými a vytvoríme kompaktnú hmotu. Formu na chlebík (prípadné inú, akú doma máte) vystelieme papierom na pečenie a vylejeme pripravenú hmotu. Chlebík pečieme pri teplote 180°C cca 30-40 minút v závislosti od rúry. Výsledne zdobenie chlebíka je už len na vás. Odporúčame preliať naším Makovo-mandľovým krémom , ktorý v spojení so sladkou chuťou pečených banánov vytvára neodolateľnú kombináciu. Popis výrobku: Kešu krém (""maslo"") s kokosom. Dodatočné info: Sekané kešu vypracované do masla s prídavkom kokosu. Hmotnosť: 475 g Zloženie: BIO kešu 55 %, BIO kokos strúhaný 45 %, BIO vanilka. Alergény: Orechy Krajina pôvodu: Vietnam",https://powerlogy.com/organic-cashew-cream-2,Powerlogy,Powerlogy,https://media.powerlogy.com/1/live/20260330131338/cashew-krem-velky.webp,in_stock,22.95 EUR,,8588010284181,70426,,new,Zdravé potraviny > Orieškové krémy a maslá > Kešu,0.8,kg,https://powerlogy.com/,true,14,https://powerlogy.com/o-nakupe/vseobecne-obchodne-podmienky,true,4.84,114,SK,SK,food,kešu,in-stock,single,
443877,Powerlogy Nougat Cream 200 g,"Chrumkavý lieskovoorieškový nugát s kakaom • Bez lepku, mlieka a rafinovaného cukru • Vhodný pre vegetariánov a vegánov • Balenie obsahuje cca 22 porcií (1 porcia = 15 g) • Len 3,5 g cukru na jednu porciu Recept : Nadýchaná čoko pena zo 4 surovín Prichádzajúce teplé dni si pýtajú svieže a ľahké recepty. Náš Nugát s poctivou čokoládovou chuťou BEZ rafinovaného cukru už poznáte. Či už si ho radi vychutnávate na lyžicu, do raňajok alebo smoothie, tentokrát vám prinášame recept na nadýchanú čoko penu. Skombinujte 4 základné suroviny, pre extra energiu pridajte lyžicu MCT oleja a rýchly a výživný dezert pre všetkých milovníkov čokolády máte hotový do pár minút. Navyše si túto pochúťku môžu vychutnať ľudia s intoleranciami či už na laktózu, alebo lepok. Postup : Do výkonného mixéra pridáme 1 popučený banán, 2 PL nášho Nugátu , 1 zrelé mäkké avokádo a podľa potreby rastlinný nápoj. Všetko poriadne zmixujeme a pre extra dávku energie vyskúšajte pridať do hotovej zmesi 1 PL nášho čistého MCT oleja , vďaka ktorému spravíte z dezertu zázrak pre vaše telo i mozog. Dobrú chuť. Popis výrobku: Lieskovoorieškový krém s pravým kakaom. Hmotnosť: 200 g Zloženie: BIO lieskové orechy (60%), BIO trstinový cukor, BIO kakaový prášok, BIO kakaová hmota. Alergény: Orechy Krajina pôvodu: Taliansko Vyrobené na: Slovensko",https://powerlogy.com/powerlogy-organic-nougat-cream-200-g,Powerlogy,Powerlogy,https://media.powerlogy.com/1/live/20260330131404/nougat-krem-maly.webp,out_of_stock,11.95 EUR,,8588010284150,70423,,new,Zdravé potraviny > Orieškové krémy a maslá > Nugátové,0.36,kg,https://powerlogy.com/,true,14,https://powerlogy.com/o-nakupe/vseobecne-obchodne-podmienky,true,4.65,182,SK,SK,food,nugátové,out-of-stock,single,
443882,Powerlogy Natural Collagen 300 g,"100 % čistý, hydrolyzovaný grass fed kolagén z európskeho zdroja • Bez lepku, mlieka a sladidiel • Prirodzene rozpustný hovädzí kolagén s krémovou chuťou • Balenie obsahuje cca 30 porcií (1 porcia = 10 g) • Neobsahuje žiadny cukor ani alergény • Vhodný pre histaminikov* *Histidín, ktorý sa rozkladá na histamín, tvorí len 1 % z celkového obsahu aminokyselín kolagénu, takže vytvára veľmi nízke dávky histamínu. Napriek tomu, pri nízkohistamínovej diéte odporúčame poradiť sa s lekárom ohľadom užívania doplnku.  Popis výrobku: Natural kolagén proteín, typ kolagénu 1 a 3. Hmotnosť: 300 g Zloženie: Hydrolyzovaný hovädzí kolagén peptid. Alergény: neobsahuje Krajina pôvodu: Francúzsko Vyrobené na: Slovensko",https://powerlogy.com/powerlogy-collagen-300-g,Powerlogy,Powerlogy,https://media.powerlogy.com/1/live/20260521113756/powerlogy-collagen-natural.png,in_stock,27.95 EUR,19.95 EUR,8588009019121,70210,,new,Funkčná výživa > Kolagény > Kolagény na kosti a kĺby > Hovädzie kolagény na kĺby,0.3,kg,https://powerlogy.com/,true,14,https://powerlogy.com/o-nakupe/vseobecne-obchodne-podmienky,false,4.65,584,SK,SK,supplement,hovädzie-kolagény-na-kĺby,in-stock,single,
445601,NoordCode Pure MCT Creamer 250 g,"Krémový MCT prášok z kokosu Aké sú hlavné benefity MCT prášku v doplnku Pure MCT Creamer? Zdroj rýchlej energie z C8 MCT tukov. Priama podpora spaľovania tukov bez záťaže trávenia. Mierne sladká kokosová chuť zo sušeného kokosového mlieka. Praktické využitie, vhodný na cestovanie. Vhodný do nápojov, smoothies, jogurtov či rannej misky granoly . MCT (triglyceridy so stredne dlhým reťazcom) sú tuky s relatívne krátkymi väzbami. Vďaka tomu sa spracovanie MCT v tele líši od spracovania iných tukov. MCT s obsahom mastných kyselín C8 a C10 sa rýchlo trávia a premieňajú na energiu. Kyseliny C8 a C10 sú totiž najľahšie stráviteľné tuky. Ide o jedinečný zdroj energie. MCT tuky sa rýchlo vstrebávajú a premieňajú na ketóny. Vďaka nim získate dlhotrvajúcu stabilnú energiu, ktorú vám cukor neposkytne. Zaradenie Pure MCT Creameru do jedálnička vám dodá energiu, pomôže s manažovaním telesnej hmotnosti a posilní váš výkon. Čisté zloženie a lahodná chuť NoordCode Pure MCT Creamer má čisté zloženie. Obsahuje iba 3 skvelé ingrediencie: C8 MCT tuky z udržateľne pestovaných kokosových orechov – zdroj rýchlej energie. Akáciu – zdroj prebiotickej vlákniny, ktorá vyživuje črevné baktérie. Sušené kokosové mlieko – dodáva prášku lahodnú krémovosť. Ak ste doteraz nepoužívali MCT prášok alebo MCT olej , začnite postupne. Príliš veľká porcia MCT, a to najmä ak na ňu vaše telo nie je zvyknuté, môže spôsobiť črevné ťažkosti. Práve MCT prášok je pre niektorých príjemnejší a šetrnejší pre ich tráviacu sústavu než MCT olej. Pure MCT Creamer je teda dobrou štartovacou voľbou. Vďaka prášku dokážete skonzumovať väčšiu dávku MCT tukov ako s MCT olejom. Naopak, výhodou MCT oleja je jeho tekutá konzistencia, čo môže niektorým ľuďom vyhovovať (použiteľný pri varení či ako dochutenie šalátu). Popis výrobku: Krémový MCT prášok z kokosu Hmotnosť: 250 g Zloženie: MCT olej v prášku vyrobený zo 70 % MCT oleja (triglyceridy so stredne dlhým reťazcom z kokosu a 30 % akáciových vlákien), sušené kokosové mlieko. Alergény: neobsahuje Krajina pôvodu: Holandsko",https://powerlogy.com/noordcode-pure-mct-creamer-250-g,NoordCode,Powerlogy,https://media.powerlogy.com/1/live/20260729124505/70221_pure-mct-creamer-mockup.png,in_stock,23.95 EUR,,8719326381282,70221,,new,Funkčná výživa > MCT olej > Čisté C8 MCT oleje,0.33,kg,https://powerlogy.com/,true,14,https://powerlogy.com/o-nakupe/vseobecne-obchodne-podmienky,true,5.00,9,SK,SK,food,čisté-c8-mct-oleje,in-stock,single,
445602,NoordCode Mag Six 60 kapsúl,"Denná dávka magnézia s vitamínom B6 Aké sú hlavné benefity magnézia a vitamínu B6 v doplnku Mag Six? 6 biologicky dostupných foriem magnézia. Lepšie vstrebávanie a vyšší účinok benefitov vďaka synergii horčíka a vitamínu B6. Podpora fyzickej aj duševnej výkonnosti. 100 mg horčíka v jednej kapsule (26 % RI) Magnézium je jeden z najdôležitejších prvkov v našom tele. Zúčastňuje sa vyše 300 biochemických reakcií. Je nevyhnutný pre správnu funkciu svalov a prenos nervových vzruchov. Horčík si nedokážeme vytvoriť sami a je potrebné ho prijať zvonku. Vitamín B6 znižuje mieru únavy a je dôležitý pre tvorbu červených krviniek aj protilátok. Tento vitamín zároveň zvyšuje absorpciu horčíka a schopnosť jeho prieniku do buniek. Horčík Prispieva k udržaniu normálneho stavu kostí a zubov. Prispieva k normálnej činnosti svalov. Prispieva k elektrolytickej rovnováhe. Prispieva k normálnej syntéze bielkovín. Podieľa sa na procese delenia buniek. Vitamín B6 Prispieva k normálnemu metabolizmu homocysteínu. Prispieva k normálnemu metabolizmu bielkovín a glykogénu. Prispieva k normálnej tvorbe červených krviniek. Prispieva k regulácii hormonálnej aktivity. Význam rôznych zdrojov magnézia Formy horčíka v doplnkoch stravy sa môžu výrazne líšiť. Neorganické formy horčíka sú menej rozpustné vo vode, a preto sú menej biologicky dostupné. Napríklad široko používaný, lacný oxid horečnatý sa používa nielen ako výživový doplnok, ale aj ako preháňadlo či plnidlo. Na druhej strane organické zlúčeniny (minerály a vitamíny spojené s aminokyselinami) sa najlepšie vstrebávajú vďaka ich dobrej rozpustnosti vo vode. NoordCode Mag Six obsahuje 6 foriem horčíka, z ktorých má každá svoje výhody. Všetky formy boli vybrané pre ich dobrú biologickú dostupnosť: Citrát horečnatý – vysokovstrebateľná forma používaná v doplnkoch stravy. Malát horečnatý – účinne podporuje pocit väčšieho množstva energie. Taurát horečnatý – poskytuje ďalšie výhody aminokyseliny taurátu. Bisglycinát horečnatý – vstrebáva sa inou cestou ako ostatné formy horčíka. Glycerofosforečnan horečnatý – vysokovstrebateľný horčík. Hydroxid horečnatý – prírodná zlúčenina horčíka z morskej vody so stopovými minerálmi. Počet kapsúl: 60 ks",https://powerlogy.com/noordcode-mag-six-60-kapsul,NoordCode,Powerlogy,https://media.powerlogy.com/1/live/20260729123431/70220_mag-six-mockup.png,in_stock,24.95 EUR,,8719327103197,70220,,new,Výživové doplnky > Horčík > Horčík pre deti,0.165,kg,https://powerlogy.com/,true,14,https://powerlogy.com/o-nakupe/vseobecne-obchodne-podmienky,false,5.00,7,SK,SK,supplement,horčík-pre-deti,in-stock,single,
446240,NoordCode Everyday Essentials Multivitamin 60 kapsúl,"Komplexný multivitamín na každý deň Aké sú hlavné benefity multivitamínu v doplnku Everyday Essentials? 45 vitamínov, minerálov, bylín, aminokyselín a ďalších užitočných látok (resveratrol či koenzým Q10). V účinnej a dostupnej forme. Základná podpora na každý deň. Viac energie, kognitívna sviežosť a silný imunitný systém. Kvalitná regenerácia, zdravá pokožka, vlasy a nechty. Všetky multivitamínové doplnky majú rovnaký cieľ: doplniť vitamíny a minerály, ktoré nejeme každý deň. Konzumácia pestrej, čerstvej a zdravej stravy je, samozrejme, cieľom každého z nás. Lenže je ťažké ju skutočne dosiahnuť. Multivitamín vám dáva istotu, že máte dobrý denný príjem živín. Stratégia zdravého a pomalého starnutia (anti-ageing) sa začína každodennou starostlivosťou – napĺňaním základných potrieb nášho tela. Zdravá strava a kvalitný multivitamín pokrývajú tieto výživové nároky. Vďaka správnej výžive sú ďalšie kroky proti starnutiu ešte účinnejšie. Everyday Essentials Multivitamin je viac ako len denná odporúčaná dávka vitamínov a minerálov. Forma, dávkovanie a balenie vitamínov odlišuje kvalitné doplnky od tých bežných. Everyday Essentials patrí medzi multivitamíny najvyššej kvality. 45 vitamínov, minerálov, antioxidantov a aminokyselín Vitamíny a minerály si kupujeme kvôli ich funkciám v tele. Naše telo však musí živiny najprv vstrebať až potom ich využiť, kde je potrebné. A keďže forma živín zásadne mení vstrebateľnosť, je lepšie užívať správne množstvo v aktívnej forme než priveľa doplnkov, ktoré nerobia skoro nič. Everyday Essentials Multivitamin obsahuje tie najaktívnejšie vitamínov a minerálov. Efektívne sa vstrebávajú a plnia svoju úlohu. A nezastavili sme sa len pri tom. Individuálne rozdiely každého z nás spôsobujú, že niektoré formy vitamínov nie sú pre každého účinné. Preto Everyday Essentials Multivitamin obsahuje aj viac zdrojov rovnakých vitamínov či minerálov. A vždy obsahuje hlavne takú formu živiny, ktorá funguje pre každého. Dávky živín boli zvolené na základe moderných stravovacích návykov a vedeckého výskumu. S týmto doplnkom získate látky, ktorých práve v súčasnosti jeme menej. Okrem vitamínov a minerálov obsahuje aj ďalšie zložky, ktoré sú podľa výskumov zaujímavé pre naše zdravie. Svojím dielom prispievajú bylinky, aminokyseliny či polyfenoly. Napríklad resveratrol, kurkuma, PQQ a koenzým Q10.",https://powerlogy.com/noordcode-master-formula-multivitamin-60-kapsul,NoordCode,Powerlogy,https://media.powerlogy.com/1/live/20260729123428/70219_everyday-essentials-multivitamin-mockup.png,in_stock,31.95 EUR,,8719327511145,70219,,new,Výživové doplnky > Vitamín B > Vitamín B - komplex,0.1,kg,https://powerlogy.com/,true,14,https://powerlogy.com/o-nakupe/vseobecne-obchodne-podmienky,false,3.83,6,SK,SK,supplement,vitamín-b---komplex,in-stock,single,
447973,Wild and Coco Superhuman Symbiotics 2.0 30 kapsúl,"30 miliárd probiotických baktérií v jednej kapsuli V holistickom prístupe funkčnej medicíny k nášmu tráveniu, imunite a celkovému mentálnemu aj fyzickému zdraviu hrá ľudský mikrobióm kľúčovú úlohu. Nie nadarmo sa v čínskej medicíne po tisícročia označoval ako druhý mozog. Vybrať však naozaj živé a funkčné probiotiká s prebiotikami, ktoré prispejú k významnej podpore črevnej mikroflóry nie je ľahké. Na trhu nájdete veľa riešení, ktoré môžu krátkodobo pomôcť, ale ich sila nie je dostačujúca na trvalejšie premodelovanie črevnej flóry. Z osobných skúseností môžem smelo odporučiť vybrané produkty Wild & Coco z Českej Republiky. Osobne poznám ich vývojárov, ktorí na trh prinášajú jedny z najkomplexnejších symbiotík. Ich efekt som pocítil už za 3 dni užívania a plne spĺňajú moje 3 silné štandardy: Inovatívnosť – citlivo zvolená zmes probiotických kmeňov, ktoré nevytvárajú histamín a regulujú jeho prirodzenú tvorbu. Synergia a výber funkčných foriem – komplex až 28 špecifických kmeňov baktérií spoločne s prebiotikami pre synergický efekt. Dôvera v pôvod a výrobu – eliminujú chemické spracovanie, sú 100 % bez lepku, mlieka či umelín a nepoužívajú lacné kapsule, ktoré majú nežiadúce vedľajšie účinky na trávenie a náš mikrobióm. – Dušan Plichta, zakladateľ Powerlogy V čom sú probiotiká Superhuman iné? Probiotiká Superhuman prinášajú do vašich čriev pokoj a zdravie. Obsahujú 28 bakteriálnych kmeňov, ktoré rady osídľujú ľudské črevá. Svojou činnosťou v črevách podporujú odolnosť, črevnú stenu, celkové fungovanie mikrobiómu a dokonca vytvárajú hormóny radosti. Pred rokmi, pri študovaní mikrobiómu fyzicky a psychicky zdravého človeka, vedci identifikovali jeho hlavné probiotické baktérie. Po niekoľkých rokoch množenia z nich vznikla synergická, teda vzájomne sa podporujúca a vysoko účinná zmes probiotík. Baktérie sú živené ich obľúbenou vlákninou z topinamburu. Tak vďaka svojej odolnosti voči nízkemu pH v žalúdku baktérie do čriev doputujú živé, aktívne a funkčné. Zdravý mikrobióm zaisťuje: vstrebávanie živín z potravy odolnosť voči infekciám emočnú stabilitu a radosť tvorbu tepla zníženie stresu Popis výrobku: Prémiové probiotiká, 30 miliárd prospešných baktérií v jednej kapsuli Počet kapsúl: 30 ks Alergény: neobsahuje Vyrobené na: Česká republika",https://powerlogy.com/wild-and-coco-superhuman-probiotics-30-kapsul,Powerlogy,Powerlogy,https://media.powerlogy.com/1/live/20250827141515/symbiotics20.png,in_stock,39.95 EUR,,8594185396512,70452,,new,Výživové doplnky > Probiotiká,,,https://powerlogy.com/,true,14,https://powerlogy.com/o-nakupe/vseobecne-obchodne-podmienky,false,4.67,9,SK,SK,supplement,probiotiká,in-stock,single,
448532,Powerlogy Upgraded Sport Protein 500 g,"Hovädzí proteín s kolagénom, MCT tukmi a Palatinose®, príchuť kakao • Bez lepku, mlieka a rafinovaného cukru • Ideálny pre aktívnych ľudí a športovcov • Balenie obsahuje cca 10 porcií (1 porcia = 30 g) • 15 g bielkovín na jednu porciu Vlastnosti, vďaka ktorým sa na náš špeciálny proteín môžete spoľahnúť: Spojenie skvelej chuti a funkčného zloženia bez lepku, mlieka, umelých sladidiel a cukru. Vysoký obsah aminokyselín vďaka hydrolyzovanému hovädziemu proteínu s kolagénom. 2 zdroje energie vo forme polysacharidu Palatinose® a MCT tukov. Extra obsah horčíka a draslíka. Prirodzená rozpustnosť v teplých i studených nápojoch. Prírodná chuť pravého kakaa a stévie. Popis výrobku: Bielkovinový prášok z hydrolyzovaného hovädzieho proteínu, s kolagénom, MCT tukmi a kakaom. Hmotnosť: 300 g Zloženie: hovädzí proteín Hydrobeef®, palatinóza, MCT tuky bez laktózy, odtučnený kakaový prášok, citrát malát horečnatý, glukonát draselný, čokoládová aróma, sladidlo: glykozidy steviolu zo stévie. Alergény: Môže obsahovať stopy oxidu siričitého Vyrobené na: Slovensko",https://powerlogy.com/powerlogy-upgraded-sport-protein-500-g,Powerlogy,Powerlogy,https://media.powerlogy.com/1/live/20260521113633/powerlogy-sport-protein-dark-chocolate.png,in_stock,29.95 EUR,,8588010284204,70429,,new,Funkčná výživa > Proteíny > Bezlepkové proteíny,0.5,kg,https://powerlogy.com/,true,14,https://powerlogy.com/o-nakupe/vseobecne-obchodne-podmienky,true,4.81,62,SK,SK,food,bezlepkové-proteíny,in-stock,single,
448534,Powerlogy Organic Whey Protein 650 g,"100 % čistý BIO srvátkový proteín v grass fed kvalite Recept: Proteínové smoothie z kokosového mlieka Chladnejšie jesenné dni sú pre náš organizmus náročnejšie, preto je dôležité vyživovať svoje telo zdravými a chutnými jedlami. Či už aktívne športujete, alebo máte náročné pracovné dni, vyskúšajte náš raňajkový, kokosový nápoj z Whey proteínu so sezónnymi jablkami a voňavou škoricou. Práve vďaka odmerke nášho čistého Proteínu dodáte telu zdravú energiu a dostatok bielkovín, navyše je lahodne krémový a z obyčajného smoothie tak máte naozaj smotanový zážitok so sezónnou vôňou protizápalovej škorice a jabĺk. Postup: 200 ml kokosového, prípadné iného rastlinného alebo kravského mlieka nalejeme do mixéra. Pridáme 1/2 ČL škorice, 2 PL domáceho jabĺkového pyré a 1 odmerku nášho Whey proteínu . Môžeme dochutiť vanilkou, alebo medom či iným sladidlom podľa chuti, my sme zvolili veriu bez cukru. Shake vymixujeme a nalejeme do vysokých pohárov. Dobrú chuť. Vlastnosti, vďaka ktorým sa na náš BIO srvátkový proteín môžete spoľahnúť: Spojenie skvelej chuti a funkčného zloženia bez lepku, umelých sladidiel a cukru. Prémiová nemecká kvalita mlieka z álp. Ľahká stráviteľnosť a rýchla vstrebateľnosť živočíšnych bielkovín. Prirodzená rozpustnosť v teplých i studených nápojoch. Prírodná krémová chuť bez horkosti. V Powerlogy robíme maximum pre vývoj inovatívnych potravín, ktoré v sebe spájajú úžasnú chuť a funkčné benefity. Cieľom je podpora nadpriemerného fyzického aj mentálneho výkonu. Veríme, že kvalitné jedlo mení myslenie. Preto naše produkty spracovávame len minimálne a zachovávame ich vysokú výživovú hodnotu. V Powerlogy je našou vášňou progresívna a efektívna životospráva, ktorá však musí chutiť. Popis výrobku: Organický filtrovaný srvátkový proteín Hmotnosť: 650 g Zloženie: 100% organická srvátková bielkovina (proteínový koncentrát 80%) z certifikovaného ekologického poľnohospodárstva. Alergény: Obsahuje laktózu, môže obsahovať orechy. Vyrobené na: Slovensko",https://powerlogy.com/powerlogy-organic-whey-protein-650-g,Powerlogy,Powerlogy,https://media.powerlogy.com/1/live/20260521113600/powerlogy-whey-protein-organic.png,in_stock,39.95 EUR,,8588009019237,70247,,new,Funkčná výživa > Proteíny > Srvátkové proteíny > Srvátkové proteíny na chudnutie,0.85,kg,https://powerlogy.com/,true,14,https://powerlogy.com/o-nakupe/vseobecne-obchodne-podmienky,true,4.80,45,SK,SK,food,srvátkové-proteíny-na-chudnutie,in-stock,single,
450407,Powerlogy High Protein Bar 50 g,"Proteínová tyčinka zo srvátkového proteínu a kolagénu Vlastnosti, vďaka ktorým sa na našu proteínovú tyčinku môžete spoľahnúť: Vysoký obsah (až 32 %) ľahko stráviteľného mliečneho proteínu. Vysoký obsah prírodnej vlákniny z čakanky, orieškov a kakaa. Nízky obsah cukru a nízky glykemický index. Lahodná chuť prémiového Fino de Aroma kakaa, orieškového kešu masla a jogurtovej polevy. Príjemná textúra bez sypkej konzistencie a gumeného pocitu v ústach. Neobsahuje lepok, sóju ani umelé sladidlá ako maltitol či asparatam. V Powerlogy robíme maximum pre vývoj inovatívnych funkčných potravín, ktoré v sebe spájajú silu čistej chuti a funkčnosti. Cieľom je podpora nadpriemerného fyzického i mentálneho výkonu a kultivácia našej sily. Veríme, že kvalitné jedlo mení myslenie. Preto naše produkty spracovávame len minimálne a zachovávame tak ich vysokú výživovú hodnotu. V Powerlogy je našou vášňou progresívna a efektívna životospráva, ktorá však musí chutiť. V čom je Powerlogy proteínová tyčinka iná? Prinášame nové riešenie rýchleho zdroja bielkovín v podobe snacku. Spájame kvalitné, funkčné zloženie so skvelou chuťou. Túto tyčinku tvoríme pre udržateľnú životosprávu aktívneho človeka, ktorému záleži na zdraví. Proteínové tyčinky sú populárnym zdrojom bielkovín a energie, dokonca zdravších sladkostí na cesty. Žiaľ, väčšina produktov na trhu nespĺňa štandardy kvalitného zloženia alebo lahodnej chuti, a tak nám neprinášajú svoj 100 % potenciál. Často sú plné sóje, nekvalitného proteínu a umelých sladidiel. Vo výsledku majú presladenú, umelú chuť a gumovú alebo sypkú konzistenciu. Taká tyčinka sa ťažko konzumuje s pôžitkom… Preto vám prinášame tyčinku s vyladenou konzistenciou, bez pocitu lepkavosti v ústach. Popis výrobku: Bielkovinová tyčinka s kakaom a MCT tukmi v poleve s jogurtovou príchuťou Hmotnosť: 50 g Zloženie: Mliečny bielkovinový koncentrát 22 %, poleva s jogurtovou príchuťou 18 % (cukor, kokosový tuk, repkový olej, sušená srvátka, jogurtový prášok, regulátor kyslosti: kyselina citrónová; emulgátor: slnečnicový lecitín; aróma), hydrolyzované kolagénové peptidy 13 %, pasta z kešu orieškov a kokosu 12 % (p Alergény: Mlieko, orechy (kešu a mandle) Vyrobené na: Slovensko",https://powerlogy.com/powerlogy-high-protein-bar-50-g,Powerlogy,Powerlogy,https://media.powerlogy.com/1/live/20240312143248/high-protein-bar-50g.png,in_stock,2.65 EUR,2.28 EUR,8588009019268,70228,,new,Funkčná výživa > Proteíny > Bezlepkové proteíny,0.055,kg,https://powerlogy.com/,true,14,https://powerlogy.com/o-nakupe/vseobecne-obchodne-podmienky,true,4.85,115,SK,SK,food,bezlepkové-proteíny,in-stock,single,
450408,Powerlogy Collagen Protein Bar 50 g,"Proteínová tyčinka s kolagénom Vlastnosti, vďaka ktorým sa na našu kolagénovú tyčinku môžete spoľahnúť: Vysoký obsah (až 20 %) hydrolyzovaného hovädzieho kolagénu. Extra vysoký obsah vlákniny (8 g v jednej tyčinke). Nízky obsah cukru a nízky glykemický index. Lahodná chuť cejlónskej škorice, mandlí a kokosu. Príjemná textúra bez sypkej konzistencie a gumeného pocitu v ústach. Neobsahuje lepok, mlieko, sóju ani umelé sladidlá ako maltitol či asparatam. V Powerlogy robíme maximum pre vývoj inovatívnych funkčných potravín, ktoré v sebe spájajú silu čistej chuti a funkčnosti. Cieľom je podpora nadpriemerného fyzického i mentálneho výkonu a kultivácia našej sily. Veríme, že kvalitné jedlo mení myslenie. Preto naše produkty spracovávame len minimálne a zachovávame tak ich vysokú výživovú hodnotu. V Powerlogy je našou vášňou progresívna a efektívna životospráva, ktorá však musí chutiť. V čom je Powerlogy kolagénová tyčinka iná? Prinášame nové riešenie rýchleho zdroja bielkovín, špeciálne kolagénu, v podobe snacku. Spájame kvalitné, funkčné zloženie so skvelou chuťou. Túto tyčinku tvoríme pre udržateľnú životosprávu aktívneho človeka, ktorému záleží na zdraví. Proteínové tyčinky sú populárnym zdrojom bielkovín a energie, dokonca zdravších sladkostí na cesty. Žiaľ, väčšina produktov na trhu nespĺňa štandardy kvalitného zloženia alebo lahodnej chuti, a tak nám neprinášajú svoj 100 % potenciál. Často sú plné sóje, nekvalitného proteínu a umelých sladidiel. Vo výsledku majú presladenú, umelú chuť a gumovú alebo sypkú konzistenciu. Taká tyčinka sa ťažko konzumuje s pôžitkom… Preto vám prinášame tyčinku s vyladenou konzistenciou, bez pocitu lepkavosti v ústach. Popis výrobku: Bielkovinová tyčinka s mandľami, kokosom a škoricou Hmotnosť: 50 g Zloženie: Hydrolyzované kolagénové peptidy 20%, vláknina z čakanky, drvené mandle 14%, kokosový prášok 11%, ryžová bielkovina 10%, zvlhčovadlo: glycerol; strúhaný kokos 7,1%, pasta z pražených kešu orieškov 6,3%, kakaové maslo, voda, mletá cejlónska škorica 0,7%, prírodné arómy, emulgátor: slnečnicový lecitín Alergény: Orechy (kešu a mandle) Vyrobené na: Slovensko",https://powerlogy.com/powerlogy-collagen-protein-bar-50-g,Powerlogy,Powerlogy,https://media.powerlogy.com/1/live/20240312143440/collagen-protein-bar-50g.png,in_stock,2.65 EUR,,8588009019251,70229,,new,Funkčná výživa > Proteínové tyčinky > Bezlepkové müsli tyčinky,0.055,kg,https://powerlogy.com/,true,14,https://powerlogy.com/o-nakupe/vseobecne-obchodne-podmienky,true,4.60,117,SK,SK,food,bezlepkové-müsli-tyčinky,in-stock,single,
450860,Powerlogy Natural Collagen 200 g,"100 % čistý, hydrolyzovaný grass fed kolagén v tubuse • Bez lepku, mlieka a sladidiel • Prirodzene rozpustný hovädzí kolagén s krémovou chuťou • Balenie obsahuje cca 30 porcií (1 porcia = 10 g) • Neobsahuje žiadny cukor ani alergény • Vhodný pre histaminikov* *Histidín, ktorý sa rozkladá na histamín, tvorí len 1 % z celkového obsahu aminokyselín kolagénu, takže vytvára veľmi nízke dávky histamínu. Napriek tomu, pri nízkohistamínovej diéte odporúčame poradiť sa s lekárom ohľadom užívania doplnku.  Popis výrobku: Natural kolagén proteín. Dodatočné info: Typ kolagénu 1 a 3. Hmotnosť: 200 g Zloženie: Hydrolyzovaný hovädzí kolagén peptid. Alergény: Neobsahuje Krajina pôvodu: Francúzsko",https://powerlogy.com/powerlogy-collagen-200-g,Powerlogy,Powerlogy,https://media.powerlogy.com/1/live/20240505215753/natural-collagen-200g-tubus-crop.png,in_stock,21.95 EUR,,8588009019114,70332,,new,Funkčná výživa > Kolagény > Kolagény na kosti a kĺby > Hovädzie kolagény na kĺby,0.58,kg,https://powerlogy.com/,true,14,https://powerlogy.com/o-nakupe/vseobecne-obchodne-podmienky,false,4.65,584,SK,SK,supplement,hovädzie-kolagény-na-kĺby,in-stock,single,
451223,Kaapa Organic Mushrooms Reishi 30 ml,"Duálne extrahovaný BIO výťažok z huby Reishi, bez lepku a prísad Vlastnosti, vďaka ktorým sa môžete na tinktúru z huby Reishi spoľahnúť: Silná, duálne extrahovaná tinktúra. Čistý výťažok z plodnice húb Reishi s vysokou koncentráciou bioaktívnych látok. Užívanie možné kedykoľvek a akokoľvek pridaním do čaju, kávy, smoothie alebo jedla či kvapnutím pod jazyk. Vynikajúca biologická dostupnosť. Bez lepku, mlieka, pridaného škrobu a umelín. Vhodný pre vegánov. Čo je duálna extrakcia? Je to proces, ktorým sa získavajú z húb kľúčové živiny. Sušené plodnice sú podrobené dvojnásobnej extrakcii – horúcou vodou a alkoholom v pomere 1:5. Alkohol sa využíva na uvoľnenie látok, ktoré sú vo vode nerozpustné. Vďaka tomu je tinktúra tak bohatá na účinné látky. Samotný produkt je vyrábaný z plodníc, nie z mycélia (podhubie). Všetky prospešné látky sa totiž nachádzajú v tejto časti huby, ktorá rastie nad povrchom. Niektorí výrobcovia používajú mycélium vypestované v laboratóriách a ich výrobky preto môžu postrádať niektoré účinné látky. Čo je Reishi? Huba Reishi (Ganoderma lucidum) sa v Ázii tradične používa už tisíce rokov. Rastie na kmeňoch a pňoch listnatých stromov a označuje sa ako „božská huba nesmrteľnosti“ – nielen u nás. Patrí medzi najznámejšie a najcenenejšie huby ázijskej tradície. Obsahuje celý rad polysacharidov, najmä beta-glukánov , a tiež triterpény. Obsah Reishi: 161 mg (v 2 ml) Objem: 30 ml Zloženie: výťažok z huby Reishi* (Ganoderma lucidum), alkohol* (25% výťažok), voda. *organická kvalita Alergény: Neobsahuje Vyrobené v: Fínsko",https://powerlogy.com/kaapa-mushrooms-reishi-30-ml,Kaapa,Powerlogy,https://media.powerlogy.com/1/live/20250312135251/reishi-30ml-min.png,out_of_stock,27.95 EUR,,6430071310113,70257,,new,Výživové doplnky > Vegánske vitamíny a doplnky stravy,0.1,kg,https://powerlogy.com/,true,14,https://powerlogy.com/o-nakupe/vseobecne-obchodne-podmienky,false,5.00,2,SK,SK,supplement,vegánske-vitamíny-a-doplnky-stravy,out-of-stock,single,
451226,Kaapa Organic Mushrooms Shiitake 30 ml,"Duálne extrahovaný BIO výťažok z huby Shiitake, bez lepku a prísad Vlastnosti, vďaka ktorým sa môžete na tinktúru z huby Shiitake spoľahnúť: Silná, duálne extrahovaná tinktúra. Čistý výťažok z plodnice húb Shiitake s vysokou koncentráciou bioaktívnych látok. Užívanie možné kedykoľvek a akokoľvek pridaním do čaju, kávy, smoothie alebo jedla či kvapnutím pod jazyk. Vynikajúca biologická dostupnosť. Bez lepku, mlieka, pridaného škrobu a umelín. Vhodný pre vegánov. Čo je duálna extrakcia? Je to proces, ktorým sa získavajú z húb kľúčové živiny. Sušené plodnice sú podrobené dvojnásobnej extrakcii – horúcou vodou a alkoholom v pomere 1:5. Alkohol sa využíva na uvoľnenie látok, ktoré sú vo vode nerozpustné. Vďaka tomu je tinktúra tak bohatá na účinné látky. Samotný produkt je vyrábaný z plodníc, nie z mycélia (podhubie). Všetky prospešné látky sa totiž nachádzajú v tejto časti huby, ktorá rastie nad povrchom. Niektorí výrobcovia používajú mycélium vypestované v laboratóriách a ich výrobky preto môžu postrádať niektoré účinné látky. Čo je Shiitake? V preklade Húževnatec jedlý je pôvodom z Východnej Ázie. V Japonsku je tradične označovaný ako elixír života . Huba prirodzene obsahuje vitamíny D, B2 a B6, lentinan, eritadenín, množstvo polysacharidov (najmä beta-glukánov) a kyselinu linolovú. Huby Shiitake v tomto doplnku pochádzajú zo zodpovedne obhospodarovaných lesov v Laponsku (Fínsko). Huba použitá na prípravu tejto tinktúry rastie vo voľnej prírode za polárnym kruhom. Zbiera sa zodpovedne, s rešpektom k rovnováhe lesného ekosystému. Tinktúru Shiitake môžete užívať po celý rok, obľúbená je najmä v zimných mesiacoch. Obsah Shiitake: 517 mg (v 2 ml) Objem: 30 ml Zloženie: Výťažok zo shiitake* (Lentinula edodes), alkohol* (25% výťažok), voda. *organický Alergény: Neobsahuje Vyrobené v: Fínsko",https://powerlogy.com/kaapa-mushrooms-shiitake-30-ml,Kaapa,Powerlogy,https://media.powerlogy.com/1/live/20250312135313/shiitake-30ml-min.png,in_stock,22.95 EUR,,6430071310151,70260,,new,Výživové doplnky > Vegánske vitamíny a doplnky stravy,0.1,kg,https://powerlogy.com/,true,14,https://powerlogy.com/o-nakupe/vseobecne-obchodne-podmienky,false,,,SK,SK,supplement,vegánske-vitamíny-a-doplnky-stravy,in-stock,single,
451227,Powerlogy Ceremonial Cacao 300 g,"Ceremoniálne kakao z Fino de Aroma bôbov s bohatou chuťou a vysokým obsahom kakaového masla Recept: Horúce a krémové raňajkové kakao s MCT olejom Naša káva s maslom a MCT olejom si získala množstvo priaznivcov, hlavne kvôli čistej energii, ktorou telo zásobíme aby správne fungovalo po celý deň. No pre tých z vás, ktorí kávu nepijú, alebo až neskôr počas dňa, máme lahodnú a sladkú alternatívu: ceremoniálne kakao s MCT olejom ako horúci raňajkový nápoj, plný energie pre telo a mozog. V našom recepte nenájdete rafinovaný cukor, umelé sladidlá a môžu si ho vychutnať vegáni, ľudia s bezlepkovou či bezlaktózovou stravou. Postup: Do menšej misky pridáme peniažky Powerlogy kakaa , 1 PL MCT C8 oleja , trochu teplého rastlinného mlieka a miešaním rozpustíme, prípadne dáme na chvíľu ohriať. Vo vyššom pohári vyšľaháme jemne teplé rastlinné mlieko a do napeneného vlejeme našu pripravenú kakaovú zmes. Všetko spolu jemne premiešame a pre sladšiu chuť môžete pridať javorový sirup alebo med. Recept: Kakaové guľky BEZ cukru Kakao s naším MCT olejom ako horúci štart do dňa už poznáte, čo tak vyskúšať rýchly a zdravý dezert? Pripravte si naše kakaové guľky z 5 surovín podporujúce imunitu, ktoré neobsahujú cukor, mlieko ani lepok a dokonca majú vysoký podiel bielkovín z nášho čistého proteínu s BIO kakaom . Power guľky z nášho kvalitného ceremoniálneho Kakaa sú skvelé ako snack plný čistej energie pre telo i mozog, takže po ich zjedení nepocítite únavu, naopak vás povzbudia na zvládnutie únavného popoludnia. Postup: 5 peniažkov kakaa rozpustíme miešaním spolu s 1 PL MCT C8 oleja v malom množstve horúcej vody. Ku kakaovej zmesy pridáme 1 odmerku Superior proteínu , 3 PL mandľového krému a 1 ČL nášho Kurkumového korenia , podľa potreby ovsenú bezlepkovú múku (vymixované ovsené vločky na jemno). Hmotu v rukách poriadne premiesime a v prípade potreby dolejeme rastlinný nápoj, alebo pridáme viac múky, tak aby sme získali hutnú konzistenciu. Tvarujeme menšie guľky, ktoré obaľujeme v rozpustenom Powerlogy Kakau , ktoré na guľkách príjemne zatuhne a chutne ich obalí. Popis výrobku: Kakao z jemne pražených BIO kakaových bôbov z Peru Hmotnosť: 300 g Zloženie: 100 % BIO kakaové bôby Alergény: Neobsahuje Krajina pôvodu: Peru Vyrobené na: Slovensko",https://powerlogy.com/powerlogy-organic-ceremonial-cacao-300-g,Powerlogy,Powerlogy,https://media.powerlogy.com/1/live/20260521113829/powerlogy-ceremonial-cacao.png,in_stock,19.95 EUR,,8588010284020,70428,,new,Zdravé potraviny > Káva a kakao > Kakao > Ceremoniálne kakao,0.35,kg,https://powerlogy.com/,true,14,https://powerlogy.com/o-nakupe/vseobecne-obchodne-podmienky,true,4.93,97,SK,SK,food,ceremoniálne-kakao,in-stock,single,
464116,Powerlogy Mak a Mandle Krém 475 g,"Veľké balenie sladkého, makovo-orieškového krému so štipkou soli • Bez lepku, mlieka a rafinovaného cukru • Vhodný pre vegetariánov a vegánov • Vhodné pre histaminikov • Balenie obsahuje cca 32 porcií (1 porcia = 15 g) • Len 2,4 g cukru na jednu porciu Po otvorení odporúčame skladovať v chladničke.  Popis výrobku: Mandľovo-makový krém Hmotnosť: 475 g Zloženie: Mak (24 %), mandľa pražená sekaná (23 %), mandľová pasta (22 %), ryžový olej (15,5 %), trstinový cukor (14,5 %), morská soľ (1 %). Alergény: Orechy Krajina pôvodu: USA (mandle) Vyrobené na: Slovensko",https://powerlogy.com/powerlogy-mak-a-mandle-krem-475-g,Powerlogy,Powerlogy,https://media.powerlogy.com/1/live/20260330131359/mak-mandle-krem-velky.webp,out_of_stock,20.95 EUR,,8588009019350,70271,,new,Zdravé potraviny > Orieškové krémy a maslá > Mandľové,0.8,kg,https://powerlogy.com/,true,14,https://powerlogy.com/o-nakupe/vseobecne-obchodne-podmienky,true,4.57,133,SK,SK,food,mandľové,out-of-stock,single,
464481,Powerlogy Almond Cinnamon Cream 475 g,"Veľké balenie sladkého, mandľovo-škoricového krému • Bez lepku, mlieka a rafinovaného cukru • Vhodný pre vegetariánov a vegánov • Vhodný pre histaminikov • Balenie obsahuje cca 32 porcií (1 porcia = 15 g) • Len 4,3 g cukru na jednu porciu Recept: Upgraded výživné nanuky Horúce dni a chladené snacky patria k sebe. Pripravte si s nami banánové nanuky obalené v škoricovo-kakaovej poleve! Osviežite sa, zaženiete chuť na sladké, ale taktiež doplníte zdravé tuky. Navyše, vďaka poleve z nášho Upgraded kakaa podporíte váš mentálny výkon, ale aj zdravie srdca a mikrobiómu. Budú vám stačiť iba 4 ingrediencie: banány, náš mandľovo-škoricový krém , vylepšené kakao a chrumkavé mandle. Postup: 3 banány prekrojíme na polovicu a napichneme na drevené nanukové paličky. Nožom ich potrieme škoricovým krémom po celej dĺžke a položíme na tácku vystlanú papierom na pečenie. Pripravíme si kakaový nápoj z 2 PL Upgraded kakaa a 50 ml rastlinného mlieka, a poriadne premiešame. Banány namáčame v kakaovom nápoji. Banánové nanuky obalené v škoricovo-kakaovej poleve posypeme posekanými mandľami a dáme minimálne na 1 hodinu do mrazničky. Na záver už len vychutnávame! Popis výrobku: Orieškový krém z mandlí a škorice Hmotnosť: 475 g Zloženie: mandle pražené 72 %, trstinový cukor 25 %, škorica 2 %, morská soľ 1 %. Alergény: Orechy Vyrobené na: Slovensko",https://powerlogy.com/powerlogy-almond-cinnamon-cream-475-g,Powerlogy,Powerlogy,https://media.powerlogy.com/1/live/20260330131421/cinnamon-krem-velky.webp,out_of_stock,20.95 EUR,,8588009019343,70270,,new,Zdravé potraviny > Orieškové krémy a maslá > Mandľové,0.8,kg,https://powerlogy.com/,true,14,https://powerlogy.com/o-nakupe/vseobecne-obchodne-podmienky,true,4.43,56,SK,SK,food,mandľové,out-of-stock,single,
465429,Powerlogy Upgraded Organic Turmeric 300 g,"BIO kurkuma s čiernym korením, zázvorom, škoricou a adaptogénmi • Bez lepku, mlieka a pridaného cukru • Vhodné pre histaminikov • Balenie obsahuje cca 60 porcií (1 porcia = 5 g) • Len 0,15 g cukru na jednu porciu Zakladateľ Powerlogy: Za Upgraded líniou stojí veda Prémiovú líniu Powerlogy Upgraded som vytvoril pre najnáročnejších zákazníkov, ktorí hľadajú maximálnu kvalitu. Upgraded produkty sú obohatené o inovatívne ingrediencie ako MCT olej, prebiotická vláknina, adaptogény či bioaktívne látky. Receptúry vyvíjam na základe najnovších vedeckých poznatkov. Kombinujem rôzne zložky tak, aby spolu tvorili vyváženú a chutnú receptúru. Receptúry konzultujem s odbornou vedeckou radou, s ktorou v Powerlogy úzko spolupracujeme. Upgraded produkty odporúčam ako riešenie pre ľudí, ktorí chcú spoľahlivý zdroj energie a výživy na každý deň. – Dušan Plichta, zakladateľ Powerlogy a tvorca produktov Popis výrobku: BIO mix kurkumy s kokosom, ašvagandou a čiernym korením Hmotnosť: 300 g Zloženie: BIO kurkuma 42,67 %, BIO sušené kokosové mlieko 30 %, BIO maca v prášku, BIO škorica v prášku, BIO zázvor, morská soľ, BIO ašvaganda 2 %, BIO mleté čierne korenie 1,5 %, BIO kardamóm, BIO čili. Alergény: Neobsahuje Vyrobené na: Slovensko",https://powerlogy.com/powerlogy-upgraded-organic-turmeric-300-g,Powerlogy,Powerlogy,https://media.powerlogy.com/1/live/20260521113614/powerlogy-upgraded-organic-tumeric.png,in_stock,25.95 EUR,14.95 EUR,8588009019381,70263,,new,Funkčná výživa > Superpotraviny > Kurkuma,0.3,kg,https://powerlogy.com/,true,14,https://powerlogy.com/o-nakupe/vseobecne-obchodne-podmienky,true,4.84,83,SK,SK,food,kurkuma,in-stock,single,
465431,Powerlogy Upgraded Organic Cacao 300 g,"Nepražené BIO kakao s medicínskymi hubami Chaga a Lions Mane z Fínska • Bez lepku, mlieka a pridaného cukru • Silná podpora mozgu • Balenie obsahuje cca 20 porcií (1 porcia = 15 g) • Len 1,2 g cukru na jednu porciu V čom je vylepšené kakao unikátne? Nová línia Powerlogy produktov s označením Upgraded je unikátna svojou receptúrou. Každý Powerlogy produkt v sebe spája skvelú chuť a vysokú výživovú hodnotu. Upgraded línia ide ešte ďalej. Receptúra týchto produktov je založená na moderných vedeckých poznatkoch a je vyladená do posledného detailu. Dodá vám extra energiu a je priamou posilou konkrétnych funkcií tela. V prípade Upgraded kakaa ide najmä o nabudenie nervového systému. Samotný povzbudzujúci efekt teobromínu v kakau sme vylepšili o medicínske huby Lion’s Mane a Chaga pestované za polárnym kruhom vo Fínsku. Táto kombinácia citeľne dodáva energiu pri zachovaní nízkeho obsahu kofeínu. K tomu pripočítajte podporu kardiovaskulárneho systému a zlepšenie nálady. O to sa postará skvelá chuť aj vplyv teobromínu na vyplavenie dopamínu. Na dosiahnutie synergie duševných a fyzických účinkov sme do receptúry pridali čakankovú vlákninu. S jej prebiotickými vlastnosťami pôsobí ako výživa dobrých baktérií v mikrobióme. Účinky týchto funkčných ingrediencií sú potvrdené značným počtom vedeckých štúdií. Ich efekt sme konzultovali aj s odbornou vedeckou radou, s ktorou v Powerlogy spolupracujeme. Upgraded Organic Cacao je maximálne inovatívny a 100 % prírodný superfood. Popis výrobku: BIO nealkalizovaný kakaový prášok obohatený o Kaapa Health Lion's Mane (Hericium erinaceus) a Chagu (Inonotus obliquus) pestovanú vo Fínsku Hmotnosť: 300 g Zloženie: BIO kakaový prášok so zníženým obsahom tuku (nealkalizovaný) 49,4 %, BIO maca prášok, BIO čakanková oligofruktóza (čiastočne enzymaticky hydrolyzovaný inulín), BIO cejlónska škorica (Cinnamomum verum), BIO extrakt z húb (extrakt z Lion's Mane a Chaga v prášku, spolu 2400 mg na 100 g v pomere 5:3), B Alergény: Neobsahuje Vyrobené na: Slovensko",https://powerlogy.com/powerlogy-upgraded-organic-cacao-300-g,Powerlogy,Powerlogy,https://media.powerlogy.com/1/live/20260521113625/powerlogy-upgraded-organic-cacao.png,in_stock,25.95 EUR,14.95 EUR,8588009019398,70273,,new,Zdravé potraviny > Káva a kakao > Kakao,0.3,kg,https://powerlogy.com/,true,14,https://powerlogy.com/o-nakupe/vseobecne-obchodne-podmienky,true,4.84,50,SK,SK,food,kakao,in-stock,single,
465966,Powerlogy High Protein Bar 24 x 50 g,"XXL balenie tyčinky zo srvátkového proteínu, kakaa a bieleho jogurtu Vlastnosti, vďaka ktorým sa na našu proteínovú tyčinku môžete spoľahnúť: Vysoký obsah (až 32 %) ľahko stráviteľného mliečneho proteínu. Vysoký obsah prírodnej vlákniny z čakanky, orieškov a kakaa. Nízky obsah cukru a nízky glykemický index. Lahodná chuť prémiového Fino de Aroma kakaa, orieškového kešu masla a jogurtovej polevy. Príjemná textúra bez sypkej konzistencie a gumeného pocitu v ústach. Neobsahuje lepok, sóju ani umelé sladidlá ako maltitol či aspartam. V Powerlogy robíme maximum pre vývoj inovatívnych funkčných potravín, ktoré v sebe spájajú silu čistej chuti a funkčnosti. Cieľom je podpora nadpriemerného fyzického i mentálneho výkonu a kultivácia našej sily. Veríme, že kvalitné jedlo mení myslenie. Preto naše produkty spracovávame len minimálne a zachovávame tak ich vysokú výživovú hodnotu. V Powerlogy je našou vášňou progresívna a efektívna životospráva, ktorá však musí chutiť. V čom je Powerlogy proteínová tyčinka iná? Prinášame nové riešenie rýchleho zdroja bielkovín v podobe snacku. Spájame kvalitné, funkčné zloženie so skvelou chuťou. Túto tyčinku tvoríme pre udržateľnú životosprávu aktívneho človeka, ktorému záleži na zdraví. Proteínové tyčinky sú populárnym zdrojom bielkovín a energie, dokonca zdravších sladkostí na cesty. Žiaľ, väčšina produktov na trhu nespĺňa štandardy kvalitného zloženia alebo lahodnej chuti, a tak nám neprinášajú svoj 100 % potenciál. Často sú plné sóje, nekvalitného proteínu a umelých sladidiel. Vo výsledku majú presladenú, umelú chuť a gumovú alebo sypkú konzistenciu. Taká tyčinka sa ťažko konzumuje s pôžitkom… Preto vám prinášame tyčinku s vyladenou konzistenciou, bez pocitu lepkavosti v ústach. Popis výrobku: Bielkovinová tyčinka s kakaom a MCT tukmi v poleve s jogurtovou príchuťou Hmotnosť: 24 × 50 g Zloženie: Mliečny bielkovinový koncentrát 22 %, poleva s jogurtovou príchuťou 18 % (cukor, kokosový tuk, repkový olej, sušená srvátka, jogurtový prášok, regulátor kyslosti: kyselina citrónová; emulgátor: slnečnicový lecitín; aróma), hydrolyzované kolagénové peptidy 13 %, pasta z kešu orieškov a kokosu 12 % (p Alergény: Mlieko, orechy (kešu a mandle) Vyrobené na: Slovensko",https://powerlogy.com/powerlogy-high-protein-bar-50-g-2,Powerlogy,Powerlogy,https://media.powerlogy.com/1/live/20240325173149/high-protein-bar-24ks-v1.png,in_stock,63.60 EUR,53.95 EUR,,70228_24,,new,Funkčná výživa > Proteíny > Srvátkové proteíny,0.1,kg,https://powerlogy.com/,true,14,https://powerlogy.com/o-nakupe/vseobecne-obchodne-podmienky,true,4.85,115,SK,SK,food,srvátkové-proteíny,in-stock,single,
465968,Powerlogy Collagen Protein Bar 24 x 50 g,"XXL balenie tyčinky s dennou dávkou kolagénu, mandľami, kokosom a škoricou Vlastnosti, vďaka ktorým sa na našu kolagénovú tyčinku môžete spoľahnúť: Vysoký obsah (až 20 %) hydrolyzovaného hovädzieho kolagénu. Extra vysoký obsah vlákniny (8 g v jednej tyčinke). Nízky obsah cukru a nízky glykemický index. Lahodná chuť cejlónskej škorice, mandlí a kokosu. Príjemná textúra bez sypkej konzistencie a gumeného pocitu v ústach. Neobsahuje lepok, mlieko, sóju ani umelé sladidlá ako maltitol či aspartam. V Powerlogy robíme maximum pre vývoj inovatívnych funkčných potravín, ktoré v sebe spájajú silu čistej chuti a funkčnosti. Cieľom je podpora nadpriemerného fyzického i mentálneho výkonu a kultivácia našej sily. Veríme, že kvalitné jedlo mení myslenie. Preto naše produkty spracovávame len minimálne a zachovávame tak ich vysokú výživovú hodnotu. V Powerlogy je našou vášňou progresívna a efektívna životospráva, ktorá však musí chutiť. V čom je Powerlogy kolagénová tyčinka iná? Prinášame nové riešenie rýchleho zdroja bielkovín, špeciálne kolagénu, v podobe snacku. Spájame kvalitné, funkčné zloženie so skvelou chuťou. Túto tyčinku tvoríme pre udržateľnú životosprávu aktívneho človeka, ktorému záleží na zdraví. Proteínové tyčinky sú populárnym zdrojom bielkovín a energie, dokonca zdravších sladkostí na cesty. Žiaľ, väčšina produktov na trhu nespĺňa štandardy kvalitného zloženia alebo lahodnej chuti, a tak nám neprinášajú svoj 100 % potenciál. Často sú plné sóje, nekvalitného proteínu a umelých sladidiel. Vo výsledku majú presladenú, umelú chuť a gumovú alebo sypkú konzistenciu. Taká tyčinka sa ťažko konzumuje s pôžitkom… Preto vám prinášame tyčinku s vyladenou konzistenciou, bez pocitu lepkavosti v ústach. Popis výrobku: Bielkovinová tyčinka s mandľami, kokosom a škoricou Hmotnosť: 24 × 50 g Zloženie: Hydrolyzované kolagénové peptidy 20%, vláknina z čakanky, drvené mandle 14%, kokosový prášok 11%, ryžová bielkovina 10%, zvlhčovadlo: glycerol; strúhaný kokos 7,1%, pasta z pražených kešu orieškov 6,3%, kakaové maslo, voda, mletá cejlónska škorica 0,7%, prírodné arómy, emulgátor: slnečnicový lecitín Alergény: Orechy (kešu a mandle) Vyrobené na: Slovensko",https://powerlogy.com/powerlogy-collagen-protein-bar-50-g-2,Powerlogy,Powerlogy,https://media.powerlogy.com/1/live/20241204144219/collagen-protein-bar-24ks-min.png,in_stock,63.60 EUR,53.95 EUR,,70229_24,,new,Funkčná výživa > Proteínové tyčinky > Bezlepkové müsli tyčinky,0.1,kg,https://powerlogy.com/,true,14,https://powerlogy.com/o-nakupe/vseobecne-obchodne-podmienky,true,4.60,117,SK,SK,food,bezlepkové-müsli-tyčinky,in-stock,single,
465983,Powerlogy Chocobar 70 % 10 x 50 g,"XXL balenie 70 % čokolády s lieskovými orechmi Vlastnosti, vďaka ktorým sa na našu BIO 70 % čokoládu môžete spoľahnúť: Bez mlieka, bez lepku, bez lecitínu , bez arašidov, palmového oleja či umelých konzervantov. Výroba Bean-to-Bar, čo znamená, že kakaové bôby sa pražia, melú a spracovávajú priamo na Slovensku . 70 % obsah kakaa (odroda Criollo) a trstinový cukor pre novú dimenziu prírodnej sladkosti. Výberové ingrediencie v BIO kvalite. Detailné laboratórne testy na kontrolu ochratoxínov, aflatoxínov a oxidácie orechov. Powerlogy čokolády spĺňajú najvyššie kritériá kvality a ich cieľom je nielen výnimočná chuť , ale aj vysoká výživová hodnota a funkčnosť . V Powerlogy je našou vášňou progresívna a efektívna životospráva. Prečo Powerlogy Organic Chocobar 70 %? V Powerlogy chceme pomôcť zlepšovať stravovacie návyky rodín a to hlavne v prípade raňajok a snackov. Čokoláda je jednou z najobľúbenejších sladkostí, no bohužiaľ nie v kvalite a štandardoch, ktorými by mohla naozaj prispieť k vylepšenej životospráve. Po dlhom vývoji a testovaní napokon vznikla nová receptúra unikátnej BIO čokolády s celými lieskovcami a trstinovým cukrom . Množstvo orechov a kakaa, ktoré je bežne dostupné na trhu, totiž podlieha oxidácii a často obsahuje aflatoxíny. My sme sa však rozhodli pre najvyššiu BIO kvalitu. Aj preto máme ambície exportovať do zahraničia, kde je v našom segmente akceptovaná len 100 % kvalita. Popis výrobku: BIO 70 % horká čokoláda s lieskovými orechmi Hmotnosť: 10 × 50 g Zloženie: BIO kakaová hmota 50,4 %, BIO trstinový cukor 25,2 %, BIO lieskové orechy 16 %, BIO kakaové maslo 8,4 %. Alergény: Orechy Krajina pôvodu: Kolumbia, Turecko Vyrobené na: Slovensko",https://powerlogy.com/powerlogy-organic-chocobar-70-50-g,Powerlogy,Powerlogy,https://media.powerlogy.com/1/live/20250825101515/choco-70-fino-10-pack.png,in_stock,34.50 EUR,29.55 EUR,,70434_10,,new,Zdravé potraviny > Čokoláda a snacky > Čokolády > Bean-to-Bar,0.6,kg,https://powerlogy.com/,true,14,https://powerlogy.com/o-nakupe/vseobecne-obchodne-podmienky,true,4.58,113,SK,SK,food,bean-to-bar,in-stock,single,
465985,Powerlogy Kurkuma Chocobar 10 x 50 g,"XXL balenie bielej čokolády s mandľami a kurkumou Vlastnosti, vďaka ktorým sa na našu BIO bielu kurkumovú čokoládu môžete spoľahnúť: Bez mlieka, bez lepku, bez arašidov, palmového oleja či umelých konzervantov. Výroba Bean-to-Bar, čo znamená, že kakaové bôby sa pražia, melú a spracovávajú priamo na Slovensku . 40 % obsah kakaového masla (odroda Criollo) a trstinový cukor pre novú dimenziu prírodnej sladkosti. Výberové ingrediencie v BIO kvalite. Bez obsahu kakaového prášku – vhodná aj pre histaminikov. Detailné laboratórne testy na kontrolu ochratoxínov, aflatoxínov a oxidácie orechov. Powerlogy čokolády spĺňajú najvyššie kritériá kvality a ich cieľom je nielen výnimočná chuť , ale aj vysoká výživová hodnota a funkčnosť . V Powerlogy je našou vášňou progresívna a efektívna životospráva. Kvalitnej výberovej čokoláde sa venujeme už roky. Už roky pre vás vyrábame lahodnú 70 % čokoládu s veľkými lieskovcami. Neskôr sme priniesli aj inováciu v podobe 90 % čokolády s MCT olejom a posekanými kakaovými bôbmi – chutnú, no funkčnú keto tyčinku. Tentokrát sme posunuli svoju kreativitu aj hranice gurmánskej fantázie na novú úroveň. Vymysleli sme čokoládu, ktorá je svojím spôsobom absolútne unikátna. Vymysleli sme žltú čokoládu. Teda bielu čokoládu. Nie nie, vymysleli sme žltú čokoládu! Prvú BIO žltú čokoládu na Slovensku. Kakaové maslo a protizápalová kurkuma, to je chutná a funkčná čokoláda bez alergénov. Nová unikátna Powerlogy čokoláda je jednoduchá zložením, no komplexná chuťou. 40 % zloženia tvorí pravá biela čokoláda z kakaového masla. Ďalej je osladená trstinovým cukrom a vylepšená protizápalovou kurkumou. Tá jej dáva nádhernú špecifickú farbu a robí z nej skutočne funkčnú čokoládu. Popis výrobku: BIO 40 % Vegánska tyčinka s kakaovým maslom, kurkumou, mandľami a kokosom Hmotnosť: 10 × 50 g Zloženie: BIO kakaové maslo 40 %, BIO trstinový cukor 34,8 %, BIO ryžový sirup 14,55 %, BIO mandle 4,56 %, BIO strúhaný kokos 3,82 %, BIO kurkuma 2 %, emulgátor: slnečnicový lecitín 0,09 %, morská soľ 0,09 %, vanilkový extrakt 0,09 %. Alergény: Orechy Vyrobené na: Slovensko",https://powerlogy.com/powerlogy-organic-kurkuma-chocobar-50-g,Powerlogy,Powerlogy,https://media.powerlogy.com/1/live/20251017150543/choco-kurkuma-10-pack-1.png,in_stock,34.50 EUR,,,70435_10,,new,Zdravé potraviny > Čokoláda a snacky > Čokolády > Bean-to-Bar,0.1,kg,https://powerlogy.com/,true,14,https://powerlogy.com/o-nakupe/vseobecne-obchodne-podmienky,true,4.80,54,SK,SK,food,bean-to-bar,in-stock,single,
465986,Powerlogy Nougat Cream 10 x 50 g,"XXL balenie lieskovoorieškového krému s pravým kakaom Vlastnosti, vďaka ktorým sa na náš nugátový krém môžete spoľahnúť: Lieskové oriešky výberovej kvality. Jemná textúra pre jednoduché vychutnávanie aj trávenie. 100 % bez palmového oleja, emulzifikátorov a umelých konzervantov. 100 % prírodné zloženie bez rafinovaného cukru. Detailné laboratórne testy na kontrolu ochratoxínov, aflatoxínov a oxidácie orechov. Nugátové krémy Powerlogy spĺňajú najvyššie kritériá kvality a ich cieľom je nielen výnimočná chuť, ale aj vysoká výživová hodnota. V Powerlogy sa snažíme urobiť maximum pre vývoj produktov, ktoré v sebe spájajú silu čistej chuti a funkčnosti pre extra energiu a nadpriemerný fyzický i mentálny výkon. Veríme, že kvalitné jedlo mení myslenie, a preto majú všetky naše produkty vysokú výživovú hodnotu. V Powerlogy je našou vášňou progresívna a efektívna životospráva. Ako vznikol Powerlogy Nougat Cream V Powerlogy chceme pomôcť zlepšovať stravovacie návyky rodín a to hlavne v prípade raňajok a snackov. Určite poznáte slávnu orieškovú nátierku začínajúcu sa písmenom N a končiacu na TELLA. Napriek jej zloženiu, ktoré má podľa nás naozaj ďaleko od optima, ju každodenne konzumuje veľké množstvo ľudí vrátane žien a detí. Mnohí vedia, že je to nezdravé, no často podľahnú túžiacim detským očiam. Nám to nedalo a vytvorili sme zdravú alternatívu tejto maškrty, ktorú môžete pokojne dopriať sebe aj svojim deťom (samozrejme, nemáme na mysli prejedanie). Po dlhom vývoji vznikla receptúra, ktorá vás svojou chuťou aj konzistenciou dostane. Náš orieškový nugát je jednoduchý zložením, no komplexný chuťou. Nájdete v ňom len prvotriedne lieskovce, výberové kakao, prijateľné množstvo trstinového cukru a štipku soli. Popis výrobku: Lieskovoorieškový krém s kakaom v praktickom balení. Hmotnosť: 12 × 50 g Zloženie: lieskovce pražené 50 %, kakaová hmota 30 % (kakaový prášok, kakaové maslo), trstinový cukor 19,8 %, soľ 0,2 %. Alergény: Orechy Vyrobené na: Česká republika",https://powerlogy.com/powerlogy-nougat-cream-50-g,Powerlogy,Powerlogy,https://media.powerlogy.com/1/live/20241227131711/nougat-snack-10-min.png,in_stock,35.50 EUR,,,70224_10,,new,Zdravé potraviny > Čokoláda a snacky > Bezlepkové tyčinky,0.84,kg,https://powerlogy.com/,true,14,https://powerlogy.com/o-nakupe/vseobecne-obchodne-podmienky,true,4.91,46,SK,SK,food,bezlepkové-tyčinky,in-stock,single,
468174,Powerlogy Upgraded Collagen Complex 300 g,"Multikolagénový komplex s extra glycínom a vitamínom C, bez príchute • Bez lepku, mlieka a sóje • Zvyšuje tvorbu kolagénu v tele • Balenie obsahuje cca 20 porcií (1 porcia = 15 g) • Neobsahuje žiadny cukor ani sladidlá Toto je vysoko funkčný produkt. Ak preferujete kolagén s neutrálnou chuťou, odporúčame vám Powerlogy Natural Collagen . Zakladateľ Powerlogy: Za Upgraded líniou stojí veda Prémiovú líniu Powerlogy Upgraded som vytvoril pre najnáročnejších zákazníkov, ktorí hľadajú maximálnu kvalitu a účinnosť. Upgraded produkty sú obohatené o inovatívne ingrediencie ako MCT olej, prebiotická vláknina, adaptogény či bioaktívne látky. Receptúry vyvíjam na základe najnovších vedeckých poznatkov. Kombinujem účinky rôznych zložiek, aby vám dodali energiu a podporili konkrétne funkcie tela – imunita, trávenie, regenerácia či fyzická a mentálna výkonnosť. Funkčné benefity konzultujem s odbornou vedeckou radou, s ktorou v Powerlogy úzko spolupracujeme. Upgraded produkty odporúčam ako riešenie pre ľudí, ktorí chcú spoľahlivý zdroj energie a výživy na každý deň. – Dušan Plichta, zakladateľ Powerlogy a tvorca produktov Popis výrobku: Bielkovinový prášok z hovädzieho, rybacieho a kolagénu zo stien vaječných škrupín Hmotnosť: 300 g Zloženie: bielkovina z kolagénového komplexu a L-glycín. Alergény: vajcia a výrobky z nich, ryby a výrobky z nich, oxid siričitý a siričitany Vyrobené na: Slovensko",https://powerlogy.com/powerlogy-upgraded-collagen-complex-300-g,Powerlogy,Powerlogy,https://media.powerlogy.com/1/live/20260521113746/powerlogy-collagen-white.png,in_stock,37.95 EUR,,8588009019374,70272,,new,Funkčná výživa > Kolagény > Kolagény na kosti a kĺby > Hovädzie kolagény na kĺby,0.3,kg,https://powerlogy.com/,true,14,https://powerlogy.com/o-nakupe/vseobecne-obchodne-podmienky,false,3.98,148,SK,SK,supplement,hovädzie-kolagény-na-kĺby,in-stock,single,
470382,Powerlogy Upgraded Nougat Cream 330 g,"Horký lieskovoorieškový nugát s prebiotickou vlákninou a MCT tukmi • Bez lepku, mlieka a pridaného cukru • Až 3,6 g prebiotickej vlákniny na porciu • 1,5 g extra MCT tukov na porciu • Balenie obsahuje cca 22 porcií (1 porcia = 15 g) • Len 0,5 g cukru na jednu porciu V čom je vylepšený nugát unikátny? Nová línia Powerlogy produktov s označením Upgraded je unikátna svojou receptúrou. Každý Powerlogy produkt v sebe spája skvelú chuť a vysokú výživovú hodnotu. Upgraded línia ide ešte ďalej. Receptúra týchto produktov je založená na moderných vedeckých poznatkoch a je vyladená do posledného detailu. Dodá vám extra energiu a je priamou posilou konkrétnych funkcií tela. V prípade Upgraded nugátu ide najmä o elimináciu cukru v orieškových krémoch raz a navždy. Vytvorili sme receptúru s MCT olejom, vysokým obsahom vlákniny a skvelou chuťou. Upgraded Nougat tak spĺňa náročné low-carb štandardy. Náš inovatívny lieskovoorieškový krém vám pomôže s výživou mikrobiómu, zdravým pocitom sýtosti, optimálnou hladinou cukru v krvi a rýchlym zdrojom energie v podobe MCT tukov. A to všetko bez záťaže trávenia. V produkte nenájdete žiadny pridaný cukor, ani umelé sladidlá. Namiesto toho sme skvelú chuť dosiahli pravým kakaom, kvalitnými lieskovcami, štipkou soli a prirodzene sladkastou prebiotickou vlákninou. O úžasne hladkú textúru sa postará 10 % MCT oleja v zložení a vysokoprofesionálna výroba. Účinky funkčných ingrediencií sú potvrdené značným počtom vedeckých štúdií. Ich efekt sme konzultovali aj s odbornou vedeckou radou, s ktorou v Powerlogy spolupracujeme. Upgraded Nougat je maximálne inovatívny a 100 % prírodný orieškový krém. Popis výrobku: Orieškový krém z lieskovcov, čokolády a MCT sladený čakankovou vlákninou Hmotnosť: 330 g Zloženie: lieskovce natural, BIO oligofruktóza z čakanky, MCT kokosový olej (10 %), kakaová hmota, kakaový prášok 10-12 %, morská soľ. Alergény: Orechy Vyrobené na: Slovensko",https://powerlogy.com/upgraded-nougat-cream,Powerlogy,Powerlogy,https://media.powerlogy.com/1/live/20260407173825/powerlogy-upgraded-nougat-330.webp,in_stock,17.95 EUR,,8588009019428,70280,,new,Zdravé potraviny > Orieškové krémy a maslá > Kokosové krémy,0.6,kg,https://powerlogy.com/,true,14,https://powerlogy.com/o-nakupe/vseobecne-obchodne-podmienky,true,4.39,76,SK,SK,food,kokosové-krémy,in-stock,single,
471752,Powerlogy Upgraded Collagen Bar Dark Chocolate 50 g,"Tyčinka so hydrolyzovaným kolagénom, prebiotickou vlákninou, kokosom a horkou čokoládou • Bez lepku, mlieka a orechov • Denná dávka kolagénu (10 g) • Nízky obsah cukru a veľké množstvo vlákniny • Ľahké trávenie • Neobsahuje umelé sladidlá V čom je vylepšená kolagénová tyčinka unikátna? Nová línia Powerlogy produktov s označením Upgraded je unikátna svojou receptúrou. Každý Powerlogy produkt v sebe spája skvelú chuť a vysokú výživovú hodnotu. Upgraded línia ide ešte ďalej. Receptúra týchto produktov je založená na moderných vedeckých poznatkoch a je vyladená do posledného detailu. Dodá vám extra energiu a je priamou posilou konkrétnych funkcií tela. V prípade Upgraded Collagen Bar ide najmä o vysokú podporu regenerácie bunkových tkanív. Kolagén je najzastúpenejším proteínom v ľudskom tele, tvorí približne 30 % všetkých bielkovín. Skladá sa z neho koža, vlasy, nechty, zuby, orgány, tepny, chrupavky, kosti, šľachy a väzy. Kolagén je preto kľúčovou látkou v boji proti starnutiu. Navyše strata kolagénu môže začať celé desaťročie pred stratou svalovej hmoty. S našou inovatívnou kolagénovou tyčinkou máte zabezpečený príjem funkčnej dávky kolagénu (10 g v jednej tyčinke). Vytvorili sme receptúru s MCT olejom, vysokým obsahom vlákniny a skvelou chuťou. Nielenže vám Upgraded Collagen Bar dodá dennú dávku kvalitného kolagénu, ale pomôže so zdravým pocitom sýtosti, optimálnou hladinou cukru v krvi a rýchlym zdrojom energie v podobe MCT tukov. A to všetko s veľmi nízkym obsahom cukru a bez záťaže trávenia. V produkte nenájdete žiadne umelé sladidlá. Namiesto toho sme skvelú „bounty“ chuť dosiahli polevou z horkej čokolády, čerstvým kokosom a malým množstvom prírodnej stévie. O extra energiu a šťavnatosť tyčinky sa postará Popis výrobku: Proteínová tyčinka s kokosom v horkej čokoláde Hmotnosť: 50 g Zloženie: Hydrolyzované kolagénové peptidy 20 %, horká čokoláda 20 % (kakaová hmota, cukor, kakaový prášok so zníženým množstvom tuku, kakaové maslo, emulgátory: sójový lecitín, polyglycerolpolyricínoleát; extrakt Bourbon vanilky), vláknina z čakanky, zvlhčovadlo: glycerol; kokosový prášok 9,5 %, strúhaný kok Alergény: Neobsahuje Vyrobené na: Slovensko",https://powerlogy.com/powerlogy-upgraded-collagen-bar-50-g,Powerlogy,Powerlogy,https://media.powerlogy.com/1/live/20250625162355/upgraded-collagen-bar-ingrediencia.png,out_of_stock,2.95 EUR,2.55 EUR,8588009019435,70281,,new,Funkčná výživa > Kolagény > Kolagény na kosti a kĺby > Hovädzie kolagény na kĺby,0.055,kg,https://powerlogy.com/,true,14,https://powerlogy.com/o-nakupe/vseobecne-obchodne-podmienky,false,4.87,249,SK,SK,supplement,hovädzie-kolagény-na-kĺby,out-of-stock,single,
472539,Powerlogy Upgraded Collagen Bar Dark Chocolate 24 x 50 g,"XXL balenie tyčinky s dennou dávkou kolagénu, prebiotickou vlákninou, kokosom a horkou čokoládou • Bez lepku, mlieka a orechov • Nízky obsah cukru a veľké množstvo vlákniny • Ľahké trávenie • Neobsahuje umelé sladidlá 30 % všetkých bielkovín tvorí kolagén Nová línia Powerlogy produktov s označením Upgraded je unikátna svojou receptúrou. Každý Powerlogy produkt v sebe spája skvelú chuť a vysokú výživovú hodnotu. Upgraded línia ide ešte ďalej. Receptúra týchto produktov je založená na moderných vedeckých poznatkoch a je vyladená do posledného detailu. Dodá vám extra energiu a je priamou posilou konkrétnych funkcií tela. V prípade Upgraded Collagen Bar ide najmä o vysokú podporu regenerácie bunkových tkanív. Kolagén je najzastúpenejším proteínom v ľudskom tele, tvorí približne 30 % všetkých bielkovín. Skladá sa z neho koža, vlasy, nechty, zuby, orgány, tepny, chrupavky, kosti, šľachy a väzy. Kolagén je preto kľúčovou látkou v boji proti starnutiu. Navyše strata kolagénu môže začať celé desaťročie pred stratou svalovej hmoty. Popis výrobku: Proteínová tyčinka s kokosom v horkej čokoláde Hmotnosť: 24 × 50 g Zloženie: Hydrolyzované kolagénové peptidy 20 %, horká čokoláda 20 % (kakaová hmota, cukor, kakaový prášok so zníženým množstvom tuku, kakaové maslo, emulgátory: sójový lecitín, polyglycerolpolyricínoleát; extrakt Bourbon vanilky), vláknina z čakanky, zvlhčovadlo: glycerol; kokosový prášok 9,5 %, strúhaný kok Alergény: Neobsahuje Vyrobené na: Slovensko",https://powerlogy.com/powerlogy-upgraded-collagen-bar-24-x-50-g,Powerlogy,Powerlogy,https://media.powerlogy.com/1/live/20241113154512/upgr-collagen-bar-24.png,out_of_stock,70.80 EUR,59.95 EUR,,70281_24,,new,Funkčná výživa > Kolagény > Kolagény na kosti a kĺby > Hovädzie kolagény na kĺby,0.1,kg,https://powerlogy.com/,true,14,https://powerlogy.com/o-nakupe/vseobecne-obchodne-podmienky,false,4.87,249,SK,SK,supplement,hovädzie-kolagény-na-kĺby,out-of-stock,single,
475270,Powerlogy Upgraded Organic Greens 300 g,"BIO superfood mix 7 zelených potravín a prebiotickej vlákniny • Bez lepku, mlieka a pridaného cukru • Výživa + podpora trávenia a mikrobiómu • Vhodné pre histaminikov • Balenie obsahuje cca 30 porcií (1 porcia = 10 g) • Len 0,39 g cukru na jednu porciu Zakladateľ Powerlogy: Za Upgraded líniou stojí veda Prémiovú líniu Powerlogy Upgraded som vytvoril pre najnáročnejších zákazníkov, ktorí hľadajú maximálnu kvalitu a účinnosť. Upgraded produkty sú obohatené o inovatívne ingrediencie ako MCT olej, prebiotická vláknina, adaptogény či bioaktívne látky. Receptúry vyvíjam na základe najnovších vedeckých poznatkov. Kombinujem účinky rôznych zložiek, aby vám dodali energiu a podporili konkrétne funkcie tela – imunita, trávenie, regenerácia či fyzická a mentálna výkonnosť. Funkčné benefity konzultujem s odbornou vedeckou radou, s ktorou v Powerlogy úzko spolupracujeme. Upgraded produkty odporúčam ako riešenie pre ľudí, ktorí chcú spoľahlivý zdroj energie a výživy na každý deň. – Dušan Plichta, zakladateľ Powerlogy a tvorca produktov Popis výrobku: BIO mix žihľavy, zeleného jačmeňa, moringy, spiruliny, chlorelly, kelu a brokolice s jablkovou a čakankovou vlákninou a prírodným vitamínom C Hmotnosť: 300 g Zloženie: BIO supergreens zmes v prášku 52,5 % (BIO list žihľavy, BIO zelený jačmeň, BIO spirulina, BIO chlorella, BIO list moringy, BIO kel, BIO brokolica), BIO čakanková oligofruktóza (čiastočne enzymatický hydrolyzovaný inulín), BIO jablčná vláknina, BIO čerešne acerola v prášku (s vysokým obsahom vitamínu Alergény: Neobsahuje Vyrobené na: Slovensko",https://powerlogy.com/powerlogy-upgraded-organic-greens-300-g,Powerlogy,Powerlogy,https://media.powerlogy.com/1/live/20260521113622/powerlogy-upgraded-organic-greens.png,in_stock,27.95 EUR,14.95 EUR,8588009019503,70283,,new,Funkčná výživa > Superpotraviny > Greens,0.3,kg,https://powerlogy.com/,true,14,https://powerlogy.com/o-nakupe/vseobecne-obchodne-podmienky,true,4.69,162,SK,SK,food,greens,in-stock,single,
479644,Powerlogy Upgraded Collagen Complex Orange 300 g,"Multikolagénový komplex s extra glycínom, vitamínom C a pomarančovou príchuťou • Bez lepku, mlieka a sóje • Zvyšuje tvorbu kolagénu v tele • Balenie obsahuje cca 20 porcií (1 porcia = 15 g) • Neobsahuje žiadny cukor ani sladidlá Nový Upgraded Collagen Complex sme vylepšili príchuťou čerstvého pomaranča. ? Dnes preto máte na výber medzi touto pomarančovou novinkou, alebo naturálnym Upgraded Collagen Complexom bez príchute . Zakladateľ Powerlogy: Za Upgraded líniou stojí veda Prémiovú líniu Powerlogy Upgraded som vytvoril pre najnáročnejších zákazníkov, ktorí hľadajú maximálnu kvalitu a účinnosť. Upgraded produkty sú obohatené o inovatívne ingrediencie ako MCT olej, prebiotická vláknina, adaptogény či bioaktívne látky. Receptúry vyvíjam na základe najnovších vedeckých poznatkov. Kombinujem účinky rôznych zložiek, aby vám dodali energiu a podporili konkrétne funkcie tela – imunita, trávenie, regenerácia či fyzická a mentálna výkonnosť. Funkčné benefity konzultujem s odbornou vedeckou radou, s ktorou v Powerlogy úzko spolupracujeme. Upgraded produkty odporúčam ako riešenie pre ľudí, ktorí chcú spoľahlivý zdroj energie a výživy na každý deň. – Dušan Plichta, zakladateľ Powerlogy a tvorca produktov Popis výrobku: Bielkovinový prášok z hovädzieho, rybacieho a kolagénu zo stien vaječných škrupín s pomarančovou arómou Hmotnosť: 300 g Zloženie: bielkovina z kolagénového komplexu a L-glycín, pomarančová aróma, kyselina jablčná. Alergény: vajcia a výrobky z nich, ryby a výrobky z nich, oxid siričitý a siričitany Vyrobené na: Slovensko",https://powerlogy.com/powerlogy-upgraded-collagen-complex-orange-300-g,Powerlogy,Powerlogy,https://media.powerlogy.com/1/live/20260521113753/powerlogy-collagen-orange.png,in_stock,37.95 EUR,,8588009019589,70313,,new,Funkčná výživa > Kolagény > Kolagény na kosti a kĺby > Hovädzie kolagény na kĺby,0.3,kg,https://powerlogy.com/,true,14,https://powerlogy.com/o-nakupe/vseobecne-obchodne-podmienky,false,4.73,154,SK,SK,supplement,hovädzie-kolagény-na-kĺby,in-stock,single,
480045,Powerlogy Dark Chocolate Granola 350 g,"Bezlepková raňajková granola s banánmi, kešu a kúskami čokolády • Bez lepku, mlieka • Vhodné pre vegánov • Balenie obsahuje cca 7 porcií (1 porcia = 50 g) • 3,5 g vlákniny na jednu porciu  Popis výrobku: Granola s tmavou čokoládou, kešu orechmi a banánmi Hmotnosť: 350 g Zloženie: bezlepkové ovsené vločky 45 %, čokoládové chipsy 15 % (cukor, kakaová hmota, kakaové maslo, slnečnicový lecitín, vanilka bourbon madagaskar), lyofilizovaný banán 6 %, kešu orechy, kokosový sirup, kokos, kokosový olej, kakao, soľ. Alergény: Orechy Vyrobené v: Česko",https://powerlogy.com/dark-chocolate-granola,Powerlogy,Powerlogy,https://media.powerlogy.com/1/live/20260521113728/powerlogy-granola-dark-chocolate.png,in_stock,8.55 EUR,7.55 EUR,8588009019657,70321,,new,Zdravé potraviny > Granola a müsli > Low sugar granola,0.35,kg,https://powerlogy.com/,true,14,https://powerlogy.com/o-nakupe/vseobecne-obchodne-podmienky,true,4.73,119,SK,SK,food,low-sugar-granola,in-stock,single,
480729,Powerlogy Choco Collagen 300 g,"Hydrolyzovaný grass fed kolagén s kakaom, MCT a prebiotickou vlákninou • Bez lepku, mlieka a sladidiel • Kolagén + kakao + prebiotická vláknina + MCT tuky • Prirodzene rozpustný hovädzí kolagén s kakaovou príchuťou • Balenie obsahuje cca 20 porcií (1 porcia = 15 g) • Neobsahuje cukor ani alergény Vlastnosti, vďaka ktorým sa na náš prírodný kolagén v prášku môžete spoľahnúť: Výberový kolagén najvyššej kvality s vysokým pomerom esenciálnych aminokyselín. Pravé nealkalizované kakao s obsahom teobromínu na podporu srdca a dobrej nálady. Prírodná prebiotická vláknina pôsobí ako výživa dobrých baktérií v tráviacom trakte. Extra MCT tuky poskytujú zdroj rýchlej energie. Žiadna pachuť ani zápach a to bez cukru, sladidiel a umelých konzervantov. Rýchla vstrebateľnosť a veľmi ľahká stráviteľnosť. Prirodzene ľahká rozpustnosť v teplých i studených nápojoch. V Powerlogy robíme maximum pre vývoj inovatívnych funkčných potravín, ktoré v sebe spájajú silu čistej chuti a funkčnosti. Cieľom je podpora nadpriemerného fyzického i mentálneho výkonu a kultivácia našej sily. Veríme, že kvalitné jedlo mení myslenie. Preto naše produkty spracovávame len minimálne a zachovávame tak ich vysokú výživovú hodnotu. V Powerlogy je našou vášňou progresívna a efektívna životospráva, ktorá však musí chutiť. Popis výrobku: Hydrolyzovaný hovädzí kolagén peptid s kakaom a MCT tukmi Hmotnosť: 300 g Zloženie: bielkovina z hydrolyzovaného hovädzieho kolagénu, MCT olej v prášku, inulín, morská soľ, prírodný kakaový prášok, prírodná čokoládová aróma. Alergény: Neobsahuje Vyrobené na: Slovensko",https://powerlogy.com/powerlogy-choco-collagen-300-g,Powerlogy,Powerlogy,https://media.powerlogy.com/1/live/20260521113824/powerlogy-collagen-choco.png,in_stock,24.95 EUR,,8588009019442,70287,,new,Funkčná výživa > Kolagény > Kolagény na kosti a kĺby > Hovädzie kolagény na kĺby,0.3,kg,https://powerlogy.com/,true,14,https://powerlogy.com/o-nakupe/vseobecne-obchodne-podmienky,false,4.91,33,SK,SK,supplement,hovädzie-kolagény-na-kĺby,in-stock,single,
481279,Powerlogy White Nougat Cream 330 g,"Chrumkavý biely nugát z Piemontských lieskovcov, kešu a vegánskej bielej čokolády • Bez lepku a mlieka • Vhodné pre vegánov a vegetariánov • Vhodné pre histaminikov • Balenie obsahuje cca 22 porcií (1 porcia = 15 g) • Len 2,85 g cukru na jednu porciu Vlastnosti, vďaka ktorým sa na náš nugát môžete spoľahnúť: Piemontské lieskovce a kešu orechy európskej kvality. 100 % bez palmového oleja, emulzifikátorov a umelých konzervantov. 100 % prírodné zloženie bez rafinovaného cukru. Optimálny pomer cukrov, tukov a bielkovýn pre elimináciu výkyvov hladiny cukru Detailné laboratórne testy na kontrolu ochratoxínov, aflatoxínov a oxidácie orechov. Powerlogy orieškové krémy vyrábame na Slovensku. Receptúra je vyvinutá zakladateľom Powerlogy a špecialistom na funkčné potraviny Dušanom Plichtom, ktorý za svoje receptúry získali už viac ako 10 medzinárodných ocenení Great Taste Awards. Z výživového hľadiska je zloženie konzulované z vybranými odborníkmi z vedeckej rady Powerlogy. Z pohľadu precíznej výroby spĺňa tento krém náročné kritériá pre šetrné spracovanie surovín. Naším cieľom je nielen skvelá chuť, ale rovnako optimálny vplyv na organizmus a vysoká výživová hodnota. Veríme, že kvalitné jedlo mení myslenie, a preto je pre nás vývoj a kvalita každého jedného produktu dôležitou investíciou. A nie iba nevyhnutným nákladom. Popis výrobku: Orieškový krém z lieskovcov, kešu a bielej vegánskej čokolády Hmotnosť: 330 g Zloženie: lieskové oriešky CHOP Piemont 30 %, oat white čokoláda 29 % (cukor, kakaové maslo, sušený bezlepkový ovsený prášok, slnečnicový lecitín), kešu orechy, kukuričné lupienky 13,5 %, MCT olej, himalájska soľ. Alergény: Orechy Vyrobené na: Slovensko",https://powerlogy.com/white-nougat-cream,Powerlogy,Powerlogy,https://media.powerlogy.com/1/live/20260330131454/white-nougat-krem-stredny.webp,out_of_stock,17.95 EUR,,8588009019572,70315,,new,Zdravé potraviny > Orieškové krémy a maslá > Nugátové > Biele nugátové krémy,0.6,kg,https://powerlogy.com/,true,14,https://powerlogy.com/o-nakupe/vseobecne-obchodne-podmienky,true,4.61,31,SK,SK,food,biele-nugátové-krémy,out-of-stock,single,
483556,Powerlogy Upgraded Coffee Cream 330 g,"Kávový krém s prebiotickou vlákninou a MCT tukmi • Bez lepku, mlieka a pridaného cukru • Až 3,5 g prebiotickej vlákniny na porciu • 1,5 g extra MCT tukov na porciu • Balenie obsahuje cca 22 porcií (1 porcia = 15 g) • Len 0,6 g cukru na jednu porciu V čom je vylepšený kávový krém unikátny? Nová línia Powerlogy produktov s označením Upgraded je unikátna svojou receptúrou. Každý Powerlogy produkt v sebe spája skvelú chuť a vysokú výživovú hodnotu. Upgraded línia ide ešte ďalej. Receptúra týchto produktov je založená na moderných vedeckých poznatkoch a je vyladená do posledného detailu. Dodá vám extra energiu a je priamou posilou konkrétnych funkcií tela. V prípade Upgraded kávového krému ide najmä o elimináciu cukru v orieškových krémoch raz a navždy. Vytvorili sme receptúru s MCT olejom, vysokým obsahom vlákniny a skvelou chuťou. Upgraded Coffee Cream tak spĺňa náročné low-carb štandardy. Náš inovatívny kávový krém vám pomôže s výživou mikrobiómu, zdravým pocitom sýtosti, optimálnou hladinou cukru v krvi a rýchlym zdrojom energie v podobe MCT tukov. A to všetko bez záťaže trávenia. V produkte nenájdete žiadny pridaný cukor, ani umelé sladidlá. Namiesto toho sme skvelú chuť dosiahli prémiovou kávou, kvalitnými lieskovcami, kešu orechmi a prirodzene sladkastou prebiotickou vlákninou. O úžasne hladkú textúru sa postará 10 % MCT oleja v zložení a vysokoprofesionálna výroba. Účinky funkčných ingrediencií sú potvrdené značným počtom vedeckých štúdií. Ich efekt sme konzultovali aj s odbornou vedeckou radou, s ktorou v Powerlogy spolupracujeme. Upgraded Coffee Cream je maximálne inovatívny a 100 % prírodný orieškový krém. Popis výrobku: Orieškový krém z lieskovcov, kešu, kávy a MCT, sladený čakankovou vlákninou Hmotnosť: 330 g Zloženie: lieskové orechy, kešu orechy, prebiotická vláknina z čakanky, MCT kokosový olej, káva columbia arabica (6 %). Alergény: Orechy Vyrobené na: Slovensko",https://powerlogy.com/upgraded-coffee-cream,Powerlogy,Powerlogy,https://media.powerlogy.com/1/live/20260407173816/powerlogy-upgraded-coffee-cream-330.webp,in_stock,17.95 EUR,15.55 EUR,8588009019565,70291,,new,Zdravé potraviny > Orieškové krémy a maslá > Kešu,0.6,kg,https://powerlogy.com/,true,14,https://powerlogy.com/o-nakupe/vseobecne-obchodne-podmienky,true,4.80,55,SK,SK,food,kešu,in-stock,single,
489540,Powerlogy Natural Collagen 500 g,"XXL balenie 100 % čistého, hydrolyzovaného grass fed kolagénu z európskeho zdroja • Bez lepku, mlieka a sladidiel • Prirodzene rozpustný hovädzí kolagén s krémovou chuťou • Balenie obsahuje cca 30 porcií (1 porcia = 10 g) • Neobsahuje žiadny cukor ani alergény • Vhodný pre histaminikov* *Histidín, ktorý sa rozkladá na histamín, tvorí len 1 % z celkového obsahu aminokyselín kolagénu, takže vytvára veľmi nízke dávky histamínu. Napriek tomu, pri nízkohistamínovej diéte odporúčame poradiť sa s lekárom ohľadom užívania doplnku.  Popis výrobku: Natural kolagén proteín, typ kolagénu 1 a 3. Hmotnosť: 500 g Zloženie: Hydrolyzovaný hovädzí kolagén peptid. Alergény: neobsahuje Krajina pôvodu: Francúzsko Vyrobené na: Slovensko",https://powerlogy.com/powerlogy-natural-collagen-500-g,Powerlogy,Powerlogy,https://media.powerlogy.com/1/live/20260521113805/powerlogy-collagen-natural-xxl.png,in_stock,44.95 EUR,29.95 EUR,8588009019626,70318,,new,Funkčná výživa > Kolagény > Kolagény na kosti a kĺby > Hovädzie kolagény na kĺby,0.5,kg,https://powerlogy.com/,true,14,https://powerlogy.com/o-nakupe/vseobecne-obchodne-podmienky,false,4.65,584,SK,SK,supplement,hovädzie-kolagény-na-kĺby,in-stock,single,
489944,Powerlogy Natural Collagen 10 x 10 g,"Cestovné balenie 10 vrecúšok 100 % hydrolyzovaného grass fed kolagénu z eu zdroja • Bez lepku, mlieka a sladidiel • Vhodný pre histaminikov • Prirodzene rozpustný hovädzí kolagén s krémovou chuťou • Balenie obsahuje 10 porcií (1 porcia = 10 g) • Neobsahuje žiadny cukor ani alergény Od augusta 2023 je kolagén spracovaný vylepšenou technológiou, ktorá mu dáva jemnejšiu štruktúru. Kolagén má preto ešte lepšiu vstrebateľnosť a neutrálnejšiu vôňu. Keďže prášok je jemnejší než predtým, odporúčame najprv nasypať do pohára prášok, až potom pridať tekutinu a zamiešať. Pri opačnom poradí môžu v nápoji ostať nerozpustené hrudky. Ak sa to stane, stačí nápoj rozmixovať a konzistencia bude dokonalo hladká. Helena Krajčiová: Powerlogy kolagén si dávam do kávy, je perfektný Známa slovenská herečka Helena Krajčiová je milovníčka aktívneho pohybu a výborného, no zároveň kvalitného jedla. Rada svoj čas trávi v prírode s rodinou, spoznávaním nových miest a ochutnávaním nových chutí. V prvom rade nedá dopustiť na kvalitný, 100 % kolagén v prášku, u ktorého oceňuje rozpustnosť a neutrálnu chuť. Najradšej si ho vychutnáva v pohári čistej vody ráno po prebudení, počas náročných dní nakrúcania alebo v divadle v obľúbenej káve . Popis výrobku: Natural kolagén proteín, typ kolagénu 1 a 3. Hmotnosť: 10 x 10 g Zloženie: Hydrolyzovaný hovädzí kolagén peptid. Alergény: neobsahuje Krajina pôvodu: Francúzsko Vyrobené na: Slovensko",https://powerlogy.com/collagen-10x10g,Powerlogy,Powerlogy,https://media.powerlogy.com/1/live/20260521113759/powerlogy-collagen-natural-with-sachet.png,out_of_stock,10.95 EUR,,8588009019497,70285,,new,Funkčná výživa > Kolagény > Kolagény na kosti a kĺby > Hovädzie kolagény na kĺby,0.1,kg,https://powerlogy.com/,true,14,https://powerlogy.com/o-nakupe/vseobecne-obchodne-podmienky,false,4.65,584,SK,SK,supplement,hovädzie-kolagény-na-kĺby,out-of-stock,single,
490011,Powerlogy Vanilla Collagen 300 g,"Hydrolyzovaný grass fed kolagén s MCT, prebiotickou vlákninou a chuťou vanilky • Bez lepku, mlieka a sladidiel • Kolagén + prebiotická vláknina + MCT tuky • Prirodzene rozpustný hovädzí kolagén s vanilkovou príchuťou • Balenie obsahuje cca 20 porcií (1 porcia = 15 g) • Neobsahuje cukor ani alergény Vlastnosti, vďaka ktorým sa na náš prírodný kolagén v prášku môžete spoľahnúť: Výberový kolagén najvyššej kvality s vysokým pomerom esenciálnych aminokyselín. Prírodná prebiotická vláknina pôsobí ako výživa dobrých baktérií v tráviacom trakte. Extra MCT tuky poskytujú zdroj rýchlej energie. Žiadna pachuť ani zápach a to bez cukru, umelých sladidiel a konzervantov. Rýchla vstrebateľnosť a veľmi ľahká stráviteľnosť. Prirodzene ľahká rozpustnosť v teplých i studených nápojoch. V Powerlogy robíme maximum pre vývoj inovatívnych funkčných potravín, ktoré v sebe spájajú silu čistej chuti a funkčnosti. Cieľom je podpora nadpriemerného fyzického i mentálneho výkonu a kultivácia našej sily. Veríme, že kvalitné jedlo mení myslenie. Preto naše produkty spracovávame len minimálne a zachovávame tak ich vysokú výživovú hodnotu. V Powerlogy je našou vášňou progresívna a efektívna životospráva, ktorá však musí chutiť. Popis výrobku: Hydrolyzovaný hovädzí kolagén peptid s MCT tukmi a prírodnou vanilkovou arómou Hmotnosť: 300 g Zloženie: bielkovina z hydrolyzovaného hovädzieho kolagénu, inulín, MCT tuky v prášku, prírodná vanilková aróma, sladidlo: glykozidy steviolu zo stévie. Alergény: neobsahuje Vyrobené na: Slovensko",https://powerlogy.com/powerlogy-vanilla-collagen-300-g,Powerlogy,Powerlogy,https://media.powerlogy.com/1/live/20260521113749/powerlogy-collagen-vanilla.png,in_stock,24.95 EUR,,8588009019619,70317,,new,Funkčná výživa > Kolagény > Kolagény na kosti a kĺby > Hovädzie kolagény na kĺby,0.3,kg,https://powerlogy.com/,true,14,https://powerlogy.com/o-nakupe/vseobecne-obchodne-podmienky,false,4.89,19,SK,SK,supplement,hovädzie-kolagény-na-kĺby,in-stock,single,
492967,Powerlogy Pistacchio Coconut Granola 350 g,"Bezlepková raňajková granola s pistáciami, kokosovými čipsami a kokosovým sirupom • Bez lepku, mlieka a rafinovaného cukru • Vhodné pre vegánov • Vhodné pre histaminikov • Balenie obsahuje cca 7 porcií (1 porcia = 50 g) • 4,23 g vlákniny na jednu porciu  Popis výrobku: Granola s chrumkavými pistáciami a kokosom sladená kokosovým sirupom Hmotnosť: 350 g Zloženie: bezlepkové ovsené vločky 50 %, kokos 17 %, kokosové chipsy 10 %, kokosový sirup, pistácie 7 %, kokosový olej, soľ. Alergény: Orechy Vyrobené v: Česko",https://powerlogy.com/powerlogy-pistacchio-coconut-granola-350-g,Powerlogy,Powerlogy,https://media.powerlogy.com/1/live/20260521113719/powerlogy-granola-pistacchio.png,in_stock,8.55 EUR,,8588009019671,70326,,new,Zdravé potraviny > Granola a müsli > Granola s nízkym obsahom histamínu,0.35,kg,https://powerlogy.com/,true,14,https://powerlogy.com/o-nakupe/vseobecne-obchodne-podmienky,true,4.90,62,SK,SK,food,granola-s-nízkym-obsahom-histamínu,in-stock,single,
492969,Powerlogy Organic Cinnamon Granola 350 g,"Bezlepková BIO raňajková granola s jablkami, škoricou, pekanovými orechmi a javorovým sirupom • Bez lepku a mlieka • Vhodné pre vegánov a vegetariánov • Vhodné pre histaminikov • Balenie obsahuje cca 7 porcií (1 porcia = 50 g) • Len 5,2 g cukru na jednu porciu V čom je BIO škoricová granola jedinečná? Po veľkom úspechu našej najpredávanejšej BIO mandľovej granoly rozširujeme raňajkovú líniu o škoricovo-jablkovú novinku. Na trhu nám totiž chýbajú 100 % bezlepkové a zároveň poriadne chrumkavé raňajkové müsli, ktoré majú optimálne zloženie (menej cukru a viac vlákniny). Nová Organic Cinnamon Granola je navyše v BIO kvalite z udržateľného poľnohospodárstva v súlade s ochranou prírody. Výsledná receptúra je čisto rastlinného pôvodu a tak vhodná aj pre striktných vegetariánov či vegánov. Harmóniu čistej chuti sme dosiahli výberom prírodných ingrediencií. Vločky chrumkajú vďaka šetrnému pečeniu teplým vzduchom. V kombinácii s javorovým sirupom a škoricou má granola sladkú karamelovú dochuť. Tieto raňajky či rýchly snack si vás podmania chuťou pekanových orechov, voňavej škorice a sušených jabĺk. Popis výrobku: Granola s jablkami, pekanovými orechmi, škoricou a javorovým sirupom Hmotnosť: 350 g Zloženie: BIO bezlepkové ovsené vločky 50 %, BIO quinoa vločky, BIO tekvicové semienka, BIO sušené jablká 8 %, BIO javorový sirup, BIO pekanové orechy 7 %, BIO kokosový olej, BIO cejlónska škorica 2 %, himalájska soľ. Alergény: Orechy Vyrobené v: Česko",https://powerlogy.com/powerlogy-organic-cinnamon-granola-350-g,Powerlogy,Powerlogy,https://media.powerlogy.com/1/live/20260521113734/powerlogy-granola-cinnamon.png,in_stock,9.95 EUR,,8588009019664,70319,,new,Zdravé potraviny > Granola a müsli > Granola s nízkym obsahom histamínu,0.35,kg,https://powerlogy.com/,true,14,https://powerlogy.com/o-nakupe/vseobecne-obchodne-podmienky,true,4.92,38,SK,SK,food,granola-s-nízkym-obsahom-histamínu,in-stock,single,
492971,Powerlogy Upgraded Keto Granola Strawberry 350 g,"Bezlepková keto granola s čakankovou vlákninou, kokosovými čipsami, orechmi a jahodami • Bez obilnín, lepku, mlieka a pridaného cukru • Vysoký obsah prebiotickej vlákniny • Príjemný pocit sýtosti a ľahké trávenie • Balenie obsahuje cca 7 porcií (1 porcia = 50 g) • Len 3,3 g cukru na jednu porciu  Popis výrobku: Keto granola bez obilnín s kokosovými chipsami, mandľami a mixom semienok Hmotnosť: 350 g Zloženie: kokosové chipsy, mandle, slnečnicové semienka, tekvicové semienka, čakanková vláknina, ľanové semienka, makadámiové oriešky, lyofilizované jahody, chia semienka, soľ. Alergény: Orechy Vyrobené v: Česko",https://powerlogy.com/upgraded-keto-granola,Powerlogy,Powerlogy,https://media.powerlogy.com/1/live/20260521113711/powerlogy-granola-strawberry.png,in_stock,9.95 EUR,8.55 EUR,8588009019688,70323,,new,Zdravé potraviny > Granola a müsli > Keto granola,0.35,kg,https://powerlogy.com/,true,14,https://powerlogy.com/o-nakupe/vseobecne-obchodne-podmienky,true,4.90,199,SK,SK,food,keto-granola,in-stock,single,
494462,Powerlogy Upgraded Whey Protein Bar 50 g,"Tyčinka so srvátkovým proteínom, prebiotickou vlákninou, kokosom a horkou čokoládou • Bez lepku a orechov • Nízky obsah cukru a veľké množstvo vlákniny • Ľahké trávenie • Neobsahuje umelé sladidlá Zdravie nie je o maximalizácii proteínu Nová línia Powerlogy produktov s označením Upgraded je unikátna svojou receptúrou. Každý Powerlogy produkt v sebe spája skvelú chuť a vysokú výživovú hodnotu. Upgraded línia ide ešte ďalej. Receptúra týchto produktov je založená na moderných vedeckých poznatkoch a je vyladená do posledného detailu. Dodá vám extra energiu a je priamou posilou konkrétnych funkcií tela. S našou inovatívnou proteínovou tyčinkou máte zabezpečený extra príjem srvátkového proteínu (11 g v jednej tyčinke). K nemu sme pridali MCT olej a vysoký obsah vlákniny. Naším cieľom totiž nie je maximalizácia množstva proteínu, ale zdravé zloženie. Preto vám Upgraded Whey Protein Bar okrem regenerácie pomôže aj so zdravým pocitom sýtosti, optimálnou hladinou cukru v krvi a rýchlym zdrojom energie v podobe MCT tukov. A to všetko s veľmi nízkym obsahom cukru a bez záťaže trávenia. V produkte nenájdete žiadne umelé sladidlá. Namiesto toho sme skvelú „bounty“ chuť dosiahli polevou z horkej čokolády, čerstvým kokosom a malým množstvom prírodnej stévie. O extra energiu a šťavnatosť tyčinky sa postará MCT olej a vysokoprofesionálna výroba. Popis výrobku: Proteínová tyčinka s kokosom v horkej čokoláde. Hmotnosť: 50 g Zloženie: srvátkový bielkovinový koncentrát 24 % (srvátkový bielkovinový koncentrát, emulgátor: lecitíny), horká čokoláda 20 % (kakaová hmota, cukor, kakaový prášok so zníženým množstvom tuku, kakaové maslo, emulgátory: sójový lecitín; polyglycerolpolyricínoleát, extrakt z Bourbon vanilky), vláknina z čakanky Alergény: Mlieko, sójový lecitín Vyrobené na: Slovensko",https://powerlogy.com/powerlogy-upgraded-whey-protein-bar-50-g,Powerlogy,Powerlogy,https://media.powerlogy.com/1/live/20250625162359/upgraded-whey-bar-ingrediencia.png,in_stock,2.95 EUR,,8588009019602,70328,,new,Funkčná výživa > Proteíny > Bezlepkové proteíny,0.055,kg,https://powerlogy.com/,true,14,https://powerlogy.com/o-nakupe/vseobecne-obchodne-podmienky,true,4.95,21,SK,SK,food,bezlepkové-proteíny,in-stock,single,
494463,Powerlogy Organic Vegan Protein Bar 50 g,"Certifikovaná BIO a VEGAN proteínová tyčinka s prebiotickou vlákninou, mandľami a škoricou Vlastnosti, vďaka ktorým sa na našu proteínovú tyčinku môžete spoľahnúť: 20 % obsah ľahko stráviteľného rastlinného proteínu. Vysoký obsah prírodnej vlákniny z čakanky a orieškov. Nízky obsah cukru a nízky glykemický index. Lahodná chuť mandľového krému, kešu krému a kvalitnej škorice. Šťavnatá textúra bez sypkej konzistencie a gumeného pocitu v ústach. Neobsahuje lepok, sóju ani umelé sladidlá ako maltitol či aspartam. V Powerlogy robíme maximum pre vývoj inovatívnych funkčných potravín, ktoré v sebe spájajú silu čistej chuti a funkčnosti. Cieľom je podpora nadpriemerného fyzického i mentálneho výkonu a kultivácia našej sily. Veríme, že kvalitné jedlo mení myslenie. Preto naše produkty spracovávame len minimálne a zachovávame tak ich vysokú výživovú hodnotu. V Powerlogy je našou vášňou progresívna a efektívna životospráva, ktorá však musí chutiť. V čom je Powerlogy VEGAN proteínová tyčinka iná? Prinášame nové riešenie rýchleho zdroja bielkovín v podobe snacku. Spájame kvalitné, funkčné zloženie so skvelou chuťou. Túto tyčinku tvoríme pre udržateľnú životosprávu aktívneho človeka, ktorému záleži na zdraví. Proteínové tyčinky sú populárnym zdrojom bielkovín a energie, dokonca zdravších sladkostí na cesty. Žiaľ, väčšina produktov na trhu nespĺňa štandardy kvalitného zloženia alebo lahodnej chuti, a tak nám neprinášajú svoj 100 % potenciál. Často sú plné sóje, nekvalitného proteínu a umelých sladidiel. Vo výsledku majú presladenú, umelú chuť a gumovú alebo sypkú konzistenciu. Taká tyčinka sa ťažko konzumuje s pôžitkom… Preto vám prinášame tyčinku s vyladenou konzistenciou, bez pocitu lepkavosti v ústach. Popis výrobku: Vegánska bielkovinová tyčinka s mandľami, kešu orieškami a škoricou Hmotnosť: 50 g Zloženie: BIO čakanková vláknina, BIO mandľová múka 20 %, BIO zmes rastlinných bielkovín (zo žltého hrachu, ryže a konopných semien), BIO bezlepkové ovsené vločky, BIO kešu krém 13 %, BIO mandle 8 %, BIO mandľový krém 5 %, BIO škorica 1,9 %, BIO kokosový olej, sladidlo: glykozidy steviolu zo stévie, himalájsk Alergény: Orechy Vyrobené v: Česko",https://powerlogy.com/powerlogy-organic-vegan-protein-bar-50-g,Powerlogy,Powerlogy,https://media.powerlogy.com/1/live/20240312142458/organic-vegan-bar-50g.png,in_stock,2.95 EUR,,8588009019701,70327,,new,Funkčná výživa > Proteínové tyčinky > Bezlepkové müsli tyčinky,0.055,kg,https://powerlogy.com/,true,14,https://powerlogy.com/o-nakupe/vseobecne-obchodne-podmienky,true,4.38,24,SK,SK,food,bezlepkové-müsli-tyčinky,in-stock,single,
494464,Powerlogy Upgraded Vegan Protein Bar 50 g,"VEGAN proteínová tyčinka s prebiotickou vlákninou, kokosom a horkou čokoládou • Bez lepku a mlieka • Nízky obsah cukru a veľké množstvo vlákniny • Ľahké trávenie • Neobsahuje umelé sladidlá Zdravie nie je o maximalizácii proteínu Nová línia Powerlogy produktov s označením Upgraded je unikátna svojou receptúrou. Každý Powerlogy produkt v sebe spája skvelú chuť a vysokú výživovú hodnotu. Upgraded línia ide ešte ďalej. Receptúra týchto produktov je založená na moderných vedeckých poznatkoch a je vyladená do posledného detailu. Dodá vám extra energiu a je priamou posilou konkrétnych funkcií tela. S našou inovatívnou proteínovou tyčinkou máte zabezpečený extra príjem rastlinného proteínu (10 g v jednej tyčinke). K nemu sme pridali MCT olej a vysoký obsah vlákniny. Naším cieľom totiž nie je maximalizácia množstva proteínu, ale zdravé zloženie. Preto vám Upgraded Vegan Protein Bar okrem regenerácie pomôže aj so zdravým pocitom sýtosti, optimálnou hladinou cukru v krvi a rýchlym zdrojom energie v podobe MCT tukov. A to všetko s veľmi nízkym obsahom cukru a bez záťaže trávenia. V produkte nenájdete žiadne umelé sladidlá. Namiesto toho sme skvelú „bounty“ chuť dosiahli polevou z horkej čokolády, čerstvým kokosom a malým množstvom prírodnej stévie. O extra energiu a šťavnatosť tyčinky sa postará MCT olej a vysokoprofesionálna výroba. Popis výrobku: Vegánska proteínová tyčinka s kokosom v horkej čokoláde. Hmotnosť: 50 g Zloženie: horká čokoláda 20 % (kakaová hmota, cukor, kakaový prášok so zníženým množstvom tuku, kakaové maslo, emulgátory: sójový lecitín, polyglycerolpolyricínoleát; extrakt Bourbon vanilky), vláknina z čakanky, ryžová bielkovina 17 %, strúhaný kokos 15 %, pasta z pražených kešu orieškov, zvlhčovadlo: glycer Alergény: Sójový lecitín, orechy Vyrobené na: Slovensko",https://powerlogy.com/powerlogy-upgraded-vegan-protein-bar-50-g,Powerlogy,Powerlogy,https://media.powerlogy.com/1/live/20250625162404/upgraded-vegan-protein-bar-ingrediencia.png,in_stock,2.95 EUR,,8588009019725,70329,,new,Funkčná výživa > Proteíny > Bezlepkové proteíny,0.055,kg,https://powerlogy.com/,true,14,https://powerlogy.com/o-nakupe/vseobecne-obchodne-podmienky,true,4.82,17,SK,SK,food,bezlepkové-proteíny,in-stock,single,
494991,Powerlogy Upgraded Low Carb Granola Choco & Strawberry 350 g,"Bezlepková nízkosacharidová granola s čakankovou vlákninou, horkou čokoládou, kešu orechmi a jahodami • Bez lepku, mlieka a pridaného cukru • Vysoký obsah prebiotickej vlákniny • Príjemný pocit sýtosti a ľahké trávenie • Balenie obsahuje cca 7 porcií (1 porcia = 50 g) • Len 3 g cukru na jednu porciu  Popis výrobku: Granola s čokoládou, čakankovou vlákninou, kešu a jahodami Hmotnosť: 350 g Zloženie: bezlepkové ovsené vločky, horká čokoláda (kakaový prášok, kakaové maslo, vanilkový extrakt), čakanková vláknina, quinoa vločky, kokosové chipsy, lyofilizované jahody, kešu orechy, sezamové semienka, kokosový olej, kakao, soľ. Alergény: Orechy, sezam Vyrobené v: Česko",https://powerlogy.com/upgraded-low-carb-granola,Powerlogy,Powerlogy,https://media.powerlogy.com/1/live/20260521113738/powerlogy-granola-choco-strawberry.png,in_stock,9.95 EUR,,8588009019695,70322,,new,Zdravé potraviny > Granola a müsli > Low carb granola,0.35,kg,https://powerlogy.com/,true,14,https://powerlogy.com/o-nakupe/vseobecne-obchodne-podmienky,true,4.79,58,SK,SK,food,low-carb-granola,in-stock,single,
495707,Powerlogy Upgraded Whey Protein Bar 24 x 50 g,"XXL balenie tyčinky so srvátkovým proteínom, prebiotickou vlákninou, kokosom a horkou čokoládou • Bez lepku a orechov • Nízky obsah cukru a veľké množstvo vlákniny • Ľahké trávenie • Neobsahuje umelé sladidlá Zdravie nie je o maximalizácii proteínu Nová línia Powerlogy produktov s označením Upgraded je unikátna svojou receptúrou. Každý Powerlogy produkt v sebe spája skvelú chuť a vysokú výživovú hodnotu. Upgraded línia ide ešte ďalej. Receptúra týchto produktov je založená na moderných vedeckých poznatkoch a je vyladená do posledného detailu. Dodá vám extra energiu a je priamou posilou konkrétnych funkcií tela. S našou inovatívnou proteínovou tyčinkou máte zabezpečený extra príjem srvátkového proteínu (11 g v jednej tyčinke). K nemu sme pridali MCT olej a vysoký obsah vlákniny. Naším cieľom totiž nie je maximalizácia množstva proteínu, ale zdravé zloženie. Preto vám Upgraded Whey Protein Bar okrem regenerácie pomôže aj so zdravým pocitom sýtosti, optimálnou hladinou cukru v krvi a rýchlym zdrojom energie v podobe MCT tukov. A to všetko s veľmi nízkym obsahom cukru a bez záťaže trávenia. V produkte nenájdete žiadne umelé sladidlá. Namiesto toho sme skvelú „bounty“ chuť dosiahli polevou z horkej čokolády, čerstvým kokosom a malým množstvom prírodnej stévie. O extra energiu a šťavnatosť tyčinky sa postará MCT olej a vysokoprofesionálna výroba. Popis výrobku: Proteínová tyčinka s kokosom v horkej čokoláde. Hmotnosť: 24 × 50 g Zloženie: srvátkový bielkovinový koncentrát 24 % (srvátkový bielkovinový koncentrát, emulgátor: lecitíny), horká čokoláda 20 % (kakaová hmota, cukor, kakaový prášok so zníženým množstvom tuku, kakaové maslo, emulgátory: sójový lecitín; polyglycerolpolyricínoleát, extrakt z Bourbon vanilky), vláknina z čakanky Alergény: Mlieko, sójový lecitín Vyrobené na: Slovensko",https://powerlogy.com/powerlogy-upgraded-whey-protein-bar-24-x-50-g,Powerlogy,Powerlogy,https://media.powerlogy.com/1/live/20240325173255/upgraded-whey-bar-24ks.png,in_stock,70.80 EUR,59.95 EUR,,70328_24,,new,Funkčná výživa > Proteíny > Srvátkové proteíny,0.1,kg,https://powerlogy.com/,true,14,https://powerlogy.com/o-nakupe/vseobecne-obchodne-podmienky,true,4.95,21,SK,SK,food,srvátkové-proteíny,in-stock,single,
495708,Powerlogy Upgraded Vegan Protein Bar 24 x 50 g,"XXL balenie certifikovanej VEGAN proteínovej tyčinky s prebiotickou vlákninou, kokosom a horkou čokoládou • Bez lepku a mlieka • Nízky obsah cukru a veľké množstvo vlákniny • Ľahké trávenie • Neobsahuje umelé sladidlá Zdravie nie je o maximalizácii proteínu Nová línia Powerlogy produktov s označením Upgraded je unikátna svojou receptúrou. Každý Powerlogy produkt v sebe spája skvelú chuť a vysokú výživovú hodnotu. Upgraded línia ide ešte ďalej. Receptúra týchto produktov je založená na moderných vedeckých poznatkoch a je vyladená do posledného detailu. Dodá vám extra energiu a je priamou posilou konkrétnych funkcií tela. S našou inovatívnou proteínovou tyčinkou máte zabezpečený extra príjem rastlinného proteínu (10 g v jednej tyčinke). K nemu sme pridali MCT olej a vysoký obsah vlákniny. Naším cieľom totiž nie je maximalizácia množstva proteínu, ale zdravé zloženie. Preto vám Upgraded Vegan Protein Bar okrem regenerácie pomôže aj so zdravým pocitom sýtosti, optimálnou hladinou cukru v krvi a rýchlym zdrojom energie v podobe MCT tukov. A to všetko s veľmi nízkym obsahom cukru a bez záťaže trávenia. V produkte nenájdete žiadne umelé sladidlá. Namiesto toho sme skvelú „bounty“ chuť dosiahli polevou z horkej čokolády, čerstvým kokosom a malým množstvom prírodnej stévie. O extra energiu a šťavnatosť tyčinky sa postará MCT olej a vysokoprofesionálna výroba. Popis výrobku: Vegánska proteínová tyčinka s kokosom v horkej čokoláde. Hmotnosť: 24 × 50 g Zloženie: horká čokoláda 20 % (kakaová hmota, cukor, kakaový prášok so zníženým množstvom tuku, kakaové maslo, emulgátory: sójový lecitín, polyglycerolpolyricínoleát; extrakt Bourbon vanilky), vláknina z čakanky, ryžová bielkovina 17 %, strúhaný kokos 15 %, pasta z pražených kešu orieškov, zvlhčovadlo: glycer Alergény: Sójový lecitín, orechy Vyrobené na: Slovensko",https://powerlogy.com/powerlogy-upgraded-vegan-protein-bar-24-x-50-g,Powerlogy,Powerlogy,https://media.powerlogy.com/1/live/20240325173245/upgraded-vegan-protein-bar-24ks.png,in_stock,70.80 EUR,59.95 EUR,,70329_24,,new,Funkčná výživa > Proteínové tyčinky > Bezlepkové müsli tyčinky,0.1,kg,https://powerlogy.com/,true,14,https://powerlogy.com/o-nakupe/vseobecne-obchodne-podmienky,true,4.82,17,SK,SK,food,bezlepkové-müsli-tyčinky,in-stock,single,
495709,Powerlogy Organic Vegan Protein Bar 24 x 50 g,"XXL balenie BIO a VEGAN certifikovanej proteínovej tyčinky s prebiotickou vlákninou, mandľami a škoricou Vlastnosti, vďaka ktorým sa na našu proteínovú tyčinku môžete spoľahnúť: 20 % obsah ľahko stráviteľného rastlinného proteínu. Vysoký obsah prírodnej vlákniny z čakanky a orieškov. Nízky obsah cukru a nízky glykemický index. Lahodná chuť mandľového krému, kešu krému a kvalitnej škorice. Šťavnatá textúra bez sypkej konzistencie a gumeného pocitu v ústach. Neobsahuje lepok, sóju ani umelé sladidlá ako maltitol či aspartam. V Powerlogy robíme maximum pre vývoj inovatívnych funkčných potravín, ktoré v sebe spájajú silu čistej chuti a funkčnosti. Cieľom je podpora nadpriemerného fyzického i mentálneho výkonu a kultivácia našej sily. Veríme, že kvalitné jedlo mení myslenie. Preto naše produkty spracovávame len minimálne a zachovávame tak ich vysokú výživovú hodnotu. V Powerlogy je našou vášňou progresívna a efektívna životospráva, ktorá však musí chutiť. V čom je Powerlogy VEGAN proteínová tyčinka iná? Prinášame nové riešenie rýchleho zdroja bielkovín v podobe snacku. Spájame kvalitné, funkčné zloženie so skvelou chuťou. Túto tyčinku tvoríme pre udržateľnú životosprávu aktívneho človeka, ktorému záleži na zdraví. Proteínové tyčinky sú populárnym zdrojom bielkovín a energie, dokonca zdravších sladkostí na cesty. Žiaľ, väčšina produktov na trhu nespĺňa štandardy kvalitného zloženia alebo lahodnej chuti, a tak nám neprinášajú svoj 100 % potenciál. Často sú plné sóje, nekvalitného proteínu a umelých sladidiel. Vo výsledku majú presladenú, umelú chuť a gumovú alebo sypkú konzistenciu. Taká tyčinka sa ťažko konzumuje s pôžitkom… Preto vám prinášame tyčinku s vyladenou konzistenciou, bez pocitu lepkavosti v ústach. Popis výrobku: Vegánska bielkovinová tyčinka s mandľami, kešu orieškami a škoricou Hmotnosť: 24 × 50 g Zloženie: BIO čakanková vláknina, BIO mandľová múka 20 %, BIO zmes rastlinných bielkovín (zo žltého hrachu, ryže a konopných semien), BIO bezlepkové ovsené vločky, BIO kešu krém 13 %, BIO mandle 8 %, BIO mandľový krém 5 %, BIO škorica 1,9 %, BIO kokosový olej, sladidlo: glykozidy steviolu zo stévie, himalájsk Alergény: Orechy Vyrobené v: Česko",https://powerlogy.com/powerlogy-organic-vegan-protein-bar-24-x-50-g,Powerlogy,Powerlogy,https://media.powerlogy.com/1/live/20240325173209/organic-vegan-protein-bar-24ks.png,in_stock,70.80 EUR,59.95 EUR,,70327_24,,new,Funkčná výživa > Proteínové tyčinky > Bezlepkové müsli tyčinky,0.1,kg,https://powerlogy.com/,true,14,https://powerlogy.com/o-nakupe/vseobecne-obchodne-podmienky,true,4.38,24,SK,SK,food,bezlepkové-müsli-tyčinky,in-stock,single,
495743,"Powerlogy Upgraded Power Coffee 10 x 3,5 g","BIO instantná káva s medicínskymi hubami Chaga a Lions Mane z Fínska • Bez lepku, mlieka a pridaného cukru • Silná podpora mozgu • Balenie obsahuje 10 porcií (1 porcia = 3,5 g) • Len 0,1 g cukru na jednu porciu Zakladateľ Powerlogy: Za Upgraded líniou stojí veda Prémiovú líniu Powerlogy Upgraded som vytvoril pre najnáročnejších zákazníkov, ktorí hľadajú maximálnu kvalitu a účinnosť. Upgraded produkty sú obohatené o inovatívne ingrediencie ako MCT olej, prebiotická vláknina, adaptogény či bioaktívne látky. Receptúry vyvíjam na základe najnovších vedeckých poznatkov. Kombinujem účinky rôznych zložiek, aby vám dodali energiu a podporili konkrétne funkcie tela – imunita, trávenie, regenerácia či fyzická a mentálna výkonnosť. Funkčné benefity konzultujem s odbornou vedeckou radou, s ktorou v Powerlogy úzko spolupracujeme. Upgraded produkty odporúčam ako riešenie pre ľudí, ktorí chcú spoľahlivý zdroj energie a výživy na každý deň. – Dušan Plichta, zakladateľ Powerlogy a tvorca produktov Popis výrobku: Instantná káva arabika v BIO kvalite obohatená o Kaapa Health Lion's Mane (Hericium erinaceus) a Chagu (Inonotus obliquus) pestovanú vo Fínsku Hmotnosť: 10 x 3,5 g Zloženie: BIO instantná káva arabica 91 %, BIO extrakt z húb 9 % (extrakt z Lion's Mane a Chaga v prášku, spolu 320 mg na dávku 3.5 g v pomere 5:3) Alergény: Neobsahuje Vyrobené na: Slovensko",https://powerlogy.com/upgraded-power-coffee-10-x-3-5g,Powerlogy,Powerlogy,https://media.powerlogy.com/1/live/20260521113617/powerlogy-upgraded-organic-power-coffee.png,out_of_stock,16.95 EUR,,8588009019459,70282,,new,Zdravé potraviny > Káva a kakao > Káva > Instantná káva,0.1,kg,https://powerlogy.com/,true,14,https://powerlogy.com/o-nakupe/vseobecne-obchodne-podmienky,true,4.80,41,SK,SK,food,instantná-káva,out-of-stock,single,
499965,Powerlogy Fizzy Collagen Orange 300 g,"Šumivý grass fed kolagén s vitamínom C a pomarančovou príchuťou  Vlastnosti, vďaka ktorým sa na náš prírodný kolagén v prášku môžete spoľahnúť: Výberový kolagén najvyššej kvality s čistým prírodným zložením. Žiadna pachuť ani zápach a to bez cukru, umelých sladidiel a konzervantov. 90 mg vitamínu C, ktorý prispieva k správnej tvorbe kolagénu a k správnej funkcii kostí a chrupaviek. Rýchla vstrebateľnosť a veľmi ľahká stráviteľnosť. Vysoký pomer esenciálnych aminokyselín a funkčného kolagénu. Prirodzene ľahká rozpustnosť v nápojoch. V Powerlogy robíme maximum pre vývoj inovatívnych funkčných potravín, ktoré v sebe spájajú silu čistej chuti a funkčnosti. Cieľom je podpora nadpriemerného fyzického i mentálneho výkonu a kultivácia našej sily. Veríme, že kvalitné jedlo mení myslenie. Preto naše produkty spracovávame len minimálne a zachovávame tak ich vysokú výživovú hodnotu. V Powerlogy je našou vášňou progresívna a efektívna životospráva, ktorá však musí chutiť. Popis výrobku: Šumivý kolagénový nápoj v prášku s hydrolyzovaným hovädzím proteínom a pomarančovou arómou Hmotnosť: 300 g Zloženie: hovädzí hydrolyzovaný peptid, hydrogénuhličitan sodný, kyselina jablčná, kyselina citrónová, prírodná pomarančová aróma, vitamín C (extrakt z plodov aceroly (Malpighia emarginata)), betakarotén, sladidlo: glykozidy steviolu zo stévie. Alergény: Neobsahuje Vyrobené na: Slovensko",https://powerlogy.com/fizzy-collagen-orange,Powerlogy,Powerlogy,https://media.powerlogy.com/1/live/20260521113814/powerlogy-collagen-fizzy-orange.png,in_stock,29.95 EUR,,8588009019763,70337,,new,Funkčná výživa > Kolagény > Kolagény na kosti a kĺby > Hovädzie kolagény na kĺby,0.3,kg,https://powerlogy.com/,true,14,https://powerlogy.com/o-nakupe/vseobecne-obchodne-podmienky,false,4.87,93,SK,SK,supplement,hovädzie-kolagény-na-kĺby,in-stock,single,
500751,Powerlogy Organic C8 MCT Oil 500 ml,"Prémiový BIO C8 MCT olej zložený len z kyseliny kaprylovej • Neobsahuje alergény • Vhodné pre vegánov a vegetariánov • Vhodné pre histaminikov • Balenie obsahuje cca 50 porcií (1 porcia = 10 ml) • Neobsahuje žiadny cukor Vlastnosti, vďaka ktorým sa na náš Organic C8 MCT olej môžete spoľahnúť: 99 % obsah C8 kyseliny kaprylovej (1% C10). 7-krát rýchlejšia vstrebateľnosť a efektivita v porovnaní s kokosovým olejom. Prémiová BIO kvalita . Priama podpora spaľovania tukov bez záťaže trávenia . Rýchla a stabilná energia pre vysoký mentálny a fyzický výkon. Prémiová kvalita 100 % kokosového pôvodu v skle. Čisté zloženie bez príchutí, palmového oleja, lepku, cukru a umelých konzervantov. V Powerlogy robíme maximum pre vývoj inovatívnych funkčných potravín, ktoré v sebe spájajú silu čistej chuti a funkčnosti. Cieľom je podpora nadpriemerného fyzického i mentálneho výkonu a kultivácia našej sily. Veríme, že kvalitné jedlo mení myslenie. Preto naše produkty spracovávame len minimálne a zachovávame tak ich vysokú výživovú hodnotu. Powerlogy Organic C8 MCT olej spĺňa najvyššie kritériá kvality. V Powerlogy je našou vášňou progresívna a efektívna životospráva, ktorá však musí chutiť. Popis výrobku: BIO rastlinný olej extrahovaný z kokosových orechov. Objem: 500 ml Zloženie: triglyceridy kyseliny kaprylovej z BIO kokosového oleja. Alergény: Neobsahuje Krajina pôvodu: India Vyrobené na: Nemecko",https://powerlogy.com/powerlogy-organic-c8-mct-oil-500-ml,Powerlogy,Powerlogy,https://media.powerlogy.com/1/live/20240517120239/organic-c8-mct-menej.png,in_stock,26.95 EUR,,8588009019756,70336,,new,Funkčná výživa > MCT olej > BIO MCT Oleje,0.8,kg,https://powerlogy.com/,true,14,https://powerlogy.com/o-nakupe/vseobecne-obchodne-podmienky,true,4.95,167,SK,SK,food,bio-mct-oleje,in-stock,single,
501722,Powerlogy Upgraded Organic Berries 250 g,"BIO superfood mix 5 druhov bobuľového ovocia a prebiotickej vlákniny • Bez lepku, mlieka a pridaného cukru • Výživa + podpora trávenia a mikrobiómu • Vhodné pre vegánov • Balenie obsahuje cca 25 porcií (1 porcia = 10 g) • Len 2,6 g cukru na jednu porciu  Popis výrobku: BIO nápoj v prášku z 5 druhov bobuľového ovocia obohatený o prebiotické oligosacharidy z koreňa čakanky Hmotnosť: 250 g Zloženie: prášok z BIO bobuľového ovocia (BIO lesné čučoriedky, BIO bobule goji, BIO maliny, BIO čierne ríbezle, BIO jahody), BIO čakanková oligofruktóza (čiastočne enzymaticky hydrolyzovaný inulín), prášok z BIO chia semienok, prášok z BIO ľanových semienok, BIO šípkový prášok, prášok z BIO červenej repy, si Alergény: Neobsahuje Vyrobené na: Slovensko",https://powerlogy.com/upgraded-organic-berries,Powerlogy,Powerlogy,https://media.powerlogy.com/1/live/20260521113628/powerlogy-upgraded-organic-berries.png,in_stock,27.95 EUR,14.95 EUR,8588009019770,70338,,new,Funkčná výživa > Superpotraviny > Bobuľové ovocie,0.25,kg,https://powerlogy.com/,true,14,https://powerlogy.com/o-nakupe/vseobecne-obchodne-podmienky,true,4.93,84,SK,SK,food,bobuľové-ovocie,in-stock,single,
502307,Powerlogy Upgraded Deep Sleep 60 kapsúl,"Komplex funkčných látok na upokojenie nervového systému a podporu kvalitného spánku Vlastnosti, vďaka ktorým sa na náš Upgraded Deep Sleep môžete spoľahnúť: Čisté zloženie a 100 % dôraz na funkčnú dávku. Vedecky dokázané účinky vybraných látok v synergickej kombinácii. GABA, 5-HTP, horčík a špeciálny komplex RelaxPLX® (Verbena). Priamy účinok na mozog a nervový systém cez optimalizáciu neurotransmiterov. Neobsahuje melatonín, ale cieli na jeho prekurzory, takže telo si melatonín vytvorí samé. Vegánske kapsule 100 % bez lepku, mlieka a alergénov. V Powerlogy robíme maximum pre vývoj inovatívnych funkčných potravín a doplnkov výživy, ktoré majú pomáhať kultivácii našej Human Power každý deň. Naším cieľom je podpora nadpriemerného fyzického i mentálneho výkonu, avšak bez obety zdravia. Veríme, že kvalitný spánok je kľúčovým predpokladom dlhodobého zdravia. Produkt spĺňa najvyššie kritériá kvality a prešiel laboratórnym aj osobným testovaním. Je určený na dlhodobé užívanie. V čom je Upgraded Deep Sleep unikátny Powerlogy Upgraded Deep Sleep sme vyvíjali a konzultovali s odborníkmi na výživu mozgu vyše roka. Naším cieľom bolo priniesť na trh naozaj funkčný, komplexný a efektívny doplnok výživy, ktorý prinesie každodenné benefity. Najmä pri regulácii nervového systému, znížení stavov úzkosti a stresu prameniaceho z prestimulovanej mysle. Svieže ráno bez omámenia Ide o spôsob relaxácie, ktorý nie je umelý. Doplnok neobsahuje melatonín alebo iné látky, ktoré by vás priamo „uspali“. Vďaka inovatívnemu zloženiu podporuje prirodzené procesy prispievajúce k zníženiu napätia a kvalitnému spánku. Nie sú návykové a ráno nespôsobujú vedľajšie účinky „omámenia“. Ak je vaším cieľom zlepšiť spánok v náročných dňoch so sviežim prebudením, Upgraded Deep Sleep je správne riešenie. Výber ingrediencií, kvalita a čistota sú pri doplnkoch výživy kritické parametre. Samozrejme, správna spánková rutina a eliminácia modrého svetla je základom. Trúfame si však povedať, že Powerlogy Upgraded Deep Sleep patrí práve vďaka unikátnemu zloženiu medzi najefektívnejšie riešenia bez obsahu melatonínu. Popis výrobku: Výživový doplnok. Balenie obsahuje 60 kapsúl. Denná dávka = 2 kapsuly ~1520 mg. Hmotnosť: 45,6 g Počet kapsúl: 60 ks Alergény: neobsahuje Vyrobené v: Česká republika",https://powerlogy.com/powerlogy-upgraded-deep-sleep-60-kapsul,Powerlogy,Powerlogy,https://media.powerlogy.com/1/live/20240702133742/upgraded-deep-sleep-menej.png,in_stock,34.95 EUR,,8588009019749,70331,,new,Výživové doplnky > Nootropiká,,,https://powerlogy.com/,true,14,https://powerlogy.com/o-nakupe/vseobecne-obchodne-podmienky,false,4.90,10,SK,SK,supplement,nootropiká,in-stock,single,
515277,Powerlogy Organic Cinnamon Oatmeal 350 g,"Bezlepková BIO raňajková kaša s jablkami, škoricou, chia semienkami a mandľami V čom je BIO škoricová kaša jedinečná? Po veľkom úspechu Powerlogy granoly rozširujeme raňajkovú ponuku o škoricovo-jablkovú raňajkovú kašu. Na trhu nám totiž chýbajú 100 % bezlepkové a zároveň kvalitatívne vyvážené raňajkové riešenia, ktoré majú optimálne nutričné zloženie bez pridaného cukru a s vysokým obsahom vlákniny. Nová kaša je navyše v BIO kvalite z udržateľného poľnohospodárstva. Receptúra je čisto rastlinného pôvodu a tak je vhodná aj pre striktných vegetariánov či vegánov. Harmóniu čistej chuti sme dosiahli výberom prírodných ingrediencií. Vločky sú jemné a ľahko sa vám okamžite premenia na lahodnú kašu, ktorú si môžete pripraviť na teplo, ale aj na studeno. Raňajky či rýchly snack si vás podmania chuťou mandlí, voňavej škorice, sušených jabĺk a časom prípravy, ktorý netrvá viac ako 3 minúty. Vlastnosti, vďaka ktorým sa môžete na našu BIO raňajkový kašu spoľahnúť: 100 % bezlepkové a bezmliečne ingrediencie v BIO kvalite. 100 % bez palmového oleja , emulzifikátorov a umelých konzervantov. 100 % prírodné suroviny bez rafinovaného cukru. Menej rýchlych cukrov a vysoký obsah vlákniny pre postupné uvoľňovanie energie. Laboratórne testy na kontrolu ochratoxínov, aflatoxínov a oxidácie orechov. Powerlogy Oatmeal vyrábame v ekologicky certifikovanej výrobe s najvyššími medzinárodnými BRC štandardami výroby a kvality . Receptúra je vyvinutá zakladateľom Powerlogy a špecialistom na funkčné potraviny Dušanom Plichtom, ktorý za svoje receptúry získali už viac ako 10 medzinárodných ocenení Great Taste Awards. Výživové hľadisko zloženia konzultujeme s odborníkmi z vedeckej rady Powerlogy. Z pohľadu precíznej výroby spĺňa táto raňajková kaša náročné kritériá nemeckej BIO kvality pre šetrné spracovanie surovín. Naším cieľom je nielen skvelá chuť, ale rovnako optimálny vplyv na organizmus a vysoká výživová hodnota. Veríme, že kvalitné jedlo mení myslenie, a preto je pre nás vývoj a kvalita každého jedného produktu dôležitou investíciou. A nie iba nevyhnutným nákladom. Popis výrobku: Bezlepkový raňajkový mix s mandľami, jablkami a škoricou. Hmotnosť: 350 g Zloženie: BIO bezlepkové ovsené vločky, BIO mandle, BIO datľový prášok, BIO sušené jablká, BIO tekvicové semienka, BIO quinoa, BIO chia semená (semená šalvie Salvia hispanica), BIO škorica, morská soľ. Vyrobené v: Česká republika Alergény: Orechy (mandle)",https://powerlogy.com/organic-cinnamon-oatmeal,Powerlogy,Powerlogy,https://media.powerlogy.com/1/live/20260521113702/powerlogy-oatmeal-organic-cinnamon.png,in_stock,9.95 EUR,8.55 EUR,8588009019800,70340,,new,Zdravé potraviny > Raňajkové ovsené kaše > BIO kaše,0.35,kg,https://powerlogy.com/,true,14,https://powerlogy.com/o-nakupe/vseobecne-obchodne-podmienky,true,4.77,48,SK,SK,food,bio-kaše,in-stock,single,
516335,Deortegas Organic Extra Virgin Olive Oil Coupage 2 l,"Extra panenský BIO olivový olej Coupage vo veľkom balení, vhodný aj na varenie Španielsky BIO extra panenský olivový olej Deortegas Coupage v praktickom bag-in-box balení. Zmes odrôd arbequina, picual, cornicabra a hojiblanca, s jemnou a sviežou chuťou a kyslosťou len 0,2 %. Ideálny na šaláty, ryby, mäso a omáčky. Lisovaný za studena pre zachovanie kvality. Vysoký obsah polyfenolov - 399,4 mg/kg. Deortegas Bag in Box 2L Coupage je výnimočný organický extra panenský olivový olej, ktorý kombinuje odrody arbequina, picual, cornicabra a hojiblanca, čím vytvára jedinečne vyváženú a sviežu chuť. Tento olej je výsledkom šetrného lisovania za studena, vďaka čomu si uchováva všetky dôležité živiny a charakteristické arómy – tóny zelenej paradajky, banánu a aromatických bylín. Má veľmi nízku kyslosť len 0,2 %, čo svedčí o jeho mimoriadnej kvalite. Vďaka tejto jemnosti a všestrannosti je ideálny na každodenné použitie – od šalátov cez ryby a mäso až po omáčky. Navyše, je vyrábaný s maximálnou úctou k prírode a rešpektom k tradičným postupom, čo z neho robí skutočne unikátny produkt pre gurmánov a milovníkov kvalitných surovín. Sme nadšení, že kvalita oleja sa niekoľkokrát potvrdila. Tento olivový olej získal zlatú medailu na súťaži FLOS OLEI 2019. Stal sa najlepším španielskym olivovým olejom a zaradil sa medzi TOP olivové oleje na celom svete. Odroda: arbequina, picual, cornicabra a hojiblanca. Lisovaný za studena z ekologického pestovania. Kyslosť: <0,2 %. Spracovaný s maximálnym rešpektom k životnému prostrediu. ?",https://powerlogy.com/deortegas-organic-extra-virgin-olive-oil-coupage-2l-bag-in-box,Powerlogy,Powerlogy,https://media.powerlogy.com/1/live/20241106161642/web-gradient-1200x628-2024-11-06t161620040.png,in_stock,54.95 EUR,,8436530680443,70345,,new,Zdravé potraviny > Oleje a ghee maslo > Olivové oleje,2.4,kg,https://powerlogy.com/,true,14,https://powerlogy.com/o-nakupe/vseobecne-obchodne-podmienky,true,5.00,2,SK,SK,food,olivové-oleje,in-stock,single,
518416,Powerlogy Upgraded Enzymes 60 kapsúl,"Komplex enzýmov na optimalizáciu trávenia a lepšie vstrebávanie živín Komplex 13 tráviacich enzýmov s trojfázovou proteázou a 900 mg betaínu HCl na dennú dávku. Pokrýva rozklad proteínov, tukov, sacharidov aj laktózy. Vegánske kapsuly bez mlieka, sladidiel a GMO. Upgraded Enzymes kombinuje tri skupiny aktívnych zložiek: trojfázovú proteázu pokrývajúcu rozklad proteínov pri rôznych hodnotách pH, širokú zmes 12 enzýmov pre tuky, sacharidy aj vlákninu, a betaín HCl pre podporu žalúdočnej kyslosti. Zatiaľ čo bežné tráviace doplnky ponúkajú jeden alebo dva enzýmy, Upgraded Enzymes idú hlbšie - betaín HCl vytvára správne prostredie, trojfázová proteáza rieši rozklad proteínov na viacerých úrovniach a bromelín ho dopĺňa z iného zdroja. Betaín HCl je zdrojom kyseliny chlorovodíkovej, ktorá je nevyhnutná na aktiváciu pepsínu a acidické prostredie optimálne pre rozklad proteínov. Denná dávka 3 kapsúl poskytuje 900 mg betaínu HCl - podstatne vyššie množstvo než bežné tráviace doplnky. Proteázy bývajú aktívne len v úzkom rozsahu pH. Trojfázová kombinácia (pH 3,0 + 4,5 + 6,0) pokrýva rozklad proteínov naprieč rôznymi fázami trávenia - od kyslého žalúdočného prostredia po neutrálnejšie črevné. Bromelín je proteolytický enzým z ananásu (Ananas comosus) s výnimočne vysokou enzymatickou aktivitou - 1 000 000 PU na kapsulu. Dopĺňa trojfázovú proteázu ako doplnkový zdroj proteolytickej aktivity z rastlinného pôvodu. Odporúčané dávkovanie sú 3 kapsuly denne. Kapsuly prehĺtajte vcelku a zapite dostatočným množstvom vody. Najlepšie je užívať ich priamo pred alebo po",https://powerlogy.com/upgraded-enzymes,Powerlogy,Powerlogy,https://media.powerlogy.com/1/live/20241029094151/enzymes-crop-menej.png,in_stock,21.95 EUR,,8588009019787,70339,,new,Výživové doplnky > Vegánske vitamíny a doplnky stravy,,,https://powerlogy.com/,true,14,https://powerlogy.com/o-nakupe/vseobecne-obchodne-podmienky,false,5.00,5,SK,SK,supplement,vegánske-vitamíny-a-doplnky-stravy,in-stock,single,
525218,"BONTHÉ Jasmine 16 x 2,5 g","BIO zelený jazmínový čaj s jemnou chuťou a vôňou, ideálny na chvíle relaxácie BIO zelený čaj s jemnou jazmínovou chuťou ponúka osviežujúci zážitok a príjemnú vôňu. Jazmínové čaje sa tradične vyrábajú tak, že čajové lístky sa premiešajú s kvetmi jazmínu, ktoré im odovzdajú svoju vôňu. Moderný postup však ponecháva jazmínové kvietky natrvalo premiešané s lístkami čaju , čím sa dosiahne nielen intenzívna vôňa, ale aj vizuálna atraktívnosť. Kvalitné zloženie zaručuje prirodzenú chuť, ideálnu na chvíle relaxácie a pohody. Je vyrobený z kvalitných surovín a balený v biodegradovateľných pyramídových vrecúškach , ktoré zachovávajú čerstvosť a hygienu. Keď som objavil značku Bonthé, okamžite som v nich spoznal spriazneného partnera. Rovnako ako my v Powerlogy, šíria myšlienku, že kvalita a starostlivosť o seba majú byť súčasťou každodenného života. Bonthé spája tradície čajových kultúr s moderným prístupom, čím prináša gurmánsky zážitok v spojení s harmóniou a vnútorným pokojom.",https://powerlogy.com/bonthe-jasmine-16-x-25-g,Powerlogy,Powerlogy,https://media.powerlogy.com/1/live/20250115152713/jasmine-4618jpg-min-photoroom-photoroom-min.png,in_stock,8.95 EUR,,8585037775012,70359,,new,Zdravé potraviny > Čaje,0.05,kg,https://powerlogy.com/,true,14,https://powerlogy.com/o-nakupe/vseobecne-obchodne-podmienky,true,5.00,1,SK,SK,food,čaje,in-stock,single,
525226,Puori O3 - omega 3 mastné kyseliny,"Čistý omega-3 doplnok s vysokou EPA/DHA Objavte čistotu a kvalitu s Puori O3 - omega-3 mastnými kyselinami. Prírodný rybí olej s vysokou koncentráciou EPA/DHA, bez rybej pachute, obohatený o citrónovú arómu. Certifikované 5-star IFOS Award a udržateľne získavané z rýb z Tichého oceánu. Dánska značka Puori vznikla v roku 2009 vďaka dvom biohackerským vizionárom, ktorých som mal česť stretnúť na výstave Organic Nordic Foods v Malmö. Oliver Amdrup-Chamby a Julius Heslet zdieľajú hodnoty kvality a inovácie podobné Powerlogy. Omega-3 mastné kyseliny sú esenciálne živiny, ktoré si telo nedokáže vyrobiť samo, no sú kľúčové pre zdravie mozgu, srdca a celkovú rovnováhu organizmu. Väčšina stravy obsahuje vysoký pomer omega-6 mastných kyselín, čo môže viesť k zápalom. Puori O3 dopĺňa omega-3 mastné kyseliny EPA a DHA. EPA a DHA prispievajú k správnej funkcii srdca. Rybí olej pochádza z ančovičiek, makrel a sardiniek lovených etickými metódami v Tichom oceáne. Každá šarža je testovaná na ťažké kovy, PCB a iné škodlivé látky nezávislou organizáciou IFOS . Výsledky testov sú dostupné cez Clean Label Project, čím zaručujeme maximálnu transparentnosť. Julius Heslet a Oliver Amdrup sú nadšenci pre čisté a udržateľné zdravie. Ich poslaním je vytvárať prémiové doplnky výživy z tých najčistejších prírodných ingrediencií, ktoré podporujú zdravie, výkon a rovnováhu. Veria, že transparentnosť a kvalita sú kľúčom k zdraviu a lepšiemu životu.",https://powerlogy.com/puori-o3-omega-3-mastne-kyseliny,Powerlogy,Powerlogy,https://media.powerlogy.com/1/live/20250203143413/o3-us-102006-6-2000x2000px-png-grande.webp,in_stock,45.95 EUR,,5710789000713,70350,,new,Výživové doplnky > Omega-3 kyseliny,,,https://powerlogy.com/,true,14,https://powerlogy.com/o-nakupe/vseobecne-obchodne-podmienky,false,,,SK,SK,supplement,omega-3-kyseliny,in-stock,single,
525282,Wild & Coco BIO Coconut Milk (17%) 400 ml,"BIO kokosové mlieko so 17 % podielom tuku Organické kokosové mlieko so 17 % podielom tuku poslúži ako dokonalá náhrada za živočíšne mlieko s lahodnou kokosovou chuťou a vôňou. Prirodzene neobsahuje laktózu, vďaka čomu je vhodné pre vegánov aj ľudí s laktózovou intoleranciou. Vyrobené na Slovensku. Wild & Coco, česká značka založená v roku 2015 biohackerom Atreyom a manželkou Kateřinou Rae , vznikla s jasnou víziou – odhaliť a využiť skrytý potenciál kokosu. Táto na prvý pohľad nenápadná surovina sa stala základom produktov, ktoré prirodzene zapadnú do bežného jedálnička a ponúkajú nové, originálne chuťové a výživové zážitky. Atrey a jeho tím dbajú na každý detail – od výberu organických ingrediencií až po precízne spracovanie. Ich produkty oslovujú vedomých spotrebiteľov, ktorí hľadajú prírodné a efektívne riešenia na skvalitnenie každodenného života. Skladujte pri izbovej teplote (20 - 30 °C). Chráňte pred priamym slnečným svetlom alebo inými zdrojmi tepla. V chladných podmienkach (pod 20 °C) má kokosové mlieko prirodzenú tendenciu tuhnúť. Po otvorení prelejte do nekovovej nádoby, uchovávajte v chladničke a spotrebujte do 3 dní.",https://powerlogy.com/wild-and-coco-bio-coconut-milk-17-400-ml,Powerlogy,Powerlogy,https://media.powerlogy.com/1/live/20250115154006/kokosove-mlieko-bio-w1200-h1200-f0-c67467b1663c4f684712bf2e02f1ad60-min-photoroom.png,in_stock,2.95 EUR,,8594185395065,70383,,new,Zdravé potraviny > Rastlinné mlieka a nápoje,0.5,kg,https://powerlogy.com/,true,14,https://powerlogy.com/o-nakupe/vseobecne-obchodne-podmienky,true,,,SK,SK,food,rastlinné-mlieka-a-nápoje,in-stock,single,
525283,Wild & Coco BIO Virgin Coconut Oil 300 ml,"BIO panenský RAW kokosový olej Panenský RAW kokosový olej v biokvalite lisovaný za studena vyrobený odstreďovaním. Má univerzálne využitie v kuchyni, ale aj v starostlivosti o vlasy, nechty či pokožku. Wild & Coco, česká značka založená v roku 2015 biohackerom Atreyom a manželkou Kateřinou Rae , vznikla s jasnou víziou – odhaliť a využiť skrytý potenciál kokosu. Táto na prvý pohľad nenápadná surovina sa stala základom produktov, ktoré prirodzene zapadnú do bežného jedálnička a ponúkajú nové, originálne chuťové a výživové zážitky. Atrey a jeho tím dbajú na každý detail – od výberu organických ingrediencií až po precízne spracovanie. Ich produkty oslovujú vedomých spotrebiteľov, ktorí hľadajú prírodné a efektívne riešenia na skvalitnenie každodenného života.",https://powerlogy.com/wild-and-coco-bio-virgin-coconut-oil-300-ml,Powerlogy,Powerlogy,https://media.powerlogy.com/1/live/20250115154118/panensky-raw-kokosovy-olej-bio-w1200-h1200-f0-a7f6632427fc39dff7f0cba2b2d94385-min-photoroom-1.png,out_of_stock,7.55 EUR,,8594185395478,70382,,new,Zdravé potraviny > Oleje a ghee maslo > Kokosové oleje,0.4,kg,https://powerlogy.com/,true,14,https://powerlogy.com/o-nakupe/vseobecne-obchodne-podmienky,true,5.00,2,SK,SK,food,kokosové-oleje,out-of-stock,single,
525316,Wild & Coco BIO Coconut Milk (22%) 400 ml,"BIO kokosové mlieko s 22 % tuku Organické kokosové mlieko s 22 % tuku ako skvelá náhrada živočíšnej smotany. Obsahuje veľké množstvo MCT tukov , ktoré sú zdravým a rýchlym zdrojom energie. Je vyrobené na Slovensku a vhodné pre vegánov, ľudí s intoleranciou na laktózu aj tých, ktorí majú problém s trávením tukov. Wild & Coco, česká značka založená v roku 2015 biohackerom Atreyom a manželkou Kateřinou Rae , vznikla s jasnou víziou – odhaliť a využiť skrytý potenciál kokosu. Táto na prvý pohľad nenápadná surovina sa stala základom produktov, ktoré prirodzene zapadnú do bežného jedálnička a ponúkajú nové, originálne chuťové a výživové zážitky. Atrey a jeho tím dbajú na každý detail – od výberu organických ingrediencií až po precízne spracovanie. Ich produkty oslovujú vedomých spotrebiteľov, ktorí hľadajú prírodné a efektívne riešenia na skvalitnenie každodenného života.",https://powerlogy.com/wild-and-coco-bio-coconut-milk-22-400-ml,Powerlogy,Powerlogy,https://media.powerlogy.com/1/live/20250115153925/kokosove-mlieko-bio-22-tuku-w1200-h1200-f0-215cd544557bd850966680b97d153c7d-1-min-photoroom.png,in_stock,3.35 EUR,,8594185395423,70384,,new,Zdravé potraviny > Rastlinné mlieka a nápoje,0.5,kg,https://powerlogy.com/,true,14,https://powerlogy.com/o-nakupe/vseobecne-obchodne-podmienky,true,5.00,3,SK,SK,food,rastlinné-mlieka-a-nápoje,in-stock,single,
525318,Wild & Coco BIO Dried coconut milk 300 g,"BIO sušené kokosové mlieko Sušené kokosové mlieko v prášku s lahodnou chuťou a vôňou . Je dokonalou náhradou živočíšneho mlieka aj smotany, pretože prirodzene neobsahuje laktózu . Skvelý pomocník do každej kuchyne nielen pre jeho široké využitie, ale aj trvanlivosť a skladnosť. Vyrobené na Slovensku. Wild & Coco, česká značka založená v roku 2015 biohackerom Atreyom a manželkou Kateřinou Rae , vznikla s jasnou víziou – odhaliť a využiť skrytý potenciál kokosu. Táto na prvý pohľad nenápadná surovina sa stala základom produktov, ktoré prirodzene zapadnú do bežného jedálnička a ponúkajú nové, originálne chuťové a výživové zážitky. Atrey a jeho tím dbajú na každý detail – od výberu organických ingrediencií až po precízne spracovanie. Ich produkty oslovujú vedomých spotrebiteľov, ktorí hľadajú prírodné a efektívne riešenia na skvalitnenie každodenného života.",https://powerlogy.com/wild-and-coco-bio-dried-coconut-milk-300-g,Powerlogy,Powerlogy,https://media.powerlogy.com/1/live/20250115154141/susene-kokosove-mlieko-w1200-h1200-f0-b25ebb941575faef41404911910b0c6e-min-photoroom.png,in_stock,7.95 EUR,,8594185395409,70385,,new,Zdravé potraviny > Rastlinné mlieka a nápoje,0.3,kg,https://powerlogy.com/,true,14,https://powerlogy.com/o-nakupe/vseobecne-obchodne-podmienky,true,5.00,5,SK,SK,food,rastlinné-mlieka-a-nápoje,in-stock,single,
525327,Puori Omega 3 tekutý 150 ml,"Vysoko koncentrovaný tekutý rybí olej Rybí olej z ančovičiek s prírodnou citrónovou arómou a vysokou koncentráciou EPA a DHA. Zabezpečuje optimálnu rovnováhu mastných kyselín v tele, čím prispieva k zdraviu srdca, mozgu a znižuje zápalové procesy. Dánska značka Puori vznikla v roku 2009 vďaka dvom biohackerským vizionárom, ktorých som mal česť stretnúť na výstave Organic Nordic Foods v Malmö. Oliver Amdrup-Chamby a Julius Heslet zdieľajú hodnoty kvality a inovácie podobné Powerlogy. Omega-3 mastné kyseliny sú esenciálne živiny, ktoré si telo nedokáže vyrobiť samo, no sú kľúčové pre zdravie mozgu, srdca a celkovú rovnováhu organizmu. Väčšina stravy obsahuje vysoký pomer omega-6 mastných kyselín, čo môže viesť k zápalom. Puori O3 dopĺňa omega-3 mastné kyseliny EPA a DHA. EPA a DHA prispievajú k správnej funkcii srdca. Puori O3L pochádza z ančovičiek lovených udržateľnými metódami v Tichom oceáne. Olej prechádza šetrným čistením na odstránenie ťažkých kovov a iných nečistôt. Prírodná citrónová aróma eliminuje rybiu pachuť, vďaka čomu je doplnok príjemný na konzumáciu. Julius Heslet a Oliver Amdrup sú nadšenci pre čisté a udržateľné zdravie. Ich poslaním je vytvárať prémiové doplnky výživy z tých najčistejších prírodných ingrediencií, ktoré podporujú zdravie, výkon a rovnováhu. Veria, že transparentnosť a kvalita sú kľúčom k zdraviu a lepšiemu životu.",https://powerlogy.com/puori-omega-3-tekuty-150-ml,Powerlogy,Powerlogy,https://media.powerlogy.com/1/live/20250114225516/o3l-packshot-dk-210324-1500x1500-rgb-png.webp,in_stock,39.95 EUR,,5710789000782,70351,,new,Výživové doplnky > Omega-3 kyseliny,0.2,kg,https://powerlogy.com/,true,14,https://powerlogy.com/o-nakupe/vseobecne-obchodne-podmienky,false,,,SK,SK,supplement,omega-3-kyseliny,in-stock,single,
525328,Puori Magnesium complex 120 kapsúl,"Komplex magnézia, zinku a vitamínu B6 Kombinácia ľahko vstrebateľného magnézia, zinku a vitamínu B6 z prírodných zdrojov. Podporuje regeneráciu svalov, zmierňuje stres a únavu a je nevyhnutný pre správnu funkciu nervovej sústavy. Dánska značka Puori vznikla v roku 2009 vďaka dvom biohackerským vizionárom, ktorých som mal česť stretnúť na výstave Organic Nordic Foods v Malmö. Oliver Amdrup-Chamby a Julius Heslet zdieľajú hodnoty kvality a inovácie podobné Powerlogy. Magnézium je esenciálny minerál , ktorý sa podieľa na viac ako 300 biochemic ký ch procesoch v tele. Zohráva kľúčovú úlohu pri správnom fungovaní nervovej sústavy, svalovej kontrakcii a energetickom metabolizme . Jeho dostatočný príjem je nevyhnutný pre reguláciu krvného tlaku, zdravie srdca a prevenciu svalových kŕčov . Nedostatok magnézia môže viesť k únave, podráždenosti, svalovým kŕčom, problémom so spánkom a zhoršenej koncentrácii . Moderná strava často obsahuje nízke množstvo tohto minerálu, preto je vhodné ho dopĺňať prostredníctvom kvalitných foriem. Puori M3 je vyrobený z prírodných a vysoko vstrebateľných foriem minerálov , ktoré zabezpečujú ich maximálnu účinnosť v tele. Magnézium pochádza z morskej vody a spodnej pôdy , pričom obsahuje dve chelatované formy – citrát a bisglycinát, ktoré sú známe pre svoju vynikajúcu absorpciu a šetrnosť k tráviacemu systému. Julius Heslet a Oliver Amdrup sú nadšenci pre čisté a udržateľné zdravie. Ich poslaním je vytvárať prémiové doplnky výživy z tých najčistejších prírodných ingrediencií, ktoré podporujú",https://powerlogy.com/puori-magnesium-complex-120-kapsul,Powerlogy,Powerlogy,https://media.powerlogy.com/1/live/20250114224748/m3-us-102116-3-2000x2000px-png.webp,in_stock,35.95 EUR,,5710789002571,70352,,new,Výživové doplnky > Horčík > Horčík pre deti,0.1,kg,https://powerlogy.com/,true,14,https://powerlogy.com/o-nakupe/vseobecne-obchodne-podmienky,false,,,SK,SK,supplement,horčík-pre-deti,in-stock,single,
525329,Puori Vitamin D3 120 kapsúl,"Vitamín D3 2500IU Vitamín D3 extrahovaný z lanolínu , zmiešaný s organickým kokosovým olejom pre lepšiu vstrebateľnosť. Vitamín D prispieva k udržaniu zdravých kostí a zubov, k správnej funkcii svalov a k správnemu fungovaniu imunitného systému. Dánska značka Puori vznikla v roku 2009 vďaka dvom biohackerským vizionárom, ktorých som mal česť stretnúť na výstave Organic Nordic Foods v Malmö. Oliver Amdrup-Chamby a Julius Heslet zdieľajú hodnoty kvality a inovácie podobné Powerlogy. Vitamín D prispieva k udržaniu zdravých kostí a k správnemu fungovaniu imunitného systému. V našom podnebnom pásme je jeho prirodzená produkcia obmedzená, najmä počas zimných mesiacov, preto je dopĺňanie vitamínu D3 dôležité pre udržanie optimálneho zdravia. Puori D3 obsahuje vitamín D3 získaný z lanolínu, prírodnej zložky ovčej vlny , a je zmiešaný s organickým panenským kokosovým olejom pre lepšiu vstrebateľnosť. Produkt neobsahuje umelé prísady a je vhodný pre vegetariánov . Julius Heslet a Oliver Amdrup sú nadšenci pre čisté a udržateľné zdravie. Ich poslaním je vytvárať prémiové doplnky výživy z tých najčistejších prírodných ingrediencií, ktoré podporujú zdravie, výkon a rovnováhu. Veria, že transparentnosť a kvalita sú kľúčom k zdraviu a lepšiemu životu.",https://powerlogy.com/puori-vitamin-d3-120-kapsul,Powerlogy,Powerlogy,https://media.powerlogy.com/1/live/20250114224123/d3-2500ie-us-102206-5-2000x2000px-png.webp,in_stock,23.95 EUR,,5710789000898,70353,,new,Výživové doplnky > Vitamín D,0.1,kg,https://powerlogy.com/,true,14,https://powerlogy.com/o-nakupe/vseobecne-obchodne-podmienky,false,,,SK,SK,supplement,vitamín-d,in-stock,single,
525330,Puori Vitamin C 20 šumivých tabliet,"Prírodný šumivý vitamín C Osviežujúci šumivý nápoj, ktorý kombinuje prírodný vitamín C zo šípok, goji a aceroly s výťažkami z ginkgo biloba a yerba mate. Neobsahuje umelé farbivá ani sladidlá a má jedinečné pomalé rozpúšťanie. Dánska značka Puori vznikla v roku 2009 vďaka dvom biohackerským vizionárom, ktorých som mal česť stretnúť na výstave Organic Nordic Foods v Malmö. Oliver Amdrup-Chamby a Julius Heslet zdieľajú hodnoty kvality a inovácie podobné Powerlogy. Vitamín C je esenciálny vitamín, ktorý si naše telo nedokáže samo vyrobiť. Podporuje imunitný systém, prispieva k regenerácii tkanív a pôsobí ako antioxidant . Jeho dostatočný príjem je kľúčový pre celkové zdravie a vitalitu. Puori C3 obsahuje vitamín C z prírodných zdrojov, ako sú šípky, goji a acerola . Nápoj je ochutený extraktom z manga a pomaranča a sladený stéviou. Pomalé rozpúšťanie je dosiahnuté použitím inulínu a prírodných škrobov namiesto umelých chemických látok. Julius Heslet a Oliver Amdrup sú nadšenci pre čisté a udržateľné zdravie. Ich poslaním je vytvárať prémiové doplnky výživy z tých najčistejších prírodných ingrediencií, ktoré podporujú zdravie, výkon a rovnováhu. Veria, že transparentnosť a kvalita sú kľúčom k zdraviu a lepšiemu životu.",https://powerlogy.com/puori-vitamin-c-20-sumivych-tabliet,Powerlogy,Powerlogy,https://media.powerlogy.com/1/live/20250114224008/c3-us-102716-4-2000x2000px-png.webp,in_stock,16.95 EUR,,5710789003202,70354,,new,Výživové doplnky > Vitamín C,0.1,kg,https://powerlogy.com/,true,14,https://powerlogy.com/o-nakupe/vseobecne-obchodne-podmienky,false,,,SK,SK,supplement,vitamín-c,in-stock,single,
525331,Puori B-Complex Pure Energy 60 kapsúl,"Komplex vitamínov skupiny B Komplex vitamínov skupiny B v bioaktívnych formách na podporu energie, nervového systému a metabolizmu. Pomáha udržiavať duševnú pohodu , podporuje premenu živín na energiu a je nevyhnutný pre zdravie mozgu a svalov. Dánska značka Puori vznikla v roku 2009 vďaka dvom biohackerským vizionárom, ktorých som mal česť stretnúť na výstave Organic Nordic Foods v Malmö. Oliver Amdrup-Chamby a Julius Heslet zdieľajú hodnoty kvality a inovácie podobné Powerlogy. Vitamíny skupiny B sú nevyhnutné pre mnoho telesných funkcií, vrátane produkcie energie, nervového zdravia a metabolizmu . Ich dostatočný príjem je dôležitý najmä pri zvýšenej fyzickej či psychickej záťaži. Puori B-Complex je navrhnutý tak, aby poskytoval osem esenciálnych vitamínov skupiny B v ich aktívnych formách, čo zvyšuje ich biologickú dostupnosť a účinnosť. Tento doplnok je formulovaný bez zbytočných prísad, umelých farbív či konzervantov , čím sa zabezpečuje jeho čistota a kvalita. Julius Heslet a Oliver Amdrup sú nadšenci pre čisté a udržateľné zdravie. Ich poslaním je vytvárať prémiové doplnky výživy z tých najčistejších prírodných ingrediencií, ktoré podporujú zdravie, výkon a rovnováhu. Veria, že transparentnosť a kvalita sú kľúčom k zdraviu a lepšiemu životu.",https://powerlogy.com/puori-b-complex-pure-energy-60-kapsul,Powerlogy,Powerlogy,https://media.powerlogy.com/1/live/20250114223135/b-complex-eu-uk-104212-4-2000x2000px-png.webp,in_stock,27.95 EUR,,5710789004490,70355,,new,Výživové doplnky > Vitamín B > Vitamín B1,0.1,kg,https://powerlogy.com/,true,14,https://powerlogy.com/o-nakupe/vseobecne-obchodne-podmienky,false,5.00,1,SK,SK,supplement,vitamín-b1,in-stock,single,
525332,Puori Multivitamin & Minerals 60 kapsúl,"Multivitamín s minerálmi Vyvážený multivitamín s bioaktívnymi formami vitamínov a minerálov , ktorý dopĺňa výživové nedostatky z bežnej stravy. Obsahuje esenciálne živiny potrebné pre energiu, zdravé kosti, pokožku a imunitný systém , pričom je vyrobený bez umelých aditív. Dánska značka Puori vznikla v roku 2009 vďaka dvom biohackerským vizionárom, ktorých som mal česť stretnúť na výstave Organic Nordic Foods v Malmö. Oliver Amdrup-Chamby a Julius Heslet zdieľajú hodnoty kvality a inovácie podobné Powerlogy. Aj pri pestrej strave môže byť náročné získať všetky potrebné živiny v optimálnych množstvách. Puori V poskytuje vyvážené spektrum vitamínov a minerálov v ľahko vstrebateľných formách pre maximálnu účinnosť. Multivitamín Puori V obsahuje len vysokokvalitné bioaktívne formy vitamínov a minerálov z prírodných zdrojov. Neobsahuje umelé farbivá, konzervanty ani syntetické prísady. Kapsula v Puori V je vegánska a vyrobená z rastlinných vlákien, pričom sýta fialová farba pochádza z fialovej mrkvy, ktorá sa extrahuje a pridáva do kapsuly. Julius Heslet a Oliver Amdrup sú nadšenci pre čisté a udržateľné zdravie. Ich poslaním je vytvárať prémiové doplnky výživy z tých najčistejších prírodných ingrediencií, ktoré podporujú zdravie, výkon a rovnováhu. Veria, že transparentnosť a kvalita sú kľúčom k zdraviu a lepšiemu životu.",https://powerlogy.com/puori-multivitamin-minerals-60-kapsul,Powerlogy,Powerlogy,https://media.powerlogy.com/1/live/20250114223957/v-us-104106-5-2000x2000px-png.webp,out_of_stock,38.95 EUR,,5710789003462,70356,,new,Výživové doplnky > Multivitamíny,0.1,kg,https://powerlogy.com/,true,14,https://powerlogy.com/o-nakupe/vseobecne-obchodne-podmienky,false,,,SK,SK,supplement,multivitamíny,out-of-stock,single,
525333,Puori Creatine+ 300 g,"Kreatín monohydrát a taurín Kombinácia vysoko kvalitného kreatínu monohydrátu a taurínu pre zlepšenie fyzickej výkonnosti a regenerácie . Podporuje nárast svalovej hmoty, zvyšuje silu a vytrvalosť, čím je ideálny pre športovcov aj aktívnych jedincov. Dánska značka Puori vznikla v roku 2009 vďaka dvom biohackerským vizionárom, ktorých som mal česť stretnúť na výstave Organic Nordic Foods v Malmö. Oliver Amdrup-Chamby a Julius Heslet zdieľajú hodnoty kvality a inovácie podobné Powerlogy. Kreatín je jednou z najviac preskúmaných a účinných látok na podporu športového výkonu . Pomáha rýchlejšie obnovovať energetické zásoby v svaloch a zlepšuje silu, výkon a regeneráciu po cvičení . Navyše v kombinácii s taurínom podporujú hydratáciu aj svalovú vytrvalosť. Puori Creatine obsahuje iba čistý kreatín monohydrát a taurín , bez pridaných farbív, sladidiel alebo iných nežiaducich látok. Produkt je bez lepku, laktózy a vhodný pre vegetariánov . Julius Heslet a Oliver Amdrup sú nadšenci pre čisté a udržateľné zdravie. Ich poslaním je vytvárať prémiové doplnky výživy z tých najčistejších prírodných ingrediencií, ktoré podporujú zdravie, výkon a rovnováhu. Veria, že transparentnosť a kvalita sú kľúčom k zdraviu a lepšiemu životu.",https://powerlogy.com/puori-creatine-300-g,Powerlogy,Powerlogy,https://media.powerlogy.com/1/live/20250114221901/c-us-104066-1-2000x2000px-png.webp,in_stock,33.95 EUR,,5710789004568,70357,,new,Výživové doplnky > Kreatín > Kreatín v akcii,0.4,kg,https://powerlogy.com/,true,14,https://powerlogy.com/o-nakupe/vseobecne-obchodne-podmienky,false,5.00,1,SK,SK,supplement,kreatín-v-akcii,in-stock,single,
525334,"Puori Synbiotics 30 x 4,5 g","Puori SB3 - probiotiká a prebiotiká s vitamínom C Objavte rovnováhu a podporu imunity s Puori SB3 – kombináciou probiotík, prebiotík a vitamínu C . Obsahuje 13 miliárd živých probiotických baktérií z kmeňov Bifidobacterium BB-12® a Lactobacillus fermentum PCC®, ktoré sú podporené prebiotickou vlákninou a 200 mg vitamínu C. Dánska značka Puori vznikla v roku 2009 vďaka dvom biohackerským vizionárom, ktorých som mal česť stretnúť na výstave Organic Nordic Foods v Malmö. Oliver Amdrup-Chamby a Julius Heslet zdieľajú hodnoty kvality a inovácie podobné Powerlogy. Zdravé črevá sú základom silnej imunity a celkového zdravia. Probiotiká a prebiotiká v Puori SB3 pomáhajú udržiavať optimálnu rovnováhu črevnej mikroflóry , čím podporujú trávenie, vstrebávanie živín a prirodzenú obranyschopnosť organizmu. Vitamín C navyše prispieva k zníženiu únavy a ochrane buniek pred oxidačným stresom. Puori SB3 obsahuje len starostlivo vybrané prírodné zložky bez umelých prísad . Probiotické kultúry Bifidobacterium BB-12® a Lactobacillus fermentum PCC® sú klinicky testované na účinnosť a prebiotická vláknina znižuje nepriaznivé účinky nerovnováhy v črevách. Produkt je testovaný nezávislými organizáciami na čistotu a kvalitu, čím zaručuje maximálnu transparentnosť. Julius Heslet a Oliver Amdrup sú nadšenci pre čisté a udržateľné zdravie. Ich poslaním je vytvárať prémiové doplnky výživy z tých najčistejších prírodných ingrediencií, ktoré podporujú zdravie, výkon a rovnováhu. Veria, že transparentnosť a kvalita sú kľúčom k zdraviu a lepšiemu životu.",https://powerlogy.com/puori-synbiotics-30-x-45-g,Powerlogy,Powerlogy,https://media.powerlogy.com/1/live/20250114220535/sb3-eu-uk-102502-2-2000x2000px-png.webp,in_stock,49.95 EUR,,5710789001093,70358,,new,Výživové doplnky > Probiotiká,0.135,kg,https://powerlogy.com/,true,14,https://powerlogy.com/o-nakupe/vseobecne-obchodne-podmienky,false,,,SK,SK,supplement,probiotiká,in-stock,single,
525486,"BONTHÉ Mate Lemon 16 x 2,5 g","Osviežujúci juhoamerický čaj s citrónovou chuťou, ktorý podporuje bdelosť, zvyšuje koncentráciu a zmierňuje únavu Maté Lemon je moderný a štýlový nápoj s výraznou osviežujúcou chuťou citrónov. Pochádza z Južnej Ameriky, kde sa používa ako prirodzený stimulant a náhrada kávy. Tento čaj výborne zmierňuje únavu, zvyšuje koncentráciu a podporuje bdelosť. Obsahuje množstvo vitamínov a minerálov, vďaka čomu prispieva k celkovému zdraviu a kondícii. Je vyrobený z kvalitných surovín a balený v biodegradovateľných pyramídových vrecúškach , ktoré zachovávajú čerstvosť a hygienu. Keď som objavil značku Bonthé, okamžite som v nich spoznal spriazneného partnera. Rovnako ako my v Powerlogy, šíria myšlienku, že kvalita a starostlivosť o seba majú byť súčasťou každodenného života. Bonthé spája tradície čajových kultúr s moderným prístupom, čím prináša gurmánsky zážitok v spojení s harmóniou a vnútorným pokojom.",https://powerlogy.com/bonthe-mate-lemon-16-x-25-g,Powerlogy,Powerlogy,https://media.powerlogy.com/1/live/20250115152614/mate-lemon-4628jpg-min-photoroom-photoroom-min.png,in_stock,8.95 EUR,,8585037775111,70367,,new,Zdravé potraviny > Čaje > Bylinkové čaje,0.05,kg,https://powerlogy.com/,true,14,https://powerlogy.com/o-nakupe/vseobecne-obchodne-podmienky,true,,,SK,SK,food,bylinkové-čaje,in-stock,single,
525487,"BONTHÉ Pai Mu Tan 16 x 2,5 g","Jemný čínsky biely čaj s plnou chuťou orieškov a mandlí, šetrne spracovaný pre zachovanie antioxidantov Pai Mu Tan, známy aj ako Biela pivonka, je slávny čínsky biely čaj s plnou chuťou orieškov a mandlí. Tento čaj patrí medzi najprírodnejšie druhy čajov, pretože je šetrne spracovaný a zachováva vysoký obsah antioxidantov. Vďaka svojej jemnej, no zároveň bohatej chuti je výbornou voľbou pre tých, ktorým nevyhovuje zelený ani čierny čaj. Je vyrobený z kvalitných surovín a balený v biodegradovateľných pyramídových vrecúškach , ktoré zachovávajú čerstvosť a hygienu. Keď som objavil značku Bonthé, okamžite som v nich spoznal spriazneného partnera. Rovnako ako my v Powerlogy, šíria myšlienku, že kvalita a starostlivosť o seba majú byť súčasťou každodenného života. Bonthé spája tradície čajových kultúr s moderným prístupom, čím prináša gurmánsky zážitok v spojení s harmóniou a vnútorným pokojom.",https://powerlogy.com/bonthe-pai-mu-tan-16-x-25-g,Powerlogy,Powerlogy,https://media.powerlogy.com/1/live/20250115152439/pai-mu-tan-4627jpg-photoroom-photoroom-min.png,in_stock,8.95 EUR,,8585037775104,70366,,new,Zdravé potraviny > Čaje,0.05,kg,https://powerlogy.com/,true,14,https://powerlogy.com/o-nakupe/vseobecne-obchodne-podmienky,true,,,SK,SK,food,čaje,in-stock,single,
525490,"BONTHÉ Aloe 16 x 2,5 g","Juhoafrický čaj s citrusovou chuťou a vysokým obsahom antioxidantov Rooibos je jedinečný juhoafrický čaj, ktorý je známy svojou lahodnou citrusovou chuťou a vysokým obsahom antioxidantov . Zelený Rooibos, na rozdiel od červeného, si vďaka špeciálnemu spracovaniu zachováva viac živín a sviežosti. Neobsahuje kofeín, a preto je vhodný na každodenné pitie pre deti aj dospelých. Tento čaj osvieži telo a zároveň podporí trávenie a imunitu. Je vyrobený z kvalitných surovín a balený v biodegradovateľných pyramídových vrecúškach , ktoré zachovávajú čerstvosť a hygienu. Keď som objavil značku Bonthé, okamžite som v nich spoznal spriazneného partnera. Rovnako ako my v Powerlogy, šíria myšlienku, že kvalita a starostlivosť o seba majú byť súčasťou každodenného života. Bonthé spája tradície čajových kultúr s moderným prístupom, čím prináša gurmánsky zážitok v spojení s harmóniou a vnútorným pokojom.",https://powerlogy.com/bonthe-aloe-16-x-25-g,Powerlogy,Powerlogy,https://media.powerlogy.com/1/live/20250115155836/777007-photoroom-min.png,out_of_stock,8.95 EUR,,8585037775074,70364,,new,Zdravé potraviny > Čaje > Bylinkové čaje,0.05,kg,https://powerlogy.com/,true,14,https://powerlogy.com/o-nakupe/vseobecne-obchodne-podmienky,true,5.00,2,SK,SK,food,bylinkové-čaje,out-of-stock,single,
525491,BONTHÉ Mint 13 x 2 g,"Bylinkový čaj s osviežujúcou chuťou mäty piepornej na podporu trávenia a relaxáciu Mäta pieporná je bylinkový čaj s typicky sviežou a chladivou chuťou, ktorá osvieži telo aj myseľ . Je ideálny na podporu trávenia, relaxáciu a celkové posilnenie imunity. Tento čaj je vhodný na každodennú konzumáciu, a to kedykoľvek počas dňa, pretože neobsahuje kofeín. Je vyrobený z kvalitných surovín a balený v biodegradovateľných pyramídových vrecúškach , ktoré zachovávajú čerstvosť a hygienu. Keď som objavil značku Bonthé, okamžite som v nich spoznal spriazneného partnera. Rovnako ako my v Powerlogy, šíria myšlienku, že kvalita a starostlivosť o seba majú byť súčasťou každodenného života. Bonthé spája tradície čajových kultúr s moderným prístupom, čím prináša gurmánsky zážitok v spojení s harmóniou a vnútorným pokojom.",https://powerlogy.com/bonthe-mint-13-x-2-g,Powerlogy,Powerlogy,https://media.powerlogy.com/1/live/20250115152543/mint-4623jpg-photoroom-photoroom-min.png,in_stock,7.95 EUR,,8585037775067,70363,,new,Zdravé potraviny > Čaje > Bylinkové čaje,0.05,kg,https://powerlogy.com/,true,14,https://powerlogy.com/o-nakupe/vseobecne-obchodne-podmienky,true,,,SK,SK,food,bylinkové-čaje,in-stock,single,
525493,"BONTHÉ Soothing balsam 16 x 2,5 g","Bylinný čaj s levanduľou a mätou na upokojenie, zmiernenie stresu a podporu spánku Balzam na nervy je bylinná čajová zmes s príjemnou uvoľňujúcou chuťou voňavej levandule a sviežej mäty. Tento čaj je ideálny na upokojenie počas hektického dňa alebo na podporu dobrého spánku. Jeho jedinečné zloženie môže napomáhať pri uvoľňovaní stresu, psychického napätia a bolestiach hlavy. Je vyrobený z kvalitných surovín a balený v biodegradovateľných pyramídových vrecúškach , ktoré zachovávajú čerstvosť a hygienu. Keď som objavil značku Bonthé, okamžite som v nich spoznal spriazneného partnera. Rovnako ako my v Powerlogy, šíria myšlienku, že kvalita a starostlivosť o seba majú byť súčasťou každodenného života. Bonthé spája tradície čajových kultúr s moderným prístupom, čím prináša gurmánsky zážitok v spojení s harmóniou a vnútorným pokojom.",https://powerlogy.com/bonthe-soothing-balsam-16-x-25-g,Powerlogy,Powerlogy,https://media.powerlogy.com/1/live/20250115151716/balzam-na-nervy-4621jpg-min-photoroom-photoroom-min.png,in_stock,8.95 EUR,,8585037775043,70362,,new,Zdravé potraviny > Čaje,0.05,kg,https://powerlogy.com/,true,14,https://powerlogy.com/o-nakupe/vseobecne-obchodne-podmienky,true,,,SK,SK,food,čaje,in-stock,single,
525495,BONTHÉ Forest Fruit 16 x 4 g,"Ovocný čaj s intenzívnou chuťou červeného ovocia, ideálny na relaxáciu a oddych Forest Fruit je ovocný čaj plný intenzívnej chuti červeného ovocia. Jeho podmanivá vôňa a lahodná chuť oslovia všetkých milovníkov ovocných čajov. Tento čaj je ideálny na chvíle oddychu a relaxácie. Obsahuje veľké kúsky sušeného ovocia, ktoré môžete po vylúhovaní aj skonzumovať. Je vyrobený z kvalitných surovín a balený v biodegradovateľných pyramídových vrecúškach , ktoré zachovávajú čerstvosť a hygienu. Keď som objavil značku Bonthé, okamžite som v nich spoznal spriazneného partnera. Rovnako ako my v Powerlogy, šíria myšlienku, že kvalita a starostlivosť o seba majú byť súčasťou každodenného života. Bonthé spája tradície čajových kultúr s moderným prístupom, čím prináša gurmánsky zážitok v spojení s harmóniou a vnútorným pokojom.",https://powerlogy.com/bonthe-forest-fruit-16-x-4-g,Powerlogy,Powerlogy,https://media.powerlogy.com/1/live/20250115152842/forest-fruit-4620jpg-min-photoroom-photoroom-min.png,out_of_stock,8.95 EUR,,8585037775036,70361,,new,Zdravé potraviny > Čaje > Ovocné čaje,0.05,kg,https://powerlogy.com/,true,14,https://powerlogy.com/o-nakupe/vseobecne-obchodne-podmienky,true,,,SK,SK,food,ovocné-čaje,out-of-stock,single,
525496,"BONTHÉ Earl Grey 16 x 2,5 g","Čierny čaj Earl Grey s jemnou arómou bergamotu je ideálny na osvieženie a povzbudenie počas dňa Earl Grey je jedným z najobľúbenejších čajov na svete , známy svojou nezameniteľnou arómou a chuťou. Jeho základ tvorí jemný čierny čaj lahodne doplnený o citrusovú arómu bergamotu , ktorý vám dodá energiu a povzbudí myseľ. Bergamot je citrusové, osviežujúce ovocie, ktoré v závislosti od stupňa zrelosti pripomína limetku alebo citrón. Práve jeho jedinečná aróma a chuť odlišuje Earl Grey od ostatných čiernych čajov. Je vyrobený z kvalitných surovín a balený v biodegradovateľných pyramídových vrecúškach , ktoré zachovávajú čerstvosť a hygienu. Keď som objavil značku Bonthé, okamžite som v nich spoznal spriazneného partnera. Rovnako ako my v Powerlogy, šíria myšlienku, že kvalita a starostlivosť o seba majú byť súčasťou každodenného života. Bonthé spája tradície čajových kultúr s moderným prístupom, čím prináša gurmánsky zážitok v spojení s harmóniou a vnútorným pokojom.",https://powerlogy.com/bonthe-earl-grey-16-x-25-g,Powerlogy,Powerlogy,https://media.powerlogy.com/1/live/20250115152215/777002jpg-min-photoroom-photoroom-min.png,in_stock,8.95 EUR,,8585037775029,70360,,new,Zdravé potraviny > Čaje,0.05,kg,https://powerlogy.com/,true,14,https://powerlogy.com/o-nakupe/vseobecne-obchodne-podmienky,true,,,SK,SK,food,čaje,in-stock,single,
525508,BONTHÉ Chamomile Bio 13 x 2 g,"BIO čaj s jemnou jazmínovou chuťou, príjemnou vôňou a vizuálnou atraktivitou pre chvíle relaxácie BIO čaj s jemnou jazmínovou chuťou ponúka osviežujúci zážitok a príjemnú vôňu. Jazmínové čaje sa tradične vyrábajú tak, že čajové lístky sa premiešajú s kvetmi jazmínu, ktoré im odovzdajú svoju vôňu. Moderný postup však ponecháva jazmínové kvietky natrvalo premiešané s lístkami čaju , čím sa dosiahne nielen intenzívna vôňa, ale aj vizuálna atraktívnosť. Kvalitné zloženie zaručuje prirodzenú chuť, ideálnu na chvíle relaxácie a pohody. Keď som objavil značku Bonthé, okamžite som v nich spoznal spriazneného partnera. Rovnako ako my v Powerlogy, šíria myšlienku, že kvalita a starostlivosť o seba majú byť súčasťou každodenného života. Bonthé spája tradície čajových kultúr s moderným prístupom, čím prináša gurmánsky zážitok v spojení s harmóniou a vnútorným pokojom.",https://powerlogy.com/bonthe-chamomile-bio-13-x-2-g,Powerlogy,Powerlogy,https://media.powerlogy.com/1/live/20250115152941/chamomile-4631jpg-min-photoroom-photoroom-min.png,out_of_stock,7.95 EUR,,8585037775142,70370,,new,Zdravé potraviny > Čaje > Bylinkové čaje,0.05,kg,https://powerlogy.com/,true,14,https://powerlogy.com/o-nakupe/vseobecne-obchodne-podmienky,true,,,SK,SK,food,bylinkové-čaje,out-of-stock,single,
525509,BONTHÉ Cinnamon & Apple 16 x 4 g,"Ovocný čaj s kombináciou sladkých jabĺk a hrejivej škorice Cinnamon & Apple je tradičný ovocný čaj, ktorý spája sladkú šťavnatosť jabĺk s hrejivou arómou škorice . Táto lahodná kombinácia vytvára dokonale vyváženú chuť, ktorá je ideálna na zahriatie počas chladných dní alebo ako príjemný dezertný čaj. Je vyrobený z kvalitných surovín a balený v biodegradovateľných pyramídových vrecúškach , ktoré zachovávajú čerstvosť a hygienu. Keď som objavil značku Bonthé, okamžite som v nich spoznal spriazneného partnera. Rovnako ako my v Powerlogy, šíria myšlienku, že kvalita a starostlivosť o seba majú byť súčasťou každodenného života. Bonthé spája tradície čajových kultúr s moderným prístupom, čím prináša gurmánsky zážitok v spojení s harmóniou a vnútorným pokojom.",https://powerlogy.com/bonthe-cinnamon-apple-16-x-4-g,Powerlogy,Powerlogy,https://media.powerlogy.com/1/live/20250115151856/777013-photoroom-photoroom-min.png,out_of_stock,8.95 EUR,,8585037775135,70369,,new,Zdravé potraviny > Čaje > Ovocné čaje,0.05,kg,https://powerlogy.com/,true,14,https://powerlogy.com/o-nakupe/vseobecne-obchodne-podmienky,true,,,SK,SK,food,ovocné-čaje,out-of-stock,single,
525510,"BONTHÉ Tuareg 16 x 2,5 g","Mätový čaj zo zeleného čaju Gunpowder a nana mäty, ktorý osvieži a povzbudí Tuareg, známy aj ako Marocký mätový čaj, je slávny nápoj zo zeleného čaju Gunpowder a nana mäty . Tento čaj je obľúbený v severozápadnej Afrike, kde sa stal symbolom tradície a pohostinnosti. Jeho výrazná mätová chuť spojená so sviežosťou a jemnou sladkosťou zeleného čaju osvieži počas horúcich dní a povzbudí telo aj myseľ. Je vyrobený z kvalitných surovín a balený v biodegradovateľných pyramídových vrecúškach, ktoré zachovávajú čerstvosť a hygienu. Keď som objavil značku Bonthé, okamžite som v nich spoznal spriazneného partnera. Rovnako ako my v Powerlogy, šíria myšlienku, že kvalita a starostlivosť o seba majú byť súčasťou každodenného života. Bonthé spája tradície čajových kultúr s moderným prístupom, čím prináša gurmánsky zážitok v spojení s harmóniou a vnútorným pokojom.",https://powerlogy.com/bonthe-tuareg-16-x-25-g,Powerlogy,Powerlogy,https://media.powerlogy.com/1/live/20250115161658/777012-photoroom-min.png,in_stock,8.95 EUR,,8585037775128,70368,,new,Zdravé potraviny > Čaje,0.05,kg,https://powerlogy.com/,true,14,https://powerlogy.com/o-nakupe/vseobecne-obchodne-podmienky,true,5.00,1,SK,SK,food,čaje,in-stock,single,
525512,BONTHÉ Ceremonial Matcha Bio 30 g,"Tradičný japonský čaj na povzbudenie a detoxikáciu Ceremonial Matcha Bio je unikátny japonský práškový čaj s jemnou chuťou a intenzívnou dochuťou pripomínajúcou mladé vlašské oriešky. Tento čaj je vynikajúcim prostriedkom na povzbudenie, podporu koncentrácie a detoxikáciu organizmu. Vďaka svojej vysokej kvalite a bohatej tradícii je ideálny nielen na každodenné pitie, ale aj na prípravu v rámci tradičných čajových obradov. Je vyrobený z kvalitných surovín a balený vo vákuovo uzavretej plechovici, ktorá zachováva čerstvosť a autentickú chuť. Keď som objavil značku Bonthé, okamžite som v nich spoznal spriazneného partnera. Rovnako ako my v Powerlogy, šíria myšlienku, že kvalita a starostlivosť o seba majú byť súčasťou každodenného života. Bonthé spája tradície čajových kultúr s moderným prístupom, čím prináša gurmánsky zážitok v spojení s harmóniou a vnútorným pokojom. Matcha má špecifický spôsob prípravy, ktorý si vyžaduje dodržiavanie niekoľkých krokov:",https://powerlogy.com/bonthe-ceremonial-matcha-bio-30-g,Powerlogy,Powerlogy,https://media.powerlogy.com/1/live/20250124113229/web-gradient-1200x628-2025-01-24t113152245.png,in_stock,22.95 EUR,,8585037780986,70373,,new,Zdravé potraviny > Čaje > Matcha,0.2,kg,https://powerlogy.com/,true,14,https://powerlogy.com/o-nakupe/vseobecne-obchodne-podmienky,true,,,SK,SK,food,matcha,in-stock,single,
525513,"BONTHÉ Ginger & Lemon 16 x 2,5 g","Bylinný čaj s ostrou chuťou zázvoru a sviežimi tónmi citróna, ideálny na zahriatie a osvieženie Ginger & Lemon je bylinná zmes s ostrou chuťou zázvoru a sviežimi tónmi citróna . Tento čaj je výbornou voľbou počas zimných dní na zahriatie, no zároveň osvieži a povzbudí. Má široké spektrum priaznivých účinkov, od podpory trávenia až po zmiernenie príznakov nachladnutia. Je vyrobený z kvalitných surovín a balený v biodegradovateľných pyramídových vrecúškach , ktoré zachovávajú čerstvosť a hygienu. Keď som objavil značku Bonthé, okamžite som v nich spoznal spriazneného partnera. Rovnako ako my v Powerlogy, šíria myšlienku, že kvalita a starostlivosť o seba majú byť súčasťou každodenného života. Bonthé spája tradície čajových kultúr s moderným prístupom, čím prináša gurmánsky zážitok v spojení s harmóniou a vnútorným pokojom.",https://powerlogy.com/bonthe-ginger-lemon-16-x-25-g,Powerlogy,Powerlogy,https://media.powerlogy.com/1/live/20250115152824/ginger-lemon-4633jpg-min-photoroom-photoroom-min.png,out_of_stock,8.95 EUR,,8585037775173,70371,,new,Zdravé potraviny > Čaje,0.05,kg,https://powerlogy.com/,true,14,https://powerlogy.com/o-nakupe/vseobecne-obchodne-podmienky,true,,,SK,SK,food,čaje,out-of-stock,single,
525519,"BONTHÉ Yerba Maté Bio 18 x 2,5 g","Tradičný juhoamerický nápoj na podporu energie a sústredenia Yerba Maté Bio je známa svojou výraznou a príjemne nahorklou chuťou. Tento tradičný juhoamerický nápoj je obľúbený po celom svete ako zdravá alternatíva kávy a energetických drinkov . Vďaka vysokému obsahu kofeínu stimuluje telo aj myseľ, zvyšuje koncentráciu a zmierňuje únavu. Je vyrobený z kvalitných surovín a balený v biodegradovateľných pyramídových vrecúškach , ktoré zachovávajú čerstvosť a hygienu. Keď som objavil značku Bonthé, okamžite som v nich spoznal spriazneného partnera. Rovnako ako my v Powerlogy, šíria myšlienku, že kvalita a starostlivosť o seba majú byť súčasťou každodenného života. Bonthé spája tradície čajových kultúr s moderným prístupom, čím prináša gurmánsky zážitok v spojení s harmóniou a vnútorným pokojom.",https://powerlogy.com/bonthe-yerba-mate-bio-18-x-25-g,Powerlogy,Powerlogy,https://media.powerlogy.com/1/live/20250115152303/718010-bio-yerba-mate-enjpg-min-photoroom-photoroom-min.png,in_stock,3.95 EUR,,8585037777016,70372,,new,Zdravé potraviny > Čaje,0.05,kg,https://powerlogy.com/,true,14,https://powerlogy.com/o-nakupe/vseobecne-obchodne-podmienky,true,,,SK,SK,food,čaje,in-stock,single,
527441,Powerlogy Upgraded Keto Rosemary Granola 350 g,"Bezlepková slaná keto granola s čakankovou vlákninou, kokosovými čipsami a orechmi Slaná Upgraded Keto Granola Rosemary rieši keto-snackovú dilemu . Či už ťa čaká maratón meetingov, dlhá cesta vlakom alebo zaslúžený oddych pri filme, už si nemusíš odriekať čipsy. Vychutnaj si ju priamo z balenia, nasyp na šalát alebo na krémovú polievku. Bez vločiek, zato plná pražených orechov, kokosu a semienok prevoňaných rozmarínom a olivovým olejom. Chrumkavá, výživná, nabitá zdravými tukmi a vlákninou. Výskumy potvrdzujú, že vysoký obsah vlákniny v dennom stravovaní podporuje mikrobióm 1-2 . Zároveň zabezpečí zdravú sýtosť 3 a stabilnú hladinu cukru v krvi. 4 Navyše prebiotická čakanková vláknina pomáha s významným znížením celkového aj LDL cholesterolu. 4-5 Sušený rozmarín pre aromatickú bylinkovú chuť a stredomorskú nôtu. Extrémne nízky obsah sacharidov dosahujeme vďaka úplnému vynechaniu obilnín. Namiesto nich kombinácia prémiových surovin, ktoré dodávajú zdravé tuky, bielkoviny a vlákninu pre dlhotrvajúcu sýtosť. Bežné cereálie a slané snacky stoja na rýchlych sacharidoch – energia vrcholí už do 30–60 minút a následne klesá. Upgraded Keto Rosemary Granola s nízkym obsahom sacharidov (10,9 g) a vysokým podielom bielkovín (14,9 g) doplneným o tuky mení jej uvoľňovanie – nástup energie je plynulejší a priebeh stabilnejší, bez výrazného poklesu. 1-3 Sladké cereálie a cukrové raňajky Bežné slané snacky a cereálie Upgraded Keto Rosemary Granola https://www.youtube.com/shorts/BFNahdWT5oE Čo je prebiotická vláknina? Prebiotická vláknina je typ vlákniny, ktorú ľudský organ",https://powerlogy.com/upgraded-keto-rosemary-granola-350g,Powerlogy,Powerlogy,https://media.powerlogy.com/1/live/20260521113716/powerlogy-granola-rosemary.png,in_stock,9.95 EUR,,8588009019862,70348,,new,Zdravé potraviny > Granola a müsli > Keto granola,0.35,kg,https://powerlogy.com/,true,14,https://powerlogy.com/o-nakupe/vseobecne-obchodne-podmienky,true,4.85,26,SK,SK,food,keto-granola,in-stock,single,
528298,"BONTHÉ Strawberry 16 x 2,5 g","Biely čaj s jemnou ovocnou chuťou lesných jahôd a sviežim dotykom aloe, ideálny na osvieženie a relaxáciu BIO biely čaj s lahodnou chuťou lesných jahôd a sviežeho aloe ponúka harmonickú kombináciu ovocnej sladkosti a jemnej čajovej arómy. Biely čaj patrí medzi najmenej spracované druhy čaju, čím si zachováva vysoký obsah antioxidantov a prirodzenú sviežosť. Moderný výrobný proces umožňuje zachovanie intenzívnej vône a chuti čerstvých jahôd a aloe, čím vzniká osviežujúci a príjemný čajový zážitok. Kvalitné zloženie zabezpečuje čistotu a autentickosť každej šálky, pričom čaj je balený v biodegradovateľných pyramídových vrecúškach , ktoré zachovávajú čerstvosť a hygienu. Keď som objavil značku Bonthé, okamžite som v nich spoznal spriazneného partnera. Rovnako ako my v Powerlogy, šíria myšlienku, že kvalita a starostlivosť o seba majú byť súčasťou každodenného života. Bonthé spája tradície čajových kultúr s moderným prístupom, čím prináša gurmánsky zážitok v spojení s harmóniou a vnútorným pokojom.",https://powerlogy.com/bonthe-strawberry-16-x-25-g,Powerlogy,Powerlogy,https://media.powerlogy.com/1/live/20250213112132/777019-photoroom.png,in_stock,8.95 EUR,,8585037775197,70397,,new,Zdravé potraviny > Čaje > Ovocné čaje,0.1,kg,https://powerlogy.com/,true,14,https://powerlogy.com/o-nakupe/vseobecne-obchodne-podmienky,true,,,SK,SK,food,ovocné-čaje,in-stock,single,
528999,Powerlogy Upgraded Protein Oatmeal Strawberry 350 g,"Bezlepková raňajková kaša s vegánskym proteínom, MCT tukmi, prebiotickou vlákninou a chia semienkami Proteínové raňajky pre tých najaktívnejších. 21 g rastlinného proteínu zo zmesi hrachu, konope a ryže pre regeneráciu a svalovú syntézu. Palatinose™ zabezpečí stabilnú energiu bez výkyvu na 3–4 hodiny. Bez palmového oleja, emulgátorov a umelých prísad. Vyrobené na Slovensku. Lyofilizované jahody pre prirodzenú ovocnú sviežosť bez pridaného cukru. Konopné semienka pre chrumkavú textúru, kompletný proteín a zdravé omega-3 tuky. Kokosové lupienky pre jemnú exotickú chuť a rýchlo dostupnú energiu. Glukóza a maltodextrín — sacharidy používané v bežných raňajkách — sa vstrebávajú rýchlo a spôsobujú prudký nárast a následný pokles energie. Upgraded Protein Oatmeal využíva Palatinose™, ktorý telo spaľuje pomalšie a rovnomerne — energia nastupuje plynulo a vydrží bez poklesu celé ráno. 1–3 Glukóza Maltodextrín Palatinose™ Zloženie, ktoré má zmysel Každá ingrediencia má konkrétnu funkciu. Bez plnív, emulgátorov, umelých aróm ani palmového oleja. Laboratórne testované na mykotoxíny a ďalšie kontaminanty. DIAAS (Digestible Indispensable Amino Acid Score) je najmodernejšia metodika hodnotenia kvality bielkovín podľa WHO/FAO. Oproti zastaranej metóde PDCAAS zohľadňuje skutočnú stráviteľnosť každej aminokyseliny. Kombináciou hrachu, konope a ryže dosahujeme výrazne vyšší profil — takmer na úrovni živočíšnych proteínov. Odporúčaná porcia je 50 g. Ovsenú kašu si môžete pripraviť teplú aj studenú — podľa chuti a času. Prémiovú líniu Powerlogy Upgraded som vytvoril pre najnáročnejších zákazníko",https://powerlogy.com/powerlogy-upgraded-protein-oatmeal-strawberry-350-g,Powerlogy,Powerlogy,https://media.powerlogy.com/1/live/20260617123039/powerlogy-protein-oatmeal-strawberry-preview.png,in_stock,9.95 EUR,,8588010284426,70464,,new,Zdravé potraviny > Raňajkové ovsené kaše > Proteínové kaše,0.35,kg,https://powerlogy.com/,true,14,https://powerlogy.com/o-nakupe/vseobecne-obchodne-podmienky,true,4.73,11,SK,SK,food,proteínové-kaše,in-stock,single,
529043,Powerlogy Fizzy Collagen Green Apple 300 g,"Šumivý grass fed kolagén s vitamínom C a jablkovou príchuťou 100 % čistý, hydrolyzovaný grass fed kolagén z európskeho zdroja sme vylepšili o vitamín C a trochu šumivosti. Dennú dávku kolagénu si tak ľahko vychutnáte vo forme osviežujúceho nápoja s prírodnou príchuťou zeleného jablka. Jedna denná dávka (10 g) obsahuje 6 600 mg čistého kolagénu, ktorý efektívne vyživí vašu pokožku, vlasy, nechty, šľachy a kĺby. Kolagén typu I a III, bez cukru, lepku, mlieka a umelých sladidiel. 1-2 Fizzy Collagen stojí na dvoch zložkách, ktoré majú zmysel — grass-fed hovädzí kolagén a prírodný vitamín C z aceroly. Šumivý formát je len spôsob, ako si tento rituál dopriať každý deň s radosťou. Kvalita finálneho kolagénu začína už na pastvine. Surovinu získavame od certifikovaných európskych dodávateľov s overeným etickým chovom a plnou dohľadateľnosťou šarží. Fyzický efekt Fizzy Collagenu nie je len v chuti. Každý prvok receptúry má vedecké opodstatnenie — od spôsobu spracovania kolagénu až po úlohu vitamínu C. Enzymaticky hydrolyzované peptidy s nízkou molekulárnou hmotnosťou sa vstrebávajú efektívnejšie než celý proteín a dostávajú sa priamo do tkanív. 1 Vitamín C z aceroly je nevyhnutný kofaktor enzýmov prolyl a lysyl hydroxylázy — bez neho telo nedokáže správne skladať nové kolagénové vlákna. 2 Klinické štúdie s hydrolyzovaným kolagénom merajú štatisticky významné zmeny pokožky, vlasov a kĺbov v okne 8 až 12 týždňov pravidelného užívania. 3–4 1 odmerka (10 g) v 200–250 ml studenej alebo izbovej vody. Zamiešajte, nechajte prešumiť a vypite ihneď. Kedyk",https://powerlogy.com/powerlogy-fizzy-collagen-green-apple-300-g,Powerlogy,Powerlogy,https://media.powerlogy.com/1/live/20260521113820/powerlogy-collagen-fizzy-apple.png,in_stock,29.95 EUR,24.95 EUR,8588009019886,70376,,new,Funkčná výživa > Kolagény > Kolagény na kosti a kĺby > Hovädzie kolagény na kĺby,0.3,kg,https://powerlogy.com/,true,14,https://powerlogy.com/o-nakupe/vseobecne-obchodne-podmienky,false,4.14,14,SK,SK,supplement,hovädzie-kolagény-na-kĺby,in-stock,single,
532139,The Buttery Pure Cream 350 g,"Jemné arašidové maslo z kvalitných sucho pražených hi-oleic arašidov Jemné arašidové maslo vyrobené remeselným spôsobom z jemne mletých sucho pražených hi-oleic arašidov. Extra krémové, bez pridaného cukru, palmového oleja a konzervantov. Ideálny zdroj rastlinných tukov a energie pre každého, kto žije aktívne. Arašidové maslo mám rád, ale dlhé roky mi prekážal vysoký obsah omega-6, ktoré podporujú zápaly. V The Buttery to vyriešili – vďaka špeciálnej odrode arašidov má maslo menej omega-6 a zároveň si drží vysokú kvalitu surovín, čisté zloženie a prísnu kontrolu oxidácie. Značka The Buttery vznikla z jednoduchej túžby: priniesť do Európy poriadne chutné a zároveň výživné arašidové maslo. Po rokoch nosenia kvalitných novozélandských masiel v kufroch späť do Španielska sa Zander a Bri rozhodli vybudovať vlastnú značku v srdci Barcelony – s láskou, ručne a poctivo. Skvelé do kaší, smoothies, toastov aj dezertov. Ideálne na raňajky alebo ako rýchly snack pred či po tréningu.",https://powerlogy.com/the-buttery-pure-cream,Powerlogy,Powerlogy,https://media.powerlogy.com/1/live/20250321172801/pc350-1-photoroom-min.png,in_stock,7.95 EUR,,9504232374553,70400,,new,Zdravé potraviny > Orieškové krémy a maslá > Arašidové > Arašidové maslá bez pridaného cukru,0.5,kg,https://powerlogy.com/,true,14,https://powerlogy.com/o-nakupe/vseobecne-obchodne-podmienky,true,4.88,8,SK,SK,food,arašidové-maslá-bez-pridaného-cukru,in-stock,single,
532934,Powerlogy Dark Chocolate Almonds 100 g,"Chrumkavé pražené mandle v bean-to-bar 70 % čokoláde s MCT olejom a morskou soľou Pražené mandle obalené vo výberovej a unikátnej 70% Bean-to-Bar čokoláde vyrábané priamo z kakaových bôbov odrody Criollo s MCT olejom a štipkou morskej soli pre komplexný chuťový zážitok. Bez palmového oleja, mlieka, lepku, umelých sladidiel a konzervantov. Vyrobená na Slovensku podľa najvyšších medzinárodných noriem kvality a kontroly hygieny. BRC - Certified. V Powerlogy sa snažíme urobiť maximum pre vývoj produktov, ktoré v sebe spájajú silu čistej chuti a funkčnosti pre extra energiu a nadpriemerný fyzický i mentálny výkon. Veríme, že kvalitné jedlo mení myslenie, a preto majú všetky naše produkty vysokú výživovú hodnotu . V Powerlogy chceme pomôcť zlepšovať stravovacie návyky rodín a to hlavne v prípade raňajok a snackov. Čokoláda je jednou z najobľúbenejších sladkostí, no bohužiaľ často nie je v kvalite a štandardoch, ktorými by mohla naozaj prispieť k vylepšenej životospráve . Po dlhom vývoji a testovaní napokon vznikla nová receptúra unikátnej 70 % bean-to-bar čokolády s MCT olejom a trstinovým cukrom. Vďaka prvotriednym ingredienciam v prírodnej kvalite tak získate signifikantné množstvo prírodnej prebiotickej vlákniny, magnézia a teobromínu pre podporu energie a sýtosti na každý deň. Spoľahnite sa tak na optimálne zloženie skvelej chuti , ktoré si môžete dopriať bez výčitiek. Ako alternatíva k nezdravým sladkostiam alebo dezertom. Konzumáciou mandlí v čokoláde uspokojíte chuť na sladké, zatiaľ čo získate aj živiny ako vlákninu, zdravé tuky a proteíny z mandlí. Sú v",https://powerlogy.com/powerlogy-dark-chocolate-almonds-100-g,Powerlogy,Powerlogy,https://media.powerlogy.com/1/live/20250402183317/dark-choco-almonds-bites-ingredience-min.png,in_stock,6.25 EUR,4.95 EUR,8588009019978,70391,,new,Zdravé potraviny > Čokoláda a snacky > Bezlepkové tyčinky,0.1,kg,https://powerlogy.com/,true,14,https://powerlogy.com/o-nakupe/vseobecne-obchodne-podmienky,true,5.00,6,SK,SK,food,bezlepkové-tyčinky,in-stock,single,
532941,Powerlogy Dark Chocolate Cranberries 100 g,"Výberové sušené brusnice sladené jablčnou šťavou v bean-to-bar 70 % čokoláde s MCT olejom Výberové sušené brusnice sladené jablčnou šťavou v výberovej a unikátnej 70% Bean-to-Bar čokoláde z Columbie vyrobenej priamo z kakaových bôbov odrody Criollo s MCT olejom a posypom z lyofilizovanej višne a maliny pre komplexný chuťový zážitok. Bez palmového oleja, mlieka, lepku, umelých sladidiel a konzervantov. Vyrobená na Slovensku podľa najvyšších medzinárodných noriem kvality a kontroly hygieny. BRC - Certified. V Powerlogy sa snažíme urobiť maximum pre vývoj produktov, ktoré v sebe spájajú silu čistej chuti a funkčnosti pre extra energiu a nadpriemerný fyzický i mentálny výkon. Veríme, že kvalitné jedlo mení myslenie, a preto majú všetky naše produkty vysokú výživovú hodnotu . V Powerlogy chceme pomôcť zlepšovať stravovacie návyky rodín a to hlavne v prípade raňajok a snackov. Čokoláda je jednou z najobľúbenejších sladkostí, no bohužiaľ často nie je v kvalite a štandardoch, ktorými by mohla naozaj prispieť k vylepšenej životospráve . Po dlhom vývoji a testovaní napokon vznikla nová receptúra unikátnej 70 % bean-to-bar čokolády s MCT olejom a trstinovým cukrom. Vďaka prvotriednym ingredienciam v prírodnej kvalite tak získate signifikantné množstvo prírodnej prebiotickej vlákniny, magnézia a teobromínu pre podporu energie a sýtosti na každý deň. Spoľahnite sa tak na optimálne zloženie skvelej chuti , ktoré si môžete dopriať bez výčitiek. Sú skvelou alternatívou k bežným sladkostiam. Uspokoja chuť na sladké a zároveň dodajú telu vlákninu, prírodné cukry a antioxidanty z br",https://powerlogy.com/powerlogy-dark-chocolate-cranberries-100-g,Powerlogy,Powerlogy,https://media.powerlogy.com/1/live/20250402183342/dark-choco-cranberries-ingredience-min.png,in_stock,6.25 EUR,,8588009019985,70392,,new,Zdravé potraviny > Čokoláda a snacky > Bezlepkové tyčinky,0.1,kg,https://powerlogy.com/,true,14,https://powerlogy.com/o-nakupe/vseobecne-obchodne-podmienky,true,4.70,10,SK,SK,food,bezlepkové-tyčinky,in-stock,single,
532942,Powerlogy Dark Chocolate Quinoa Bites 100 g,"Chrumkavá quinoa a kokosové lupienky v 70 % čokoláde bean-to-bar s MCT olejom Chrumkavá quinoa a kokosové lupienky v výberovej a unikátnej 70% Bean-to-Bar čokoláde z Columbie vyrobenej priamo z kakaových bôbov odrody Criollo s MCT olejom pre komplexný chuťový zážitok. Bez palmového oleja, mlieka, lepku, umelých sladidiel a konzervantov. Vyrobená na Slovensku podľa najvyšších medzinárodných noriem kvality a kontroly hygieny. BRC - Certified. V Powerlogy sa snažíme urobiť maximum pre vývoj produktov, ktoré v sebe spájajú silu čistej chuti a funkčnosti pre extra energiu a nadpriemerný fyzický i mentálny výkon. Veríme, že kvalitné jedlo mení myslenie, a preto majú všetky naše produkty vysokú výživovú hodnotu . V Powerlogy chceme pomôcť zlepšovať stravovacie návyky rodín a to hlavne v prípade raňajok a snackov. Čokoláda je jednou z najobľúbenejších sladkostí, no bohužiaľ často nie je v kvalite a štandardoch, ktorými by mohla naozaj prispieť k vylepšenej životospráve . Po dlhom vývoji a testovaní napokon vznikla nová receptúra unikátnej 70 % bean-to-bar čokolády s MCT olejom a trstinovým cukrom. Vďaka prvotriednym ingredienciam v prírodnej kvalite tak získate signifikantné množstvo prírodnej prebiotickej vlákniny, magnézia a teobromínu pre podporu energie a sýtosti na každý deň. Spoľahnite sa tak na optimálne zloženie skvelej chuti , ktoré si môžete dopriať bez výčitiek. Lahodná a výživná alternatíva k bežným sladkostiam. Uspokojí chuť na sladké a zároveň dodá telu vlákninu, zdravé tuky a minerály. Kombinácia chrumkavej quinoi, kokosu a horkej čokolády posky",https://powerlogy.com/powerlogy-dark-chocolate-quinoa-bites-100-g,Powerlogy,Powerlogy,https://media.powerlogy.com/1/live/20250402183330/quinoa-bites-ingredience-min.png,in_stock,6.25 EUR,,8588009019992,70393,,new,Zdravé potraviny > Čokoláda a snacky > Bezlepkové tyčinky,0.15,kg,https://powerlogy.com/,true,14,https://powerlogy.com/o-nakupe/vseobecne-obchodne-podmienky,true,5.00,15,SK,SK,food,bezlepkové-tyčinky,in-stock,single,
533490,The Buttery Cream & Crunch 350 g,"Chrumkavé arašidové maslo z kvalitných sucho pražených hi-oleic arašidov Vyrobené z kvalitných sucho pražených hi-oleic arašidov s jemným mletím a štipkou morskej soli. Bohaté na prirodzené tuky podobné tým z olivového oleja či avokáda – dokonalá chuť, krémová textúra a poctivá výživa v každej lyžičke. Arašidové maslo mám rád, ale dlhé roky mi prekážal vysoký obsah omega-6, ktoré podporujú zápaly. V The Buttery to vyriešili – vďaka špeciálnej odrode arašidov má maslo menej omega-6 a zároveň si drží vysokú kvalitu surovín, čisté zloženie a prísnu kontrolu oxidácie. Značka The Buttery vznikla z jednoduchej túžby: priniesť do Európy poriadne chutné a zároveň výživné arašidové maslo. Po rokoch nosenia kvalitných novozélandských masiel v kufroch späť do Španielska sa Zander a Bri rozhodli vybudovať vlastnú značku v srdci Barcelony – s láskou, ručne a poctivo. Skvelé do kaší, smoothies, toastov aj dezertov. Ideálne na raňajky alebo ako rýchly snack pred či po tréningu.",https://powerlogy.com/the-buttery-cream-crunch,Powerlogy,Powerlogy,https://media.powerlogy.com/1/live/20250402182223/cc350-1-photoroom-min.png,in_stock,7.95 EUR,,9507957723521,70401,,new,Zdravé potraviny > Orieškové krémy a maslá > Arašidové > Arašidové maslá bez pridaného cukru,0.5,kg,https://powerlogy.com/,true,14,https://powerlogy.com/o-nakupe/vseobecne-obchodne-podmienky,true,5.00,3,SK,SK,food,arašidové-maslá-bez-pridaného-cukru,in-stock,single,
533504,The Buttery Dark Chocolate Crunch 220g,"Chrumkavé arašidové maslo z hi-oleic arašidov s horkou čokoládou Chrumkavé arašidové maslo s kvalitnou horkou čokoládou, jemne mletými a drvenými hi-oleic arašidmi – bez pridaného cukru, palmového oleja a konzervantov. Zdroj bielkovín a zdravých tukov, ideálny pre športovcov a aktívnych ľudí. Arašidové maslo mám rád, ale dlhé roky mi prekážal vysoký obsah omega-6, ktoré podporujú zápaly. V The Buttery to vyriešili – vďaka špeciálnej odrode arašidov má maslo menej omega-6 a zároveň si drží vysokú kvalitu surovín, čisté zloženie a prísnu kontrolu oxidácie. Značka The Buttery vznikla z jednoduchej túžby: priniesť do Európy poriadne chutné a zároveň výživné arašidové maslo. Po rokoch nosenia kvalitných novozélandských masiel v kufroch späť do Španielska sa Zander a Bri rozhodli vybudovať vlastnú značku v srdci Barcelony – s láskou, ručne a poctivo. Skvelé do kaší, smoothies, toastov aj dezertov. Ideálne na raňajky alebo ako rýchly snack pred či po tréningu.",https://powerlogy.com/the-buttery-dark-chocolate-crunch-220g,Powerlogy,Powerlogy,https://media.powerlogy.com/1/live/20250402182236/dc220-1-photoroom-min.png,in_stock,6.95 EUR,,9506263295234,70402,,new,Zdravé potraviny > Orieškové krémy a maslá > Arašidové > Arašidové maslá bez pridaného cukru,0.27,kg,https://powerlogy.com/,true,14,https://powerlogy.com/o-nakupe/vseobecne-obchodne-podmienky,true,5.00,1,SK,SK,food,arašidové-maslá-bez-pridaného-cukru,in-stock,single,
533511,The Buttery White Chocolate 220 g,"Jemné arašidové maslo z hi-oleic arašidov s bielou čokoládou Jemné arašidové maslo s bielou čokoládou, vyrobené remeselným spôsobom z kvalitných sucho pražených hi-oleic arašidov a štipky morskej soli. Extra krémová konzistencia a lahodná chuť prémiovej bielej čokolády – potešenie bez kompromisov. Arašidové maslo mám rád, ale dlhé roky mi prekážal vysoký obsah omega-6, ktoré podporujú zápaly. V The Buttery to vyriešili – vďaka špeciálnej odrode arašidov má maslo menej omega-6 a zároveň si drží vysokú kvalitu surovín, čisté zloženie a prísnu kontrolu oxidácie. Značka The Buttery vznikla z jednoduchej túžby: priniesť do Európy poriadne chutné a zároveň výživné arašidové maslo. Po rokoch nosenia kvalitných novozélandských masiel v kufroch späť do Španielska sa Zander a Bri rozhodli vybudovať vlastnú značku v srdci Barcelony – s láskou, ručne a poctivo. Skvelé do kaší, smoothies, toastov aj dezertov. Ideálne na raňajky alebo ako rýchly snack pred či po tréningu.",https://powerlogy.com/the-buttery-white-chocolate-220-g,Powerlogy,Powerlogy,https://media.powerlogy.com/1/live/20250402182244/wc220-1-photoroom-min.png,out_of_stock,6.95 EUR,,9506448371968,70403,,new,Zdravé potraviny > Orieškové krémy a maslá > Arašidové > Arašidové maslá bez pridaného cukru,0.27,kg,https://powerlogy.com/,true,14,https://powerlogy.com/o-nakupe/vseobecne-obchodne-podmienky,true,,,SK,SK,food,arašidové-maslá-bez-pridaného-cukru,out-of-stock,single,
533803,Powerlogy Dark Chocolate Granola 700 g,"XXL Bezlepková raňajková granola s banánmi, kešu a kúskami čokolády Lahodná kombinácia jemne pečených bezlepkových vločiek, čokoládových čipsov , kešu orechov a lyofilizovaných banánov. Chrumkavá granola sladená prírodným kokosovým sirupom s 2× nižším glykemickým indexom (35) ako bežné sirupy. Neobsahuje lepok, mlieko, palmový olej ani umelé sladidlá. Dezertný zážitok bez kompromisov v zložení. Čokoládové čipsy — prémiová tmavá čokoláda (kakaová hmota, kakaové maslo, vanilka Bourbon Madagascar) bez lacných náhrad. Intenzívna horká čokoládová chuť v každom súste. Lyofilizovaný banán — prirodzená ovocná sladkosť zachovaná bez cukru a konzervantov. Lyofilizácia uchováva vitamíny, draslík aj charakteristickú banánovú chuť. Kešu orechy — krémová chuť a jemnosť, ktorá vyvažuje intenzitu čokolády. Bohaté na horčík, zinok a nenasýtené mastné kyseliny. Každá surovina v tejto granole je tu z konkrétneho dôvodu. Žiadne plnivá, žiadne zbytočné prísady — iba prémiové ingrediencie pre dokonalý čokoládový zážitok. Glykemický index (GI) meria, ako rýchlo sladidlo zvyšuje hladinu cukru v krvi po konzumácii. Referenčnou hodnotou je glukóza (GI 100). Čím nižší GI, tým pomalšie a stabilnejšie uvoľňovanie energie — bez náhlych výkyvov a následného poklesu. Kokosový sirup s GI 35 poskytuje viac ako 2× stabilnejšiu energiu ako rafinovaný cukor. 1 Každá dávka Dark Chocolate Granoly prechádza pomalým pečením horúcim vzduchom pri presne nastavenej teplote. Nie vyprážaním, nie skratkami. Práve toto šetrné pečenie zachováva kvalitu čokoládových čipsov a dodáva vločkám t",https://powerlogy.com/powerlogy-dark-chocolate-granola-700-g,Powerlogy,Powerlogy,https://media.powerlogy.com/1/live/20260521113732/powerlogy-granola-dark-choco-xxl.png,in_stock,15.95 EUR,,8588009019879,70374,,new,Zdravé potraviny > Granola a müsli > Low sugar granola,0.7,kg,https://powerlogy.com/,true,14,https://powerlogy.com/o-nakupe/vseobecne-obchodne-podmienky,true,4.73,119,SK,SK,food,low-sugar-granola,in-stock,single,
533809,Powerlogy Upgraded Low Carb Granola Choco & Strawberry 700 g,"XXL Bezlepková nízkosacharidová granola s čakankovou vlákninou, horkou čokoládou, kešu a jahodami Prémiové raňajkové cereálie pre tých najnáročnejších. Výskumy potvrdzujú, že vysoký obsah vlákniny v raňajkách podporuje mikrobióm 1-2 . Zároveň zabezpečí zdravú sýtosť 3 a stabilnú hladinu cukru v krvi. 4 Zažite ľahké trávenie vďaka čistému zloženiu bez pridaného cukru, lepku, mlieka a umelých sladidiel. Vychutnajte si skvelú chuť horkej čokolády, kokosu, kešu orieškov, sezamu a lyofilizovaných jahôd. Horká čokoláda pre intenzívnu kakaovú chuť bez pridaného cukru. Nízky obsah sacharidov dosahujeme vynechaním pridaného cukru a kombináciou bezlepkových ovsených vločiek s quinoou, prebiotickou vlákninou a prémiovými orechmi. Výsledok: dlhotrvajúca sýtosť, stabilná energia a čistá chuť bez kompromisov. Bežné cereálie stoja na pridanom cukre a rýchlych sacharidoch – energia vrcholí už do 30–60 minút a následne klesá. Low Carb Granola Choco & Strawberry vďaka vysokému podielu vlákniny (17 g) a úplnej absencii pridaného cukru mení uvoľňovanie energie – nástup je plynulejší a priebeh stabilnejší, bez výrazného poklesu. 1-3 Sladké cereálie a cukrové raňajky Bežné müsli alebo cereálie Upgraded Low Carb Granola Choco & Strawberry Čo je prebiotická vláknina? Prebiotická vláknina je typ vlákniny, ktorú ľudský organizmus nedokáže stráviť, no slúži ako potrava pre prospešné baktérie v črevách. Čakanková vláknina z koreňa čakanky (inulín – získavaný z rastliny na obrázku) v tejto granole podporuje rast dobrých baktérií a prispieva k zdravému mikrobiómu. Bežné müsli má 1,5× viac sacharidov a",https://powerlogy.com/powerlogy-upgraded-low-carb-granola-700-g,Powerlogy,Powerlogy,https://media.powerlogy.com/1/live/20260521113740/powerlogy-granola-choco-strawberry-xxl.png,in_stock,18.95 EUR,,8588009019930,70389,,new,Zdravé potraviny > Granola a müsli > Low carb granola,0.7,kg,https://powerlogy.com/,true,14,https://powerlogy.com/o-nakupe/vseobecne-obchodne-podmienky,true,4.79,58,SK,SK,food,low-carb-granola,in-stock,single,
533810,Powerlogy Upgraded Keto Granola Strawberry 700 g,"XXL Bezlepková keto granola s čakankovou vlákninou, kokosovými čipsami, orechmi a jahodami Profesionálne raňajkové cereálie pre tých najnáročnejších. Výskumy potvrdzujú, že vysoký obsah vlákniny v raňajkách podporuje mikrobióm 1-2 . Zároveň zabezpečí zdravú sýtosť 3 a stabilnú hladinu cukru v krvi. 4 Zažite ľahké trávenie vďaka čistému zloženiu bez pridaného cukru, lepku, mlieka a umelých sladidiel. Vychutnajte si skvelú chuť kokosu, mandlí, makadamiových orieškov, semiačok a lyofilizovaných jahôd. Extrémne nízky obsah sacharidov dosahujeme vďaka úplnému vynechaniu obilnín. Namiesto nich kombinácia prémiových surovin, ktoré dodávajú zdravé tuky, bielkoviny a vlákninu pre dlhotrvajúcu sýtosť. Bežné cereálie stoja na rýchlych sacharidoch – energia vrcholí už do 30–60 minút a následne klesá. Keto Granola Strawberry s nízkym obsahom sacharidov (8 g) a vysokým podielom vlákniny (14 g) doplneným o tuky mení jej uvoľňovanie – nástup energie je plynulejší a priebeh stabilnejší, bez výrazného poklesu. 1-3 Sladké cereálie a cukrové raňajky Bežné müsli alebo cereálie Upgraded Keto Granola Čo je prebiotická vláknina? Prebiotická vláknina je typ vlákniny, ktorú ľudský organizmus nedokáže stráviť, no slúži ako potrava pre prospešné baktérie v črevách. Čakanková vláknina z koreňa čakanky (inulín – získavaný z rastliny na obrázku) v tejto granole podporuje rast dobrých baktérií a prispieva k zdravému mikrobiómu. Odporúčaná porcia je 35 g. Granola je pripravená na konzumáciu priamo z vrecka alebo v kombinácii s vašimi obľúbenými prísadami. Prémiovú líniu Powerlogy Upgraded som vytv",https://powerlogy.com/powerlogy-upgraded-keto-granola-700-g,Powerlogy,Powerlogy,https://media.powerlogy.com/1/live/20260521113713/powerlogy-granola-strawberry-xxl.png,in_stock,18.95 EUR,,8588009019923,70390,,new,Zdravé potraviny > Granola a müsli > Keto granola,0.7,kg,https://powerlogy.com/,true,14,https://powerlogy.com/o-nakupe/vseobecne-obchodne-podmienky,true,4.90,199,SK,SK,food,keto-granola,in-stock,single,
534981,Powerlogy Natural Collagen 10 g,"Cestovné balenie, hydrolyzovaného grass fed kolagénu z európskeho zdroja 100 % čistý hydrolyzovaný hovädzí kolagén z grass-fed európskeho zdroja. Jediná zložka, spracovaná enzymatickou hydrolýzou pre maximálnu vstrebateľnosť. Bez príchute, bez sladidiel, bez alergénov. Jedna dávka (10 g) obsahuje 9 000 mg čistého kolagénu typov I a III — základu pokožky, kĺbov, šliach, kostí a vlasov. 1-2 Natural Collagen je jednozložkový produkt. Čím menej plnív, aróm a sladidiel, tým viac priestoru pre čistú bielkovinu — a tým ľahšie sa telo dostane k tomu, čo z produktu potrebuje. Kvalita finálneho kolagénu začína už na pastvine. Surovinu získavame od certifikovaných európskych dodávateľov s overeným etickým chovom a plnou dohľadateľnosťou šarží. Spôsob spracovania rozhoduje o tom, či sa kolagén v tele skutočne využije. Natural Collagen je preto hydrolyzovaný enzymaticky, s peptidmi pripravenými na okamžité vstrebanie. Peptidy pod 5 kDa pripravené na rýchlu absorpciu — bez teplotnej degradácie aminokyselín. 1 Najvyšší možný podiel bielkovín v balení — žiadne plnivá ani aromatické nosiče, len čistý hydrolyzovaný kolagén. Klinické štúdie s hydrolyzovaným kolagénom hodnotia zmeny v pokožke a kĺboch v okne 8 až 12 týždňov pravidelného užívania. 2 Keď som pred rokmi hľadal čistý kolagén bez kompromisov v kvalite, našiel som ho u európskych grass-fed dodávateľov, s ktorými pracujeme dodnes. Žiadne príchute, žiadne plnivá — len bielkovina, ktorá v tele pracuje. Pre mňa a moju rodinu je to základ — do rannej kávy, po tréningu, pri regenerácii. Ak hľadáte zložitejšiu re",https://powerlogy.com/powerlogy-natural-collagen-10-g,Powerlogy,Powerlogy,https://media.powerlogy.com/1/live/20260512105013/powerlogy-collagen-natural-only-sachet.webp,in_stock,1.25 EUR,,8588009019732,70330,,new,Funkčná výživa > Kolagény > Kolagény na kosti a kĺby > Hovädzie kolagény na kĺby,0.015,kg,https://powerlogy.com/,true,14,https://powerlogy.com/o-nakupe/vseobecne-obchodne-podmienky,false,4.65,584,SK,SK,supplement,hovädzie-kolagény-na-kĺby,in-stock,single,
534984,Powerlogy Upgraded Keto Granola Choco & Banana 350 g,"Bezlepková keto granola s čakankovou vlákninou, kokosovými čipsami, horkou čokoládou a banánom Profesionálne raňajkové cereálie pre tých najnáročnejších. Výskumy potvrdzujú, že vysoký obsah vlákniny v raňajkách podporuje mikrobióm 1-2 . Zároveň zabezpečí zdravú sýtosť 3 a stabilnú hladinu cukru v krvi. 4 Zažite ľahké trávenie vďaka čistému zloženiu bez pridaného cukru, lepku, mlieka a umelých sladidiel. Vychutnajte si skvelú chuť kokosu, kešu, makadamiových orieškov, semiačok, horkej čokolády a lyofilizovaných banánov. Makadámiové a kešu orechy pre krémovú chuť a prémiový zážitok. Extrémne nízky obsah sacharidov dosahujeme vďaka úplnému vynechaniu obilnín. Namiesto nich kombinácia prémiových surovin, ktoré dodávajú zdravé tuky, bielkoviny a vlákninu pre dlhotrvajúcu sýtosť. Bežné cereálie stoja na rýchlych sacharidoch – energia vrcholí už do 30–60 minút a následne klesá. Upgraded Keto Granola Choco & Banana s nízkym obsahom sacharidov (12 g) a vysokým podielom vlákniny (16 g) doplneným o tuky mení jej uvoľňovanie – nástup energie je plynulejší a priebeh stabilnejší, bez výrazného poklesu. 1-3 Sladké cereálie a cukrové raňajky Bežné müsli alebo cereálie Upgraded Keto Granola Choco & Banana Čo je prebiotická vláknina? Prebiotická vláknina je typ vlákniny, ktorú ľudský organizmus nedokáže stráviť, no slúži ako potrava pre prospešné baktérie v črevách. Čakanková vláknina z koreňa čakanky (inulín – získavaný z rastliny na obrázku) v tejto granole podporuje rast dobrých baktérií a prispieva k zdravému mikrobiómu. Bežné müsli má 5× viac sacharidov ako naša Keto Choco & Banana",https://powerlogy.com/powerlogy-upgraded-keto-granola-choco-banana-350-g,Powerlogy,Powerlogy,https://media.powerlogy.com/1/live/20260521113744/powerlogy-granola-choco-banana.png,in_stock,9.95 EUR,,8588010284013,70411,,new,Zdravé potraviny > Granola a müsli > Keto granola,0.4,kg,https://powerlogy.com/,true,14,https://powerlogy.com/o-nakupe/vseobecne-obchodne-podmienky,true,4.83,18,SK,SK,food,keto-granola,in-stock,single,
537022,Powerlogy Upgraded Protein Oatmeal Cacao & Peanut 350 g,"Bezlepková raňajková kaša s vegánskym proteínom, MCT tukmi, prebiotickou vlákninou a kakaom Proteínové raňajky pre tých najaktívnejších. 21 g rastlinného proteínu zo zmesi hrachu, konope a ryže pre regeneráciu a svalovú syntézu. Palatinose™ zabezpečí stabilnú energiu bez výkyvu na 3–4 hodiny. Intenzívna chuť kakaa a arašidov bez pridaného cukru. Bez palmového oleja, emulgátorov a umelých prísad. Vyrobené na Slovensku. Arašidový prášok pre intenzívnu orieškovú hĺbku a prirodzený zdroj bielkovín. Odtučnené kakao pre bohatú čokoládovú chuť bez pridaného cukru. Kokosové lupienky pre chrumkavú textúru a rýchlo dostupnú energiu. Glukóza a maltodextrín — sacharidy používané v bežných raňajkách — sa vstrebávajú rýchlo a spôsobujú prudký nárast a následný pokles energie. Upgraded Protein Oatmeal využíva Palatinose™, ktorý telo spaľuje pomalšie a rovnomerne — energia nastupuje plynulo a vydrží bez poklesu celé ráno. 1–3 Glukóza Maltodextrín Palatinose™ Zloženie, ktoré má zmysel Každá ingrediencia má konkrétnu funkciu. Bez plnív, emulgátorov, umelých aróm ani palmového oleja. Laboratórne testované na mykotoxíny a ďalšie kontaminanty. DIAAS (Digestible Indispensable Amino Acid Score) je najmodernejšia metodika hodnotenia kvality bielkovín podľa WHO/FAO. Oproti zastaranej metóde PDCAAS zohľadňuje skutočnú stráviteľnosť každej aminokyseliny. Kombináciou hrachu, konope a ryže dosahujeme výrazne vyšší profil — takmer na úrovni živočíšnych proteínov. MCT tuky sa vstrebávajú rýchlejšie ako bežné tuky a pečeň ich priamo premieňa na ketóny – čistý zdroj energie pre mozog aj svaly. 4 C8",https://powerlogy.com/powerlogy-upgraded-protein-oatmeal-cacao-peanut-350-g,Powerlogy,Powerlogy,https://media.powerlogy.com/1/live/20260521113657/powerlogy-oatmeal-probio-cacao-penaut.png,in_stock,9.95 EUR,8.55 EUR,8588006514001,70410,,new,Zdravé potraviny > Raňajkové ovsené kaše > Proteínové kaše,0.4,kg,https://powerlogy.com/,true,14,https://powerlogy.com/o-nakupe/vseobecne-obchodne-podmienky,true,4.40,5,SK,SK,food,proteínové-kaše,in-stock,single,
537083,Powerlogy Upgraded Organic Liver Complex 250 g,"BIO bylinný mix 5 superpotravín a prebiotickej vlákniny na podporu pečene a trávenia Popis výrobku: BIO bylinný mix s prebiotikami — mäta, pestrec mariánsky, konopné semená, čakanková vláknina, koreň púpavy, zázvor a citrónový olej. Hmotnosť: 250 g (25 dávok × 10 g) Zloženie: BIO prášok z listov mäty (Mentha piperita) 21,5 %, BIO prášok zo semien pestreca mariánskeho (Silybum marianum) 21,5 %, BIO prášok z konopných semien 21,5 %, BIO čakanková koreňová oligofruktóza 21,5 %, BIO prášok z koreňa púpavy (Taraxacum officinale) 10,8 %, BIO prášok z koreňa zázvoru 3 %, BIO ci Alergény: Neobsahuje. Vyrába sa v prevádzke, kde sa spracúva sója, arašidy a orechy — môže obsahovať ich stopy. Vyrobené na: Slovensko",https://powerlogy.com/upgraded-organic-liver-complex,Powerlogy,Powerlogy,https://media.powerlogy.com/1/live/20260911171637/powerlogy-upgraded-organic-liver-complex-250g.webp,in_stock,24.95 EUR,14.95 EUR,8588010284006,70409,,new,Funkčná výživa > Superpotraviny,0.25,kg,https://powerlogy.com/,true,14,https://powerlogy.com/o-nakupe/vseobecne-obchodne-podmienky,true,,,SK,SK,food,superpotraviny,in-stock,single,
537754,Powerlogy Upgraded Collagen Complex Apple 300 g,"Multikolagénový komplex s extra glycínom, vitamínom C a jablkovou príchuťou Základ tvoria 4 klinicky overené 1–4 zdroje kolagénu : hovädzí, rybací, vajíčkový a morský – spolu prinášajú 5 typov kolagénu I, II, III, V a X . Receptúru sme doplnili o extra protizápalový 5–6 L-glycín a vitamín C z aceroly . Podľa najnovších vedeckých štúdií môže táto kombinácia zvýšiť tvorbu kolagénu až o 153 % 7 . Jedna denná dávka 15 g obsahuje 13 200 mg kolagénu . Každá zložka má v receptúre jasnú funkciu. Nie je to len zmes kolagénu, ale cielená kombinácia peptidov, glycínu a vitamínu C pre pokožku, kĺby aj spojivové tkanivá. Pri výskumnej praxi bolo identifikovaných približne 28 typov kolagénu. Líšia sa spôsobom zostavenia molekúl a miestom využitia v tele. Typ I: Tvorí 90 % kolagénu v tele. Zabezpečuje štruktúru kože, kostí, šliach a väzov. Typ II: Nachádza sa v elastickej chrupavke a poskytuje oporu kĺbom. Typ V: Najmä v rohovke očí, niektorých vrstvách kože, vlasoch a placente. Hydrolyzované peptidy, glycín a vitamín C vytvárajú premyslenú cestu od vstrebávania až po tvorbu a ukladanie kolagénu v tkanivách. Hydrolyzované kolagénové peptidy (<5 kDa) sa vstrebávajú efektívnejšie než celý proteín. 1 Glycín dodáva kľúčový substrát a vitamín C zabezpečuje stabilitu nových kolagénových vlákien. 5-8 Nový kolagén sa ukladá v chrupavkách, derme, šľachách a väzive pre dlhodobú štrukturálnu podporu. NATICOL® — certifikovaný rybí kolagén v Upgraded Complex Apple — bol testovaný v randomizovanej double-blind, placebom kontrolovanej štúdii. Výsledky po 8 týždňoch pravidelného u",https://powerlogy.com/upgraded-collagen-complex-green-apple,Powerlogy,Powerlogy,https://media.powerlogy.com/1/live/20260521113826/powerlogy-collagen-apple.png,in_stock,37.95 EUR,29.95 EUR,8588010284075,70418,,new,Funkčná výživa > Kolagény > Kolagény na kosti a kĺby > Hovädzie kolagény na kĺby,0.3,kg,https://powerlogy.com/,true,14,https://powerlogy.com/o-nakupe/vseobecne-obchodne-podmienky,false,4.38,8,SK,SK,supplement,hovädzie-kolagény-na-kĺby,in-stock,single,
538311,Powerlogy Fizzy Collagen Berries 300 g,"Šumivý grass fed kolagén s vitamínom C a príchuťou bobuľového ovocia 100 % čistý, hydrolyzovaný grass fed kolagén z európskeho zdroja sme vylepšili o vitamín C a trochu šumivosti. Dennú dávku kolagénu si tak ľahko vychutnáte vo forme osviežujúceho nápoja s s prírodnou príchuťou bobuľového ovocia . Jedna denná dávka (10 g) obsahuje 6 600 mg čistého kolagénu, ktorý efektívne vyživí vašu pokožku, vlasy, nechty, šľachy a kĺby. Kolagén typu I a III, bez cukru, lepku, mlieka a umelých sladidiel. 1-2 Fizzy Collagen stojí na dvoch zložkách, ktoré majú zmysel — grass-fed hovädzí kolagén a prírodný vitamín C z aceroly. Šumivý formát je len spôsob, ako si tento rituál dopriať každý deň s radosťou. Kvalita finálneho kolagénu začína už na pastvine. Surovinu získavame od certifikovaných európskych dodávateľov s overeným etickým chovom a plnou dohľadateľnosťou šarží. Fyzický efekt Fizzy Collagenu nie je len v chuti. Každý prvok receptúry má vedecké opodstatnenie — od spôsobu spracovania kolagénu až po úlohu vitamínu C. Enzymaticky hydrolyzované peptidy s nízkou molekulárnou hmotnosťou sa vstrebávajú efektívnejšie než celý proteín a dostávajú sa priamo do tkanív. 1 Vitamín C z aceroly je nevyhnutný kofaktor enzýmov prolyl a lysyl hydroxylázy — bez neho telo nedokáže správne skladať nové kolagénové vlákna. 2 Klinické štúdie s hydrolyzovaným kolagénom merajú štatisticky významné zmeny pokožky, vlasov a kĺbov v okne 8 až 12 týždňov pravidelného užívania. 3–4 Prvý šumivý práškový kolagén na Slovensku v troch príchutiach. 1 odmerka (10 g) v 200–250 ml studenej ale",https://powerlogy.com/powerlogy-fizzy-collagen-berries-300-g,Powerlogy,Powerlogy,https://media.powerlogy.com/1/live/20260521113817/powerlogy-collagen-fizzy-berries.png,in_stock,29.95 EUR,,8588009019893,70419,,new,Funkčná výživa > Kolagény > Kolagény na kosti a kĺby > Hovädzie kolagény na kĺby,0.35,kg,https://powerlogy.com/,true,14,https://powerlogy.com/o-nakupe/vseobecne-obchodne-podmienky,false,5.00,8,SK,SK,supplement,hovädzie-kolagény-na-kĺby,in-stock,single,
538660,Powerlogy Protein Nougat Snack 90 g,"Proteínový lieskovo-orieškový krém s kolagénom, MCT olejom a kakaom v praktickom vytláčacom balení Hľadáte výživný a praktický snack na cesty alebo podporu športového výkonu? Prinášame vám ľahko stráviteľný orieškový krém s kolagénom a MCT tukmi pre stabilnú energiu bez prudkých výkyvov glykémie. Predstavte si lahodnú alternatívu k energetickým tyčinkám a gélom – čisté zloženie s 22 % proteínu , s prírodným trstinovým cukrom a bez éčok. V praktickom vytláčacom balení s dvoma dávkami, ideálne na cestovanie, šport či zdravú desiatu pre deti. Bez lepku, mlieka, palmového oleja a fruktózy. Powerlogy orechové krémy spĺňajú najvyššie kritériá kvality a ich cieľom je nielen výnimočná chuť , ale aj vysoká výživová hodnota . V Powerlogy sa snažíme urobiť maximum pre vývoj produktov, ktoré v sebe spájajú silu čistej chuti a funkčnosti pre extra energiu a nadpriemerný fyzický i mentálny výkon. Veríme, že kvalitné jedlo mení myslenie, a preto majú všetky naše produkty vysokú výživovú hodnotu.",https://powerlogy.com/powerlogy-protein-nougat-snack-90-g,Powerlogy,Powerlogy,https://media.powerlogy.com/1/live/20250523120338/powerlogy-protein-nougat-snack-shadow-1-min.png,in_stock,4.15 EUR,,8588009019947,70394,,new,Funkčná výživa > Proteíny > Bezlepkové proteíny,0.1,kg,https://powerlogy.com/,true,14,https://powerlogy.com/o-nakupe/vseobecne-obchodne-podmienky,true,4.90,10,SK,SK,food,bezlepkové-proteíny,in-stock,single,
538744,Powerlogy Protein Almond Snack 90 g,"Proteínový mandľový krém s kolagénom, MCT olejom a škoricou v praktickom vytláčacom balení Hľadáte výživný a praktický snack na cesty alebo podporu športového výkonu? Prinášame vám ľahko stráviteľný orieškový krém s kolagénom a MCT tukmi pre stabilnú energiu bez prudkých výkyvov glykémie. Predstavte si lahodnú alternatívu k energetickým tyčinkám a gélom – čisté zloženie s 24 % proteínu , s prírodným trstinovým cukrom a bez éčok. V praktickom vytláčacom balení s dvoma dávkami, ideálne na cestovanie, šport či zdravú desiatu pre deti. Bez lepku, mlieka, palmového oleja a fruktózy. Powerlogy orechové krémy spĺňajú najvyššie kritériá kvality a ich cieľom je nielen výnimočná chuť , ale aj vysoká výživová hodnota . V Powerlogy sa snažíme urobiť maximum pre vývoj produktov, ktoré v sebe spájajú silu čistej chuti a funkčnosti pre extra energiu a nadpriemerný fyzický i mentálny výkon. Veríme, že kvalitné jedlo mení myslenie, a preto majú všetky naše produkty vysokú výživovú hodnotu.",https://powerlogy.com/powerlogy-protein-almond-snack-90-g,Powerlogy,Powerlogy,https://media.powerlogy.com/1/live/20250523120341/powerlogy-protein-almond-snack-shadow-1-min.png,in_stock,4.15 EUR,,8588009019954,70395,,new,Funkčná výživa > Proteíny > Bezlepkové proteíny,0.1,kg,https://powerlogy.com/,true,14,https://powerlogy.com/o-nakupe/vseobecne-obchodne-podmienky,true,4.60,10,SK,SK,food,bezlepkové-proteíny,in-stock,single,
538745,Powerlogy Protein Strawberry Snack 90 g,"Proteínový kešu-kokos krém s kolagénom, MCT olejom a jahodami v praktickom vytláčacom balení Hľadáte výživný a praktický snack na cesty alebo podporu športového výkonu? Prinášame vám ľahko stráviteľný orieškový krém s kolagénom a MCT tukmi pre stabilnú energiu bez prudkých výkyvov glykémie. Predstavte si lahodnú alternatívu k energetickým tyčinkám a gélom – čisté zloženie s 21 % proteínu , s prírodným trstinovým cukrom a bez éčok. V praktickom vytláčacom balení s dvoma dávkami, ideálne na cestovanie, šport či zdravú desiatu pre deti. Bez lepku, mlieka, palmového oleja a fruktózy. Powerlogy orechové krémy spĺňajú najvyššie kritériá kvality a ich cieľom je nielen výnimočná chuť , ale aj vysoká výživová hodnota . V Powerlogy sa snažíme urobiť maximum pre vývoj produktov, ktoré v sebe spájajú silu čistej chuti a funkčnosti pre extra energiu a nadpriemerný fyzický i mentálny výkon. Veríme, že kvalitné jedlo mení myslenie, a preto majú všetky naše produkty vysokú výživovú hodnotu.",https://powerlogy.com/powerlogy-protein-strawberry-snack-90-g,Powerlogy,Powerlogy,https://media.powerlogy.com/1/live/20250523120344/powerlogy-protein-strawberry-snack-shadow-2-min.png,in_stock,4.15 EUR,,8588009019961,70396,,new,Funkčná výživa > Proteíny > Bezlepkové proteíny,0.1,kg,https://powerlogy.com/,true,14,https://powerlogy.com/o-nakupe/vseobecne-obchodne-podmienky,true,4.92,13,SK,SK,food,bezlepkové-proteíny,in-stock,single,
538774,Powerlogy Protein Almond Cream 300 g,"Proteínový mandľový krém s kolagénom, MCT olejom a škoricou Hľadáte výživný a chutný spôsob, ako podporiť svoj každodenný životný štýl alebo športový výkon? Tento orieškový krém s vysokým obsahom bielkovín a MCT tukov vám poskytne stabilnú energiu bez prudkých výkyvov glykémie . Predstavte si lahodnú alternatívu k sladkým nátierkam – čisté zloženie s 24 % bielkovín , prírodným trstinovým cukrom a bez éčiek. Bez lepku, mlieka, palmového oleja a fruktózy. Powerlogy orechové krémy spĺňajú najvyššie kritériá kvality a ich cieľom je nielen výnimočná chuť , ale aj vysoká výživová hodnota . V Powerlogy sa snažíme urobiť maximum pre vývoj produktov, ktoré v sebe spájajú silu čistej chuti a funkčnosti pre extra energiu a nadpriemerný fyzický i mentálny výkon. Veríme, že kvalitné jedlo mení myslenie, a preto majú všetky naše produkty vysokú výživovú hodnotu.",https://powerlogy.com/powerlogy-protein-almond-cream-300-g,Powerlogy,Powerlogy,https://media.powerlogy.com/1/live/20260330131346/protein-almond-krem-maly.webp,in_stock,9.95 EUR,,8588010284037,70413,,new,Zdravé potraviny > Orieškové krémy a maslá > Mandľové,0.5,kg,https://powerlogy.com/,true,14,https://powerlogy.com/o-nakupe/vseobecne-obchodne-podmienky,true,4.56,9,SK,SK,food,mandľové,in-stock,single,
538775,Powerlogy Protein Strawberry Cream 300 g,"Proteínový kešu-kokos krém s kolagénom, MCT olejom a jahodami Hľadáte výživný a chutný spôsob, ako podporiť váš každodenný životný štýl alebo športový výkon? Tento orieškový krém s vysokým obsahom proteínu a MCT tukmi vám poskytne stabilnú energiu bez prudkých výkyvov glykémie. Predstavte si lahodnú alternatívu k sladkým nátierkam – čisté zloženie s 21 % proteínu , prírodným trstinovým cukrom a bez éčok. Bez lepku, mlieka, palmového oleja a fruktózy. Powerlogy orechové krémy spĺňajú najvyššie kritériá kvality a ich cieľom je nielen výnimočná chuť , ale aj vysoká výživová hodnota . V Powerlogy sa snažíme urobiť maximum pre vývoj produktov, ktoré v sebe spájajú silu čistej chuti a funkčnosti pre extra energiu a nadpriemerný fyzický i mentálny výkon. Veríme, že kvalitné jedlo mení myslenie, a preto majú všetky naše produkty vysokú výživovú hodnotu.",https://powerlogy.com/powerlogy-protein-strawberry-cream-300-g,Powerlogy,Powerlogy,https://media.powerlogy.com/1/live/20260330131447/protein-strawberry-krem-maly.webp,in_stock,9.95 EUR,,8588010284051,70414,,new,Zdravé potraviny > Orieškové krémy a maslá > Kešu,0.5,kg,https://powerlogy.com/,true,14,https://powerlogy.com/o-nakupe/vseobecne-obchodne-podmienky,true,4.86,7,SK,SK,food,kešu,in-stock,single,
538776,Powerlogy Protein Nougat Cream 300 g,"Proteínový lieskovo-orieškový krém s kolagénom, MCT olejom a kakaom Hľadáte výživný a chutný spôsob, ako podporiť váš každodenný životný štýl alebo športový výkon? Tento orieškový krém s vysokým obsahom proteínu a MCT tukmi vám poskytne stabilnú energiu bez prudkých výkyvov glykémie. Predstavte si lahodnú alternatívu k sladkým nátierkam – čisté zloženie s 22 % proteínu , prírodným trstinovým cukrom a bez éčok. Bez lepku, mlieka, palmového oleja a fruktózy. Powerlogy orechové krémy spĺňajú najvyššie kritériá kvality a ich cieľom je nielen výnimočná chuť , ale aj vysoká výživová hodnota . V Powerlogy sa snažíme urobiť maximum pre vývoj produktov, ktoré v sebe spájajú silu čistej chuti a funkčnosti pre extra energiu a nadpriemerný fyzický i mentálny výkon. Veríme, že kvalitné jedlo mení myslenie, a preto majú všetky naše produkty vysokú výživovú hodnotu.",https://powerlogy.com/powerlogy-protein-nougat-cream-300-g,Powerlogy,Powerlogy,https://media.powerlogy.com/1/live/20260330131426/protein-nougat-krem-maly.webp,in_stock,9.95 EUR,,8588010284044,70412,,new,Zdravé potraviny > Orieškové krémy a maslá > Nugátové,0.5,kg,https://powerlogy.com/,true,14,https://powerlogy.com/o-nakupe/vseobecne-obchodne-podmienky,true,4.71,7,SK,SK,food,nugátové,in-stock,single,
539740,Powerlogy Zinc Complex 60 kapsúl,"Komplex minerálov pre imunitu, metabolizmus cukrov a ochranu buniek 15 mg zinku vo forme bisglycinátu (150 % NRV) spolu so selénom, meďou, chrómom a extraktom cejlónskej škorice v jednej vegánskej kapsule. Štyri minerály v chelátových formách a jeden botanický extrakt. Bez lepku, laktózy a GMO. Zinc Complex stavia na štyroch mineráloch v chelátových organických formách a jednom botanickom extrakte. Chelátové formy (bisglycináty, selenometionín, pikolinát) sa v literatúre popisujú ako oveľa lepšie vstrebateľné než ich anorganické ekvivalenty. Minerály v lacnejších doplnkoch sa najčastejšie vyskytujú vo forme oxidov a anorganických solí - sú lacnejšie na výrobu, no majú nižší absorpčný profil. Zinc Complex stavia výlučne na chelátových a organických formách s lepšou toleranciou tráviacim systémom. Chelátová forma zinku viazaná na glycín. V literatúre sa popisuje výrazne vyšší absorpčný profil než u oxidu zinočnatého, ktorý stále dominuje lacnejším produktom. Organická forma selénu viazaná na aminokyselinu metionín. Patrí medzi najlepšie vstrebateľné formy selénu dostupné v doplnkoch a je považovaná za štandard v klinických štúdiách so selénom. Extrakt z Cinnamomum verum - pravej cejlónskej škorice, nie lacnejšej kassiovej. Koncentrácia 4:1 znamená, že 25 mg extraktu zodpovedá 100 mg prášku zo škoricovej kôry. Odporúčaná denná dávka je 1 kapsula. Kapsulu prehĺtajte vcelku a zapite dostatočným množstvom vody. Odporúčame užívať s jedlom pre lepšiu toleranciu tráviacim systémom.",https://powerlogy.com/powerlogy-zinc-complex-60-kapsul,Powerlogy,Powerlogy,https://media.powerlogy.com/1/live/20250604115016/zinc-complex-menej.png,in_stock,16.95 EUR,,8588010284105,70388,,new,Výživové doplnky > Vegánske vitamíny a doplnky stravy,,,https://powerlogy.com/,true,14,https://powerlogy.com/o-nakupe/vseobecne-obchodne-podmienky,false,4.20,5,SK,SK,supplement,vegánske-vitamíny-a-doplnky-stravy,in-stock,single,
539745,Powerlogy Magnesium Complex 90 kapsúl,"Komplex piatich foriem horčíka a vitamínu B6 pre nervy, svaly a pokojný spánok Komplex piatich organických foriem horčíka doplnený o aktívny vitamín B6 (P-5-P). 300 mg elementárneho horčíka na dennú dávku (3 kapsuly). Vegánske kapsuly bez lepku, laktózy a GMO. Päť organických foriem horčíka v jednej kapsule - každá s vlastným profilom vstrebávania a pôsobenia v tele. Doplnené aktívnou formou vitamínu B6, ktorá horčíku pomáha dostať sa tam, kde má pracovať. Nie každá forma horčíka sa vstrebáva rovnako. Organické chelátové formy (viazané na aminokyseliny alebo organické kyseliny) sú v odbornej literatúre popisované ako oveľa lepšie vstrebateľné než anorganický oxid horčíka, ktorý sa stále objavuje v lacnejších doplnkoch. 1-2 Odporúčaná denná dávka sú 3 kapsuly. Kapsuly prehĺtajte vcelku a zapite dostatočným množstvom vody. Odporúčame rozložiť dávku počas dňa - s raňajkami, obedom a večerou.",https://powerlogy.com/powerlogy-magnesium-complex-90-kapsul,Powerlogy,Powerlogy,https://media.powerlogy.com/1/live/20251104101602/magnesium-complex-menej-1.png,in_stock,23.95 EUR,,8588010284082,70387,,new,Výživové doplnky > Horčík > Horčík pre deti,,,https://powerlogy.com/,true,14,https://powerlogy.com/o-nakupe/vseobecne-obchodne-podmienky,false,5.00,3,SK,SK,supplement,horčík-pre-deti,in-stock,single,
539746,Powerlogy D3+K2 Complex 60 kapsúl,"Synergia vitamínov D3 a K2 pre imunitu, zdravé kosti a metabolizmus vápnika Kombinácia vitamínu D3 (5 000 IU) a K2 vo forme MK-7 (150 µg) v jednej vegánskej kapsule. Lepšia biologická dostupnosť a vstrebateľnosť. Bez lepku, laktózy a GMO. Vitamín D3 zvyšuje vstrebávanie vápnika zo stravy. Vitamín K2 vo forme MK-7 aktivuje bielkoviny, ktoré riadia jeho distribúciu - smerujú vápnik do kostí a zubov. Kombinácia oboch vitamínov sa preto v odborných zdrojoch uvádza ako zmysluplná voľba pri dlhodobom dopĺňaní D3. D3+K2 Complex stavia na dvoch vitamínoch s jasne definovanými zdrojmi a formami. D3 pochádza z lanolínu - prirodzeného živočíšneho zdroja, K2 sa získava fermentáciou a ide o formu MK-7 s dlhším polčasom v tele než bežná MK-4. Vitamín D3 (cholekalciferol) z lanolínu dopĺňame o vitamín K2 v aktívnej forme MK-7 (menachinón získaný fermentáciou). Táto kombinácia pomáha podporiť zdravie kostí, srdca a imunitného systému. 1-3 Zvolená forma zároveň zabezpečuje dobrú biologickú dostupnosť a vstrebateľnosť . Odporúčaná denná dávka je 1 kapsula. Kapsulu prehĺtajte vcelku a zapite dostatočným množstvom vody. Najlepšie sa vstrebáva pri jedle obsahujúcom tuk - vitamín D3 je lipofilný.",https://powerlogy.com/powerlogy-d3-k2-complex-60-kapsul,Powerlogy,Powerlogy,https://media.powerlogy.com/1/live/20250811152918/d3-k2-mockup-menej-1.png,in_stock,23.95 EUR,19.95 EUR,8588010284099,70386,,new,Výživové doplnky > Vápnik,,,https://powerlogy.com/,true,14,https://powerlogy.com/o-nakupe/vseobecne-obchodne-podmienky,false,5.00,4,SK,SK,supplement,vápnik,in-stock,single,
539747,Powerlogy Upgraded Omega 3 60 kapsúl,"Komplex protizápalových omega-3 mastných kyselín a astaxantínu pre mozog, srdce a oči Prémiový olej z arktického zooplanktónu Calanus finmarchicus - s omega-3 mastnými kyselinami vo forme voskových esterov, prirodzeným astaxantínom a certifikovanou čistotou TOTOX ≤3. Bez rybieho zápachu a bez pridaných antioxidantov. Vyrobené v Nórsku. Calanus® je registrovaná obchodná značka oleja z Calanus finmarchicus - drobného arktického zooplanktónu. Olej obsahuje omega-3 mastné kyseliny v prirodzenej forme voskových esterov, čo ho odlišuje od štandardných rybacích olejov na báze triglyceridov. Štandardný rybací olej obsahuje omega-3 vo forme triglyceridov - výsledku priemyselného spracovania. Calanus® olej ich obsahuje vo forme voskových esterov, tak ako ich Calanus finmarchicus prirodzene syntetizuje. Táto forma sa vyznačuje pomalším, ale stabilnejším uvoľňovaním a výrazne nižšou náchylnosťou na oxidáciu. Omega-3 v Calanus® oleji sú viazané vo forme voskových esterov - prírodnej molekulárnej matici, v akej ich Calanus finmarchicus prirodzene ukladá ako zásobu energie. Bežný rybací olej používa triglyceridovú formu, ktorá vzniká priemyselným spracovaním. TOTOX je index celkovej oxidácie tuku - nižšie číslo znamená čerstvejší, menej oxidovaný olej. Calanus® má certifikovaný TOTOX ≤3. Štandardný rybací olej pri predaji bežne dosahuje hodnoty 20-50+. Oxidovaný olej môže spôsobovať nepríjemný zápach a reflux. Calanus finmarchicus je drobný morský kôrovec z arktických nórskych vôd. Pre svoju malú veľkosť a nízku pozíciu v potravinovom reťazci má výrazne nižšiu bioakumuláciu",https://powerlogy.com/powerlogy-upgraded-omega-3-60-kapsul,Powerlogy,Powerlogy,https://media.powerlogy.com/1/live/20250531142711/omega-3-menej.png,in_stock,34.95 EUR,28.95 EUR,8588010284068,70427,,new,Výživové doplnky > Omega-3 kyseliny,,,https://powerlogy.com/,true,14,https://powerlogy.com/o-nakupe/vseobecne-obchodne-podmienky,false,5.00,4,SK,SK,supplement,omega-3-kyseliny,in-stock,single,
540941,Kaapa Organic Mushrooms Chaga 50 ml,"Duálne extrahovaný BIO výťažok z huby Chaga, bez lepku a prísad Stačí pridať kvapku do rannej kávy či čaju. Ide o čistý výťažok z plodníc húb Chaga získaný dvojitou extrakciou. Produkt neobsahuje lepok, škrob či umelé prísady a je vhodný aj pre vegánov. Čaga sibírska alebo Rezavec šikmý je huba rastúca na brezách. Hríb čaga možno poznáte pod prezývkou „hríb nesmrteľnosti“. Je bohatý na mnoho druhov polysacharidov, najmä na beta-glukány. Obsahuje aj triterpény, ako aj betulín a betulínové kyseliny, ktoré huba čaga získava z brezy, na ktorej rastie. Obsahuje aj fenoly a fenolové zlúčeniny, melanín a celý rad vitamínov skupiny B a D aj betakarotén. Čo sa týka minerálov a stopových prvkov, nechýba horčík, sodík, vápnik, železo, meď, zinok, mangán a germánium. Je to proces, ktorým sa získavajú z húb kľúčové živiny. Sušené plodnice sú podrobené dvojnásobnej extrakcii – horúcou vodou a alkoholom v pomere 1:5. Alkohol sa využíva na uvoľnenie látok, ktoré sú vo vode nerozpustné. Vďaka tomu je tinktúra tak bohatá na účinné látky. Samotný produkt je vyrábaný z plodníc, nie z mycélia (podhubie). Všetky prospešné látky sa totiž nachádzajú v tejto časti huby, ktorá rastie nad povrchom. Niektorí výrobcovia používajú mycélium vypestované v laboratóriách a ich výrobky preto môžu postrádať niektoré účinné látky. Maximálna odporúčaná denná dávka je 2 ml. 1 pipeta obsahuje 0,6 ml tinktúry. Ideálne je používať 1-3 pipety , 1-3-krát denne. Kvapky môžete aplikovať priamo pod jazyk a prehltnúť, alebo pridať do vody, čaju, kávy alebo smoothie a vypiť.",https://powerlogy.com/kaapa-mushrooms-chaga-50-ml,Kaapa,Powerlogy,https://media.powerlogy.com/1/live/20250312133401/chaga-withpakage-50ml-min-1.png,in_stock,32.95 EUR,,6430071310205,70406,,new,Výživové doplnky > Vitálne huby > Chaga,0.1,kg,https://powerlogy.com/,true,14,https://powerlogy.com/o-nakupe/vseobecne-obchodne-podmienky,false,5.00,2,SK,SK,supplement,chaga,in-stock,single,
540943,Kaapa Organic Mushrooms Lions Mane 50 ml,"Duálne extrahovaný BIO výťažok z huby Lion's Mane, bez lepku a prísad Čistý výťažok z huby Lion's Mane v BIO kvalite. Lion's Mane je hubou 21. storočia. Produkt neobsahuje lepok, škrob či umelé prísady a je vhodný aj pre vegánov. Lion’s Mane, v preklade „levia hriva“ nesie svoj názov právom práve vďaka jej vzhľadu, ktorý pripomína korunu kráľa zvierat. Na Slovensku ju poznáme pod názvom Koralovec ježovitý. Používa sa v Ázii už od dávnych čias. Vyslúžila si prezývku „huba 21. storočia“. Medzi najvýznamnejšie zlúčeniny, ktoré obsahuje, patria treitol, D-arabinitol a kyselina palmitová. Je to proces, ktorým sa získavajú z húb kľúčové živiny. Sušené plodnice sú podrobené dvojnásobnej extrakcii – horúcou vodou a alkoholom v pomere 1:5. Alkohol sa využíva na uvoľnenie látok, ktoré sú vo vode nerozpustné. Vďaka tomu je tinktúra tak bohatá na účinné látky. Samotný produkt je vyrábaný z plodníc, nie z mycélia (podhubie). Všetky prospešné látky sa totiž nachádzajú v tejto časti huby, ktorá rastie nad povrchom. Niektorí výrobcovia používajú mycélium vypestované v laboratóriách a ich výrobky preto môžu postrádať niektoré účinné látky. Maximálna odporúčaná denná dávka je 2 ml. 1 pipeta obsahuje 0,6 ml tinktúry. Ideálne je používať 1-3 pipety , 1-3-krát denne. Kvapky môžete aplikovať priamo pod jazyk a prehltnúť, alebo pridať do vody, čaju, kávy alebo smoothie a vypiť.",https://powerlogy.com/kaapa-mushrooms-lions-mane-50-ml,Kaapa,Powerlogy,https://media.powerlogy.com/1/live/20250312133512/lionsmane-withpakage-50ml-min-1.png,in_stock,36.95 EUR,,6430071310083,70407,,new,Výživové doplnky > Vitálne huby > Lion's Mane,0.1,kg,https://powerlogy.com/,true,14,https://powerlogy.com/o-nakupe/vseobecne-obchodne-podmienky,false,,,SK,SK,supplement,lion's-mane,in-stock,single,
540951,The Buttery Pure Cream 800 g,"Jemné arašidové maslo z kvalitných sucho pražených hi-oleic arašidov Jemné arašidové maslo vyrobené remeselným spôsobom z jemne mletých sucho pražených hi-oleic arašidov. Extra krémové, bez pridaného cukru, palmového oleja a konzervantov. Ideálny zdroj rastlinných tukov a energie pre každého, kto žije aktívne. Arašidové maslo mám rád, ale dlhé roky mi prekážal vysoký obsah omega-6, ktoré podporujú zápaly. V The Buttery to vyriešili – vďaka špeciálnej odrode arašidov má maslo menej omega-6 a zároveň si drží vysokú kvalitu surovín, čisté zloženie a prísnu kontrolu oxidácie. Značka The Buttery vznikla z jednoduchej túžby: priniesť do Európy poriadne chutné a zároveň výživné arašidové maslo. Po rokoch nosenia kvalitných novozélandských masiel v kufroch späť do Španielska sa Zander a Bri rozhodli vybudovať vlastnú značku v srdci Barcelony – s láskou, ručne a poctivo. Skvelé do kaší, smoothies, toastov aj dezertov. Ideálne na raňajky alebo ako rýchly snack pred či po tréningu.",https://powerlogy.com/the-buttery-pure-cream-2,Powerlogy,Powerlogy,https://media.powerlogy.com/1/live/20250321172812/pc800-1-photoroom-min.png,in_stock,15.95 EUR,,9506485135394,70398,,new,Zdravé potraviny > Orieškové krémy a maslá > Arašidové > Arašidové maslá bez pridaného cukru,1,kg,https://powerlogy.com/,true,14,https://powerlogy.com/o-nakupe/vseobecne-obchodne-podmienky,true,4.88,8,SK,SK,food,arašidové-maslá-bez-pridaného-cukru,in-stock,single,
540960,The Buttery Cream & Crunch 800 g,"Chrumkavé arašidové maslo z kvalitných sucho pražených hi-oleic arašidov Vyrobené z kvalitných sucho pražených hi-oleic arašidov s jemným mletím a štipkou morskej soli. Bohaté na prirodzené tuky podobné tým z olivového oleja či avokáda – dokonalá chuť, krémová textúra a poctivá výživa v každej lyžičke. Arašidové maslo mám rád, ale dlhé roky mi prekážal vysoký obsah omega-6, ktoré podporujú zápaly. V The Buttery to vyriešili – vďaka špeciálnej odrode arašidov má maslo menej omega-6 a zároveň si drží vysokú kvalitu surovín, čisté zloženie a prísnu kontrolu oxidácie. Značka The Buttery vznikla z jednoduchej túžby: priniesť do Európy poriadne chutné a zároveň výživné arašidové maslo. Po rokoch nosenia kvalitných novozélandských masiel v kufroch späť do Španielska sa Zander a Bri rozhodli vybudovať vlastnú značku v srdci Barcelony – s láskou, ručne a poctivo. Skvelé do kaší, smoothies, toastov aj dezertov. Ideálne na raňajky alebo ako rýchly snack pred či po tréningu.",https://powerlogy.com/the-buttery-cream-crunch-2,Powerlogy,Powerlogy,https://media.powerlogy.com/1/live/20250402182228/cc800-1-photoroom-min.png,in_stock,15.95 EUR,,9503864697139,70399,,new,Zdravé potraviny > Orieškové krémy a maslá > Arašidové > Arašidové maslá bez pridaného cukru,1,kg,https://powerlogy.com/,true,14,https://powerlogy.com/o-nakupe/vseobecne-obchodne-podmienky,true,5.00,3,SK,SK,food,arašidové-maslá-bez-pridaného-cukru,in-stock,single,
542125,Powerlogy Upgraded Collagen Bar Strawberry 50 g,"Tyčinka so hydrolyzovaným kolagénom, prebiotickou vlákninou, kokosom a lyofilizovanými jahodami Proteínová tyčinka s hydrolyzovaným kolagénom, nízkym obsahom cukru a poriadnou porciou vlákniny (13 g v jednej tyčinke). Výskumy potvrdzujú, že vysoký príjem prebiotickej vlákniny podporuje mikrobióm. 1-2 Zabezpečí zdravú sýtosť 3 , stabilnú hladinu cukru v krvi 4 a pomáha so znížením hladín cholesterolu. 4-5 Receptúru završuje extra MCT olej, ktorý funguje ako rýchle ""palivo"" na tvorbu energie. 6-7 Užite si lahodnú kombináciu kokosu a lyofilizovaných jahôd pre osviežujúcu a prirodzene sladkú chuť. Bez lepku, mlieka, palmového oleja a umelých sladidiel. Prémiovú líniu Powerlogy Upgraded som vytvoril pre najnáročnejších zákazníkov, ktorí hľadajú maximálnu kvalitu a účinnosť. Upgraded produkty sú obohatené o inovatívne ingrediencie ako MCT olej, prebiotická vláknina, adaptogény či bioaktívne látky. Receptúry vyvíjam na základe najnovších vedeckých poznatkov. Kombinujem účinky rôznych zložiek, aby vám dodali energiu a podporili konkrétne funkcie tela – imunita, trávenie, regenerácia či fyzická a mentálna výkonnosť. Funkčné benefity konzultujem s odbornou vedeckou radou, s ktorou v Powerlogy úzko spolupracujeme. Upgraded produkty odporúčam ako riešenie pre ľudí, ktorí chcú spoľahlivý zdroj energie a výživy na každý deň. Túto inovatívnu kolagénovú tyčinku s nízkym obsahom cukru sme vytvorili pre náročných zákazníkov. Pre ľudí, ktorí chcú mať naozaj deň plný energie a nechcú vyhladnúť do 2 hodín. A zároveň si veľmi dobre uvedomujú, že každé jedlo má potenciál byť kvalitnou vyživou",https://powerlogy.com/powerlogy-upgraded-collagen-bar-strawberry-50-g,Powerlogy,Powerlogy,https://media.powerlogy.com/1/live/20250625162350/upgraded-collagen-strawberry-coconut-bar-ingrediencia.png,out_of_stock,2.95 EUR,,8588009019916,70433,,new,Funkčná výživa > Kolagény > Kolagény na kosti a kĺby > Hovädzie kolagény na kĺby,0.1,kg,https://powerlogy.com/,true,14,https://powerlogy.com/o-nakupe/vseobecne-obchodne-podmienky,false,,,SK,SK,supplement,hovädzie-kolagény-na-kĺby,out-of-stock,single,
542209,Powerlogy Upgraded Collagen Bar Strawberry 24 x 50 g,"XXL balenie tyčinky so hydrolyzovaným kolagénom, prebiotickou vlákninou, kokosom a lyofilizovanými jahodami Proteínová tyčinka s hydrolyzovaným kolagénom, nízkym obsahom cukru a poriadnou porciou vlákniny (13 g v jednej tyčinke). Výskumy potvrdzujú, že vysoký príjem prebiotickej vlákniny podporuje mikrobióm. 1-2 Zabezpečí zdravú sýtosť 3 , stabilnú hladinu cukru v krvi 4 a pomáha so znížením hladín cholesterolu. 4-5 Receptúru završuje extra MCT olej, ktorý funguje ako rýchle ""palivo"" na tvorbu energie. 6-7 Užite si lahodnú kombináciu kokosu a lyofilizovaných jahôd pre osviežujúcu a prirodzene sladkú chuť. Bez lepku, mlieka, palmového oleja a umelých sladidiel. Prémiovú líniu Powerlogy Upgraded som vytvoril pre najnáročnejších zákazníkov, ktorí hľadajú maximálnu kvalitu a účinnosť. Upgraded produkty sú obohatené o inovatívne ingrediencie ako MCT olej, prebiotická vláknina, adaptogény či bioaktívne látky. Receptúry vyvíjam na základe najnovších vedeckých poznatkov. Kombinujem účinky rôznych zložiek, aby vám dodali energiu a podporili konkrétne funkcie tela – imunita, trávenie, regenerácia či fyzická a mentálna výkonnosť. Funkčné benefity konzultujem s odbornou vedeckou radou, s ktorou v Powerlogy úzko spolupracujeme. Upgraded produkty odporúčam ako riešenie pre ľudí, ktorí chcú spoľahlivý zdroj energie a výživy na každý deň. Túto inovatívnu kolagénovú tyčinku s nízkym obsahom cukru sme vytvorili pre náročných zákazníkov. Pre ľudí, ktorí chcú mať naozaj deň plný energie a nechcú vyhladnúť do 2 hodín. A zároveň si veľmi dobre uvedomujú, že každé jedlo má potenciál byť kvalitnou vyživou",https://powerlogy.com/upgraded-collagen-bar-strawberry-box,Powerlogy,Powerlogy,https://media.powerlogy.com/1/live/20250708131924/upgraded-collagen-strawberry-coconut-bar-24-50g.png,in_stock,70.80 EUR,59.95 EUR,,70433_24,,new,Funkčná výživa > Kolagény > Kolagény na kosti a kĺby > Hovädzie kolagény na kĺby,0.1,kg,https://powerlogy.com/,true,14,https://powerlogy.com/o-nakupe/vseobecne-obchodne-podmienky,false,,,SK,SK,supplement,hovädzie-kolagény-na-kĺby,in-stock,single,
544739,NoordCode Creatine Pro 150 g,"Kombinácia najčistejšieho kreatín monohydrátu (Creapure®) so špeciálnym rastlinným extraktom AstraGin NoordCode Creatine Pro je prémiový kreatín monohydrát Creapure® obohatený o extrakt AstraGin®. Ide o čisto prírodný doplnok bez prísad, vyrábaný vo Holandsku. Pomáha zlepšiť športový výkon, naberať svalovú hmotu a zároveň podporuje vstrebateľnosť ďalších živín. Vhodný aj pre vegánov. Ideálny základ vášho športového stacku – overený, účinný, bezpečný. NoordCode Creatine Pro je vysoko kvalitný kreatín monohydrát Creapure® , doplnený o patentovaný rastlinný extrakt AstraGin® . Creapure® je vyrábaný v Nemecku firmou AlzChem Trostberg GmbH a patrí medzi najčistejšie formy kreatínu na trhu – s minimálnym obsahom vedľajších produktov ako kreatinín, DCD alebo DHT . Produkcia prebieha bez použitia živočíšnych zložiek, je teda vhodná aj pre vegánov , zároveň má Halal a Kosher certifikáciu. AstraGin® je štandardizovaný extrakt z koreňov rastlín Panax notoginseng a Astragalus membranaceus , ktorý bol klinicky skúmaný na podporu vstrebávania živín v črevách. V kombinácii s kreatínom zvyšuje potenciál doplnku pri podpore športového výkonu, rastu svalovej hmoty a efektívnosti iných suplementov. Produkt je bez pridaných látok , plnív alebo sladidiel – obsahuje iba Creapure® kreatín monohydrát a AstraGin® , v práškovej forme pre jednoduché dávkovanie. Každá dávka (5 g) obsahuje odporúčanú dennú dávku kreatínu, ktorého účinnosť je podložená desiatkami klinických štúdií . NoordCode Creatine Pro je zároveň NZVT certifikovaný , čo znamená, že každá šarža je testovaná na prítomnosť zakázaných láto",https://powerlogy.com/powerlogy-noordcode-creatine-pro-150g,NoordCode,Powerlogy,https://media.powerlogy.com/1/live/20260729124456/70451_creatine-pro-mockup.png,in_stock,17.95 EUR,,8720648640391,70451,,new,Výživové doplnky > Kreatín > Kreatín v akcii,0.2,kg,https://powerlogy.com/,true,14,https://powerlogy.com/o-nakupe/vseobecne-obchodne-podmienky,false,4.67,3,SK,SK,supplement,kreatín-v-akcii,in-stock,single,
544838,NoordCode Daily Electrolytes Berries 180 g,"Denné elektrolyty bez cukru s draslíkom, horčíkom a stopovými minerálmi pre optimálnu hydratáciu NoordCode Daily Electrolytes Berries je jemne ovocná zmes elektrolytov na každodenné doplnenie draslíka a horčíka. Obsahuje 350 mg draslíka z citrátu draselného, 100 mg horčíka z morských minerálov (Aquamin™) a iba 35 mg sodíka z nerafinovanej morskej soli. Čisto prírodné zloženie bez cukru, s jemnou chuťou lesných plodov. Vhodné pre vegánov, pri keto aj pôste. Ideálna voľba pre bežnú hydratáciu a funkciu svalov či nervov. Elektrolyty sú nabité častice (často minerály), ktoré v tele plnia dôležité funkcie. Známe elektrolyty sú sodík, draslík, horčík, vápnik a chloridy. Tieto látky najčastejšie získavame z rôznych potravín a vylučované sú močom. V prípade nedostatku týchto minerálov je praktické siahnuť po doplnkoch, akými sú napríklad NoordCode Electrolytes. ENERGIA - Horčík prispieva k zvýšeniu energie a zároveň pomáha zmierniť pocit vyčerpania a únavy. Funkcia svalov a nervov - Draslík a horčík sú nevyhnutné pre správne fungovanie svalov a nervových buniek. Tieto minerály podporujú normálnu činnosť nervového systému, pričom horčík zohráva kľúčovú úlohu pri prenose nervových impulzov. Okrem toho magnézium taktiež prispieva k udržaniu optimálnej mentálnej kapacity. Krvný tlak a ďalšie výhody - Draslík je dôležitý pre udržiavanie normálneho krvného tlaku, zatiaľ čo horčík podporuje správnu rovnováhu vody a minerálov v tele. Okrem toho horčík prispieva k pevnosti kostí a zubov, zohráva významnú úlohu pri raste a vývoji tkanív a pomáha pri tvorbe telesných bielkovín. 1 dávka Noo",https://powerlogy.com/powerlogy-noordcode-daily-electrolytes-berries-180-g,NoordCode,Powerlogy,https://media.powerlogy.com/1/live/20260729123445/70449_daily-electrolytes-berries-mockup.png,in_stock,26.95 EUR,,8720648640568,70449,,new,Výživové doplnky > Draslík,0.25,kg,https://powerlogy.com/,true,14,https://powerlogy.com/o-nakupe/vseobecne-obchodne-podmienky,false,4.00,1,SK,SK,supplement,draslík,in-stock,single,
544839,NoordCode Daily Electrolytes Passionfruit Papaya 180 g,"Funkčná zmes elektrolytov so sodíkom, draslíkom a horčíkom. Príchuť marakuje a papáje NoordCode Daily Electrolytes Passionfruit Papaya je jemne ovocná zmes elektrolytov na každodenné doplnenie draslíka a horčíka. Obsahuje 350 mg draslíka z citrátu draselného, 100 mg horčíka z morských minerálov (Aquamin™) a iba 35 mg sodíka z nerafinovanej morskej soli. Čisto prírodné zloženie bez cukru, s jemnou chuťou exotického ovocia. Vhodné pre vegánov, pri keto aj pôste. Ideálna voľba pre bežnú hydratáciu a funkciu svalov či nervov. Elektrolyty sú nabité častice (často minerály), ktoré v tele plnia dôležité funkcie. Známe elektrolyty sú sodík, draslík, horčík, vápnik a chloridy. Tieto látky najčastejšie získavame z rôznych potravín a vylučované sú močom. V prípade nedostatku týchto minerálov je praktické siahnuť po doplnkoch, akými sú napríklad NoordCode Electrolytes. ENERGIA - Horčík prispieva k zvýšeniu energie a zároveň pomáha zmierniť pocit vyčerpania a únavy. Funkcia svalov a nervov - Draslík a horčík sú nevyhnutné pre správne fungovanie svalov a nervových buniek. Tieto minerály podporujú normálnu činnosť nervového systému, pričom horčík zohráva kľúčovú úlohu pri prenose nervových impulzov. Okrem toho magnézium taktiež prispieva k udržaniu optimálnej mentálnej kapacity. Krvný tlak a ďalšie výhody - Draslík je dôležitý pre udržiavanie normálneho krvného tlaku, zatiaľ čo horčík podporuje správnu rovnováhu vody a minerálov v tele. Okrem toho horčík prispieva k pevnosti kostí a zubov, zohráva významnú úlohu pri raste a vývoji tkanív a pomáha pri tvorbe telesných bielkov",https://powerlogy.com/noordcode-daily-electrolytes-passsionfruit-papaya,NoordCode,Powerlogy,https://media.powerlogy.com/1/live/20260729123452/70450_daily-electrolytes-papaya-mockup.png,in_stock,26.95 EUR,,87206448640582,70450,,new,Výživové doplnky > Draslík,0.25,kg,https://powerlogy.com/,true,14,https://powerlogy.com/o-nakupe/vseobecne-obchodne-podmienky,false,,,SK,SK,supplement,draslík,in-stock,single,
544848,NoordCode Performance Electrolytes Forest Berries 200 g,"Funkčná zmes elektrolytov so sodíkom, draslíkom a horčíkom s príchuťou lesných plodov Vlastnosti, vďaka ktorým sa môžete na NoordCode elektrolyty spoľahnúť: Hydratácia organizmu a udržiavanie priaznivej rovnováhy vody v tele. Podpora funkcie svalov. Zlepšenie fungovania nervovej sústavy a podpora psychickej odolnosti. Pomáha udržiavať normálny krvný tlak. Prémiové zloženie bez pridaných látok. Optimálny pomer elektrolytov. Prírodná, citrónovo-pomarančová príchuť. Vhodné pre vegánov, ale aj pri keto a paleo stravovaní. Význam konkrétnych elektrolytov pre organizmus Energia Horčík prispieva k zvýšeniu energie a zároveň pomáha zmierniť pocit vyčerpania a únavy. Funkcia svalov a nervov Draslík a horčík sú nevyhnutné pre správne fungovanie svalov a nervových buniek. Tieto minerály podporujú normálnu činnosť nervového systému, pričom horčík zohráva kľúčovú úlohu pri prenose nervových impulzov. Okrem toho magnézium taktiež prispieva k udržaniu optimálnej mentálnej kapacity. Krvný tlak a ďalšie výhody Draslík je dôležitý pre udržiavanie normálneho krvného tlaku, zatiaľ čo horčík podporuje správnu rovnováhu vody a minerálov v tele. Okrem toho horčík prispieva k pevnosti kostí a zubov, zohráva významnú úlohu pri raste a vývoji tkanív a pomáha pri tvorbe telesných bielkovín. Prečo sú elektrolyty dôležité? Elektrolyty sú nabité častice (často minerály), ktoré v tele plnia dôležité funkcie. Známe elektrolyty sú sodík, draslík, horčík, vápnik a chloridy. Tieto látky najčastejšie získavame z rôznych potravín a vylučované sú močom. V prípade nedostatku týchto minerálov je praktické siahnuť po doplnkoch, akými sú napríklad NoordCode Electrolytes. Kedy NoordCode Electrolytes užívať Ráno po prebudení, vďaka čomu začnete deň so správnou hydratáciou. Sodík z morskej soli, ktorý sa nachádza v tejto zmesi, pomáha vode lepšie sa vstrebávať. Preto voda s obsahom elektrolytov hydratuje lepšie ako tá bežná. Pri nadmernom potení počas športovania alebo v horúčavách. Potením sa z nášho tela vylučuje voda a s ňou aj množstvo minerálov. Preto je ideálne prijímať vodu obohatenú o elektrolyty. Počas ketogénnej či nízkosacharidovej diéty. Ak denne konzumujete sacharidy, vaše telo zadržiava viac soli. Preto pri nízkom príjme sacharidov strácate elektrolyty rýchlejšie. Keď konzumujete prevažne čerstvé, nespracované potraviny, ktoré často neobsahujú dostatok soli. Použitie NoordCode Electrolytes 2 odmerky (8 g) rozpustite v 1 litri vody pomocou mixéra alebo šejkra. V prípade, že sa vám nápoj bude zdať príliš slaný, pridajte vodu. Vrecúško s vysušovadlom nechajte v nádobe a vždy medzi jednotlivými použitiami rýchlo a dôkladne zatvorte veko, aby ste zabránili zhlukovaniu. Popis výrobku: Funkčná zmes elektrolytov so sodíkom, draslíkom a horčíkom s citrusovou príchuťou. Hmotnosť: 250 g Zloženie: Nerafinovaná soľ, citrát draselný, horčík z morských minerálov, kyselina jablčná, kyselina citrónová, glykozidy steviolu zo stévie. Alergény: Môže obsahovať stopy mlieka. Vyrobené v: Holandsko",https://powerlogy.com/noordcode-performance-electrolytes-forest-berries,NoordCode,Powerlogy,https://media.powerlogy.com/1/live/20260729123436/70447_performance-electrolytes-forest-berries-mockup.png,in_stock,29.95 EUR,,8720648640476,70447,,new,Výživové doplnky > Elektrolyty,0.3,kg,https://powerlogy.com/,true,14,https://powerlogy.com/o-nakupe/vseobecne-obchodne-podmienky,false,5.00,4,SK,SK,supplement,elektrolyty,in-stock,single,
546818,Powerlogy Shaker 400 ml,"Štýlový shaker s kovovou špirálou a praktickým pútkom – ideálny na proteín, kolagén či greens Powerlogy Shaker je praktický, odolný a 100 % BPA free . Ideálny na proteín , kolagén , Greens alebo Power Coffee s MCT – doma aj na cestách. Objem 400 ml, kovová špirála pre hladké miešanie, tesniace viečko , ktoré nepretečie, a praktické pútko na jednoduché nosenie. Ľahký, kompaktný a vždy pripravený na tvoj nápoj. Jednoducho sa čistí, nezadržiava pachy a má čistý dizajn v štýle Powerlogy, ktorý ťa bude baviť používať každý deň.",https://powerlogy.com/powerlogy-shaker-400-ml,Powerlogy,Powerlogy,https://media.powerlogy.com/1/live/20250813113150/shaker-menej-1.png,in_stock,4.95 EUR,,,70454,,new,Funkčná výživa > Keto nápoje,0.3,kg,https://powerlogy.com/,true,14,https://powerlogy.com/o-nakupe/vseobecne-obchodne-podmienky,true,4.00,2,SK,SK,food,keto-nápoje,in-stock,single,
546929,Powerlogy Whey Protein Coconut & Almond 1 kg,"100 % čistý grass-fed srvátkovo-ryžový proteín s príchuťou kokos-mandľa bez umelých sladidiel Prírodný srvátkovo-ryžový proteín v grass-fed kvalite s jemnou kokosovo-mandľovou chuťou. Jedna dávka obsahuje 23 g bielkovín , kompletný profil 18 aminokyselín vrátane BCAA a čisté zloženie bez umelých sladidiel, sóje a pridaného cukru. Prírodná aróma kokosu a mandlí — krémový, jemne orieškový profil bez umelých nosičov. Kombinácia whey a ryžového proteínu predlžuje čas, počas ktorého sú v krvi zvýšené hladiny esenciálnych aminokyselín. V praxi to znamená dlhšie okno dodávky stavebného materiálu pre svaly než pri samostatnom zdroji bielkovín. Väčšina proteínov na trhu používa lacnejšie suroviny, syntetické arómy a agresívne sladidlá, aby výsledok pôsobil výraznejšie a lacnejšie na výrobu. Powerlogy Whey Coconut & Almond stavia na srvátke z kráv kŕmených trávou, doplnenej ryžovým proteínom a jemnou prírodnou chuťou kokosu a mandlí. Žiadne skratky, len funkčný proteín s chuťou, ktorú chcete piť dlhodobo. DIAAS skóre meria kvalitu bielkovín podľa aktuálnej metodiky WHO/FAO - zohľadňuje stráviteľnosť aj kompletnosť aminokyselinového profilu. Srvátkový proteín z kráv kŕmených trávou vykazuje prirodzene vyšší obsah leucínu, kľúčovej aminokyseliny pre syntézu svalových bielkovín. Každá odmerka Whey Coconut & Almond obsahuje kompletný profil 18 aminokyselín vrátane BCAA - leucínu, izoleucínu a valínu pre rast a ochranu svalov. Blend srvátkového a ryžového proteínu zároveň prináša vyváženejší aminokyselinový profil a výbornú použiteľnosť po tréningu aj počas dňa. Každá 30 g odmerka o",https://powerlogy.com/whey-protein-coconut-almond,Powerlogy,Powerlogy,https://media.powerlogy.com/1/live/20260521113606/powerlogy-whey-protein-coconut-almond.png,in_stock,39.95 EUR,36.95 EUR,8588010284259,70437,,new,Funkčná výživa > Proteíny > Srvátkové proteíny > Srvátkové proteíny na chudnutie,1.02,kg,https://powerlogy.com/,true,14,https://powerlogy.com/o-nakupe/vseobecne-obchodne-podmienky,true,3.70,10,SK,SK,food,srvátkové-proteíny-na-chudnutie,in-stock,single,
547043,Powerlogy Whey Protein Dark Chocolate 1 kg,"100 % čistý grass-fed srvátkovo-ryžový proteín s príchuťou tmavej čokolády bez umelých sladidiel Prírodný srvátkovo-ryžový proteín z mlieka kráv kŕmených trávou s chuťou horkej čokolády. 21 g bielkovín na dávku, kompletný profil 18 aminokyselín vrátane BCAA - bez umelých sladidiel, lepku a s zníženým obsahom laktózy. Pravý kakaový prášok — plná čokoládová chuť, nie aróma zo skúmavky. Kombinácia whey a ryžového proteínu predlžuje čas, počas ktorého sú v krvi zvýšené hladiny esenciálnych aminokyselín. V praxi to znamená dlhšie okno dodávky stavebného materiálu pre svaly než pri samostatnom zdroji bielkovín. Väčšina proteínov na trhu používa srvátku z priemyselne chovaných kráv, zahustenú umelými sladidlami a syntetickými príchuťami. Powerlogy Whey Protein Dark Chocolate je iný: srvátka pochádza z kráv kŕmených trávou, chuť tvorí pravý kakaový prášok a sladkosť dodáva výlučne stévia. Žiadne skratky - len proteín s účelom. DIAAS skóre meria kvalitu bielkovín podľa aktuálnej metodiky WHO/FAO - zohľadňuje stráviteľnosť aj kompletnosť aminokyselinového profilu. Srvátkový proteín z kráv kŕmených trávou vykazuje prirodzene vyšší obsah leucínu, kľúčovej aminokyseliny pre syntézu svalových bielkovín. Každá odmerka Whey Protein Dark Chocolate obsahuje kompletný profil 18 aminokyselín vrátane BCAA - leucínu, izoleucínu a valínu pre rast a ochranu svalov. Blend srvátkového a ryžového proteínu zabezpečuje vyváženejší aminokyselinový profil ako samotná srvátka. Každá 30 g odmerka obsahuje 21 g bielkovín (83 %), 2 g sacharidov (8 %) a 2,4 g tuku (9 %). Makrá sú optimalizované pre maximál",https://powerlogy.com/whey-protein-dark-chocolate,Powerlogy,Powerlogy,https://media.powerlogy.com/1/live/20260521113603/powerlogy-whey-protein-dark-chocolate.png,in_stock,39.95 EUR,,8588010284198,70431,,new,Funkčná výživa > Proteíny > Srvátkové proteíny > Srvátkové proteíny na chudnutie,1.02,kg,https://powerlogy.com/,true,14,https://powerlogy.com/o-nakupe/vseobecne-obchodne-podmienky,true,4.36,11,SK,SK,food,srvátkové-proteíny-na-chudnutie,in-stock,single,
547746,Powerlogy Organic Vegan Protein Cinnamon & Vanilla 500 g,"BIO certifikovaný VEGAN rastlinný proteín s vanilkovo-škoricovou príchuťou Organický vegánsky proteín z hrachu, ryže a konope s prírodnou škoricovo-vanilkovou príchuťou. 19 g bielkovín na dávku, kompletný profil 18 aminokyselín, čisté BIO zloženie - bez umelých sladidiel, lepku ani mlieka. DIAAS skóre meria kvalitu bielkovín podľa najmodernejšej metodiky WHO/FAO. Kombináciou troch zdrojov dosahujeme takmer kompletný profil. BIO cejlónska škorica a vanilkový extrakt — pravé suroviny, žiadne syntetické arómy. Kokosový nektár — prírodné sladidlo s nízkym glykemickým indexom. Aminokyseliny sú základné stavebné kamene bielkovín a zohrávajú kľúčovú úlohu pri raste, regenerácii a správnom fungovaní organizmu. Každá odmerka obsahuje profil 18 aminokyselín vrátane BCAA (leucín, izoleucín, valín) pre rast a ochranu svalov, lyzínu a metionínu pre imunitu a metabolizmus, či tryptofánu a tyrozínu na podporu nálady a energie. Každá 30 g odmerka obsahuje 19 g bielkovín (72 %), 5,7 g sacharidov (22 %) a 1,6 g tuku (6 %). Makrá sú optimalizované pre maximálny príjem bielkovín pri minimálnom kalorickom zaťažení. 1 odmerku (30 g) rozmiešajte v 200 ml vody alebo rastlinného mlieka. Proteín sa prirodzene rozpúšťa v studených aj teplých nápojoch. Pridajte ovocie, orechový krém alebo použite v smoothie bowls a zdravých receptoch. Nie každý rastlinný proteín je rovnaký. Rozdiel je v počte zdrojov, kvalite surovín, použitých sladidlách aj biologickej hodnote.",https://powerlogy.com/organic-vegan-protein-500-g,Powerlogy,Powerlogy,https://media.powerlogy.com/1/live/20260521113611/powerlogy-vegan-protein-cinnamon-vanilla.png,in_stock,29.95 EUR,,8588010284228,70432,,new,Funkčná výživa > Proteíny > Bezlepkové proteíny,0.525,kg,https://powerlogy.com/,true,14,https://powerlogy.com/o-nakupe/vseobecne-obchodne-podmienky,true,4.77,13,SK,SK,food,bezlepkové-proteíny,in-stock,single,
547960,Powerlogy Upgraded Recovery Protein Coconut & Almond 500 g,"Hovädzí proteín s komplexným profilom aminokyselín, kreatínom, Palatinose® a Zynamite® Prémiový recovery proteín z hydrolyzovaného hovädzieho Hydrobeef™ s pridaným L-glutamínom, kreatínom, Palatinose™ a Zynamite® pre rýchlejšiu regeneráciu, stabilnejšiu energiu a menšiu únavu po výkone. Každá dávka prináša 19 g bielkovín , čisté zloženie bez lepku, mlieka, sóje a umelých sladidiel a jemnú kokosovo-mandľovo-vanilkovú chuť. Prírodné arómy kokosu a mandlí — krémový profil bez syntetických nosičov. Hydrobeef® je hydrolyzovaný hovädzí proteín - bielkovina je už čiastočne rozštiepená na menšie peptidy. Telo ich vstrebáva rýchlejšie a kompletnejšie ako bežné proteíny, vďaka čomu dosahuje stráviteľnosť až 99 % - viac než whey izolát, vajce aj rastlinné zdroje. 10 Každá odmerka prináša aminokyselinový profil z Hydrobeef™ doplnený o extra glutamín. Výrazné zastúpenie glycínu, prolínu a hydroxyprolínu rozširuje recovery charakter receptúry, zatiaľ čo leucín, izoleucín a valín podporujú obnovu svalov po výkone. Palatinose™ (izomaltulóza) je sacharid s nízkym glykemickým indexom - trávi sa postupne a telo dostáva energiu konzistentne v menších dávkach (3-4 hodiny). Konzumácia potravín obsahujúcich izomaltulózu namiesto cukru prispieva k nižšiemu zvýšeniu hladiny glukózy v krvi po ich konzumácii. Výsledok: dlhšia výdrž, menšia únava, lepšie sústredenie - bez kolapsu ako po energetickom nápoji. Zynamite® dopĺňa receptúru o bioaktívny extrakt, ktorý podporuje výkon a menšiu únavu bez potreby kofeínu. Glukóza (jednoduchý cukor) Maltodextrín Palatinose TM Makro rozdelenie na 1 d",https://powerlogy.com/upgraded-recovery-protein-coconut-almond-500-g,Powerlogy,Powerlogy,https://media.powerlogy.com/1/live/20260521113636/powerlogy-recovery-protein-coconut-almond.png,in_stock,29.95 EUR,,8588010284211,70430,,new,Funkčná výživa > Proteíny > Bezlepkové proteíny,0.55,kg,https://powerlogy.com/,true,14,https://powerlogy.com/o-nakupe/vseobecne-obchodne-podmienky,true,3.88,16,SK,SK,food,bezlepkové-proteíny,in-stock,single,
548902,Powerlogy Upgraded Probio Oatmeal Vanilla 350 g,"Bezlepková funkčná raňajková kaša s kokosom, probiotikami a jemnou vanilkovou arómou Raňajky pre zdravé črevá a stabilnú energiu. 10 miliárd lyofilizovaných probiotík v každej porcii pre rovnováhu mikrobiómu a imunitu. Palatinose™ zabezpečí energiu bez cukrového výkyvu na 3–4 hodiny. Prebiotická čakanková vláknina ako potrava pre prospešné baktérie. Jemná vanilková chuť bez pridaného cukru, lepku a mlieka. Pre zachovanie aktivity lyofilizovaných probiotík nepoužívajte vodu teplejšiu ako 70°C. Každá ingrediencia má konkrétnu funkciu — pre trávenie, imunitu aj stabilnú energiu. Bez plnív, emulgátorov, umelých aróm ani palmového oleja. Bežné raňajky postavené na glukóze alebo maltodextríne spôsobujú prudký nárast hladiny cukru a následný energetický pád. Upgraded Probio Oatmeal využíva Palatinose™ pre plynulé uvoľňovanie energie a lyofilizované probiotiká pre zdravé trávenie — dve funkcie v jednej miske. 1–3 Glukóza Maltodextrín Palatinose™ Prečo práve lyofilizované probiotiká? Bežné probiotiká v jogurtoch vyžadujú chladenie a väčšina neprežije trávenie. Lyofilizácia zachováva kultúry v inertnom stave — vydržia pri izbovej teplote, prežijú žalúdok a dostanú sa do hrubého čreva, kde sú skutočne potrebné. Odolné voči žalúdočným kyselinám — dostanú sa tam, kde majú byť. Tu probiotiká skutočne pôsobia — a lyofilizované sa tam aj dostanú. Bežný probiotický jogurt obsahuje 100× menej aktívnych kultúr — a väčšina z nich neprežije trávenie. Odporúčaná porcia je 50 g. Pre zachovanie aktivity probiotík zalejte vodou maximálne 60–70°C — nie vriacou. Prémiovú líniu Powerlog",https://powerlogy.com/upgraded-probio-oatmeal-vanilla-2026-03-16-09-33-25,Powerlogy,Powerlogy,https://media.powerlogy.com/1/live/20260521113649/powerlogy-oatmeal-probio-vanilla.png,out_of_stock,9.95 EUR,,8588010284310,70443,,new,Zdravé potraviny > Raňajkové ovsené kaše > Probiotické kaše,0.4,kg,https://powerlogy.com/,true,14,https://powerlogy.com/o-nakupe/vseobecne-obchodne-podmienky,true,4.92,13,SK,SK,food,probiotické-kaše,out-of-stock,single,
548905,Powerlogy Upgraded Probio Oatmeal Dark Chocolate 350 g,"Bezlepková funkčná raňajková kaša s kokosom, probiotikami a príchuťou horkej čokolády Raňajky pre zdravé črevá a stabilnú energiu. 10 miliárd lyofilizovaných probiotík v každej porcii pre rovnováhu mikrobiómu a imunitu. Palatinose™ zabezpečí energiu bez cukrového výkyvu na 3–4 hodiny. Prebiotická čakanková vláknina ako potrava pre prospešné baktérie. Bez pridaného cukru, lepku a mlieka. Pre zachovanie aktivity lyofilizovaných probiotík nepoužívajte vodu teplejšiu ako 70°C. Kakaový prášok pre intenzívnu horkú čokoládovú chuť bez pridaného cukru. Kokosové lupienky pre chrumkavú textúru a jemnú exotickú chuť. Chia semienka pre jemnosť, omega-3 mastné kyseliny a dlhú sýtosť. Každá ingrediencia má konkrétnu funkciu — pre trávenie, imunitu aj stabilnú energiu. Bez plnív, emulgátorov, umelých aróm ani palmového oleja. Bežné raňajky postavené na glukóze alebo maltodextríne spôsobujú prudký nárast hladiny cukru a následný energetický pád. Upgraded Probio Oatmeal využíva Palatinose™ pre plynulé uvoľňovanie energie a lyofilizované probiotiká pre zdravé trávenie — dve funkcie v jednej miske. 1–3 Glukóza Maltodextrín Palatinose™ Prečo práve lyofilizované probiotiká? Bežné probiotiká v jogurtoch vyžadujú chladenie a väčšina neprežije trávenie. Lyofilizácia zachováva kultúry v inertnom stave — vydržia pri izbovej teplote, prežijú žalúdok a dostanú sa do hrubého čreva, kde sú skutočne potrebné. Odolné voči žalúdočným kyselinám — dostanú sa tam, kde majú byť. Tu probiotiká skutočne pôsobia — a lyofilizované sa tam aj dostanú. Bežný probiotický jogurt obsahuje 100× menej aktívn",https://powerlogy.com/upgraded-probio-oatmeal-dark-chocolate,Powerlogy,Powerlogy,https://media.powerlogy.com/1/live/20260521113654/powerlogy-oatmeal-probio-dark-chocolate.png,in_stock,9.95 EUR,,8588010284303,70442,,new,Zdravé potraviny > Raňajkové ovsené kaše > Probiotické kaše,0.4,kg,https://powerlogy.com/,true,14,https://powerlogy.com/o-nakupe/vseobecne-obchodne-podmienky,true,5.00,7,SK,SK,food,probiotické-kaše,in-stock,single,
551554,Powerlogy Upgraded Collagen Gut+ 300 g,"Grass fed kolagén s kolostrom, glycínom a prebiotickou vlákninou Základ tvorí hovädzí kolagén z európskych kráv kŕmených trávou, bez hormónov a antibiotík. Ten sme obohatili o prémiové kolostrum, extra dávku glycínu a prebiotickú vlákninu - ideálny do každodennej rutiny. Pridaný probiotický kmeň Lactospore® (Bacillus coagulans). Nealkalizované kakao dodáva skvelú chuť. Vychutnajte si funkčný, čokoládový nápoj so 7 500 mg čistého kolagénu, 2 700 mg glycínu, 210 mg imunoglobulinu G a viac ako 200 miliónov CFU živých baktérií . Nealkalizované kakao — nespracované, so zachovanými flavonolmi a prirodzenou horkočokoládovou notou. Kolagénové peptidy — prirodzene dodávajú nápoju zamatovú, krémovú konzistenciu. Päť aktívnych ingrediencií, každá s jasným funkčným zámerom. Žiadne plnivá ani zbytočné prísady. V receptúre nenájdete zbytočné plnivá. Každá aktívna zložka má v receptúre svoje miesto. Hovädzí kolagén z kráv kŕmených trávou, bez hormónov a antibiotík. Európsky pôvod, transparentný dodávateľský reťazec. Enzymaticky hydrolyzovaný pre maximálne vstrebávanie. Prvé mlieko kráv po otelení je prírodne bohaté na imunoglobulíny triedy G, laktoferin a bioaktívne peptidy. Kmeň Bacillus coagulans vo forme spór, doplnený o prebiotický inulín z čakanky. Lactospore® (Bacillus coagulans MTCC 5856) tvorí ochranné spóry. Údaje nižšie pochádzajú z in-vitro testu v simulovanom žalúdočnom prostredí. 5 15 g prášku (1 kopcovitá polievková lyžica) v 100-200 ml tekutiny. Raz denne. Prémiovú líniu Powerlogy Upgraded som vytvoril pre najnáročnejších zákazníkov, ktorí",https://powerlogy.com/upgraded-collagen-gut-300-g,Powerlogy,Powerlogy,https://media.powerlogy.com/1/live/20260521113811/powerlogy-collagen-gut.png,in_stock,32.95 EUR,,8588010284297,70441,,new,Funkčná výživa > Kolagény > Kolagény na kosti a kĺby > Hovädzie kolagény na kĺby,0.35,kg,https://powerlogy.com/,true,14,https://powerlogy.com/o-nakupe/vseobecne-obchodne-podmienky,false,5.00,8,SK,SK,supplement,hovädzie-kolagény-na-kĺby,in-stock,single,
551866,Powerlogy Upgraded Keto Shake Dark Chocolate 600 g,"Nápoj s kolagénom, Hydrobeef® proteínom, MCT, vitamínmi, minerálmi a prebiotickou vlákninou Plnohodnotný nápoj ktorý kombinuje grass-fed kolagén a Hydrobeef® proteín s MCT tukmi, ktoré sa premieňajú na ketóny a dodávajú stabilnú energiu na 3–4 hodiny. 1 Prebiotická vláknina podporuje trávenie a mikrobiom, komplex vitamínov B, C, D3, E, horčíka a zinku posilňuje imunitu a regeneráciu. 4-5 Rýchle, čisté a funkčné riešenie s kokosovo-čokoládovou chuťou na doplnenie energie kedykoľvek počas dňa. MCT tuky sa vstrebávajú rýchlejšie ako bežné tuky a pečeň ich priamo premieňa na ketóny – čistý zdroj energie pre mozog aj svaly. 1 C8 (kyselina kaprylová) má najvyššiu efektivitu premeny na ketóny zo všetkých MCT , 3 preto sú MCT obľúbené v ketogénnych diétach a pri intermittent fasting. 2 Grass-fed kolagén a Hydrobeef® proteín z európskych kráv. Bez hormónov a antibiotík – vysoká vstrebateľnosť a vyvážený aminokyselinový profil pre svaly, kĺby a pokožku. Prémiovú líniu Powerlogy Upgraded som vytvoril pre najnáročnejších zákazníkov, ktorí hľadajú maximálnu kvalitu a účinnosť. Upgraded produkty sú obohatené o inovatívne ingrediencie ako MCT olej, prebiotická vláknina, adaptogény či bioaktívne látky. Receptúry vyvíjam na základe najnovších vedeckých poznatkov. Kombinujem účinky rôznych zložiek, aby vám dodali energiu a podporili konkrétne funkcie tela – imunita, trávenie, regenerácia či fyzická a mentálna výkonnosť. Funkčné benefity konzultujem s odbornou vedeckou radou, s ktorou v Powerlogy úzko spolupracujeme. Upgraded produkty odporúčam ako riešenie pre ľudí, ktorí chcú spoľah",https://powerlogy.com/upgraded-keto-shake-dark-chocolate,Powerlogy,Powerlogy,https://media.powerlogy.com/1/live/20260521113705/powerlogy-keto-shake-dark-chocolate.png,in_stock,39.95 EUR,,8588010284112,70439,,new,Funkčná výživa > Keto nápoje,0.65,kg,https://powerlogy.com/,true,14,https://powerlogy.com/o-nakupe/vseobecne-obchodne-podmienky,true,4.50,12,SK,SK,food,keto-nápoje,in-stock,single,
551923,Powerlogy Upgraded Keto Shake Coconut & Almond 600 g,"Nápoj s kolagénom, Hydrobeef® proteínom, MCT, vitamínmi, minerálmi a prebiotickou vlákninou Plnohodnotný nápoj ktorý kombinuje grass-fed kolagén a Hydrobeef® proteín s MCT tukmi, ktoré sa premieňajú na ketóny a dodávajú stabilnú energiu na 3–4 hodiny. 1 Prebiotická vláknina podporuje trávenie a mikrobiom, komplex vitamínov B, C, D3, E, horčíka a zinku posilňuje imunitu a regeneráciu. 4-5 Rýchle, čisté a funkčné riešenie s kokosovo-mandľovou chuťou na doplnenie energie kedykoľvek počas dňa. MCT tuky sa vstrebávajú rýchlejšie ako bežné tuky a pečeň ich priamo premieňa na ketóny – čistý zdroj energie pre mozog aj svaly. 1 C8 (kyselina kaprylová) má najvyššiu efektivitu premeny na ketóny zo všetkých MCT , 3 preto sú MCT obľúbené v ketogénnych diétach a pri intermittent fasting. 2 Grass-fed kolagén a Hydrobeef® proteín z európskych kráv. Bez hormónov a antibiotík – vysoká vstrebateľnosť a vyvážený aminokyselinový profil pre svaly, kĺby a pokožku. Prémiovú líniu Powerlogy Upgraded som vytvoril pre najnáročnejších zákazníkov, ktorí hľadajú maximálnu kvalitu a účinnosť. Upgraded produkty sú obohatené o inovatívne ingrediencie ako MCT olej, prebiotická vláknina, adaptogény či bioaktívne látky. Receptúry vyvíjam na základe najnovších vedeckých poznatkov. Kombinujem účinky rôznych zložiek, aby vám dodali energiu a podporili konkrétne funkcie tela – imunita, trávenie, regenerácia či fyzická a mentálna výkonnosť. Funkčné benefity konzultujem s odbornou vedeckou radou, s ktorou v Powerlogy úzko spolupracujeme. Upgraded produkty odporúčam ako riešenie pre ľudí, ktorí chcú spoľahli",https://powerlogy.com/upgraded-keto-shake-coconut-almond,Powerlogy,Powerlogy,https://media.powerlogy.com/1/live/20260521113708/powerlogy-keto-shake-coconut-n-almond.png,in_stock,39.95 EUR,33.95 EUR,8588010284280,70440,,new,Funkčná výživa > Keto nápoje,0.65,kg,https://powerlogy.com/,true,14,https://powerlogy.com/o-nakupe/vseobecne-obchodne-podmienky,true,3.83,6,SK,SK,food,keto-nápoje,in-stock,single,
555692,Powerlogy World-Class Ceremonial Cacao 200 g,"Prémiový ceremoniálný kakaový blok z jemne pražených BIO kakaových bôbov Chuncho z Peru Prémiový ceremoniálny kakaový blok z výnimočnej peruánskej odrody Chuncho , pestovanej v posvätnej oblasti Quillabamba v údolí Cusco v Peru. Jemne pražené BIO kakaové bôby s bohatým obsahom polyfenolov, flavonoidov a teobromínu ponúkajú nielen nezameniteľný chuťový zážitok, ale aj funkčný účinok pre telo a myseľ. Bez cukru, lepku, mlieka a umelých konzervantov. Rovnako ako káva, aj kakao aktivuje mozog. No kým kofeín spôsobuje prudký nástup a rýchly pokles, theobromin pôsobí jemne a dlhodobo - bez nervozity a bez prepadu. Kofeín z kávy 4 Rýchly nástup, vrchol za ~1 hodinu, potom strmý pokles. Typický energetický crash po 4-5 hodinách. Theobromin z kakaa 1 Postupný nástup, vrchol za ~3-4 hodiny, účinok trvá 6-8 hodín. Žiadna nervozita, žiadny pokles. Zloženie, ktoré má zmysel Powerlogy World Class Ceremonial Cacao je 100 % kakaové bôby bez úprav. Každých 100 g nesie tri skupiny bioaktívnych zlúčenín. Väčšina kakaa na trhu je alkalizovaná a miešaná z rôznych odrôd. Chuncho je iné – vzácne, limitované a uznávané. 3 Rodí sa iba raz ročne v posvätnej oblasti Quillabamba v Cuscu. Jedna z najpôvodnejších odrôd kakaa na svete – uznaná na International Cocoa Awards. Bez alkalizácie. Bôby sú spracované tradičným spôsobom v malých šaržiach priamo v Peru – zachováva sa maximálny obsah flavonoidov a teobromínu. Certifikované BIO. Laboratórne testy potvrdzujú absenciu pesticídov, mykotoxínov a ťažkých kovov. Ochratoxín A pod detekčnou hranicou. Už staré kultúry Južnej Ameriky, vrátane Inko",https://powerlogy.com/powerlogy-world-class-ceremonial-cacao-200-g,Powerlogy,Powerlogy,https://media.powerlogy.com/1/live/20260521113557/powerlogy-world-class-ceremonial-cacao.png,in_stock,24.95 EUR,21.95 EUR,8588010284327,70444,,new,Zdravé potraviny > Káva a kakao > Kakao > Ceremoniálne kakao,0.2,kg,https://powerlogy.com/,true,14,https://powerlogy.com/o-nakupe/vseobecne-obchodne-podmienky,true,4.33,9,SK,SK,food,ceremoniálne-kakao,in-stock,single,
560136,Powerlogy Upgraded Immunity Boost 200 g,"BIO zmes piatich superpotravín so včelím peľom pre prirodzenú podporu imunity a vitality Funkčná zmes piatich superpotravín pre prirodzenú podporu imunity, energie a vitality. Včelí peľ ako prírodný komplex aminokyselín a flavonoidov, 1 BIO acerola s prírodným vitamínom C (~90 % DDD v jednej dávke), 2 BIO maca ako tradičný adaptogén, 3 BIO kurkuma a zázvor s ich tradične uznávanými protizápalovými účinkami. 4–5 Vyrobené z prémiových ingrediencií, bez pridaného cukru a umelých sladidiel — sladkosť pochádza z lyofilizovaného manga. 40 denných dávok v jednom balení. Päť funkčných superpotravín v premyslenej receptúre, doplnených o lyofilizované mango pre prirodzenú sladkú a tropickú chuť. Žiadny pridaný cukor, žiadne umelé sladidlá – iba stévia ako prírodné dochutenie. Tri mechanizmy, ktoré v jednej dávke pracujú súčasne — komplexná výživa, vitalita a antioxidačná ochrana. Acerola (tropická čerešňa Malpighia emarginata ) je najbohatším bežne dostupným prírodným zdrojom vitamínu C . V 100 g čerstvého ovocia obsahuje 1 677 mg vitamínu C — viac ako 30 pomarančov dohromady. 2 Vďaka tejto extrémnej koncentrácii stačí len 600 mg acerolového prášku v jednej dávke na pokrytie ~90 % dennej dávky. 1 dávka (5 g) v 200 ml tekutiny — studená alebo vlažná do 40 °C, aby sa zachovali enzýmy a vitamín C Prémiovú líniu Powerlogy Upgraded som vytvoril pre najnáročnejších zákazníkov, ktorí hľadajú maximálnu kvalitu a účinnosť. Upgraded produkty sú obohatené o inovatívne ingrediencie ako MCT olej, prebiotická vláknina, adaptogény či bioaktívne látky. Receptúry vyvíjam na základe najnovš",https://powerlogy.com/powerlogy-upgraded-immunity-boost-200-g,Powerlogy,Powerlogy,https://media.powerlogy.com/1/live/20260521113631/powerlogy-upgraded-immunity-boost.png,in_stock,27.95 EUR,14.95 EUR,8588010284365,70457,,new,Funkčná výživa > Superpotraviny > Kurkuma,0.2,kg,https://powerlogy.com/,true,14,https://powerlogy.com/o-nakupe/vseobecne-obchodne-podmienky,true,4.75,8,SK,SK,food,kurkuma,in-stock,single,
562874,Powerlogy Upgraded Cacao Bites 100 g,"Chrumkavé kakaové bôby v bean-to-bar 70 % čokoláde s MCT olejom Pražené kakaové bôby obalené vo výberovej a unikátnej 70% Bean-to-Bar čokoláde vyrábané priamo z kakaových bôbov odrody Criollo s MCT olejom pre komplexný chuťový zážitok. Vďaka vysokému obsahu polyfenolov, horčíka a teobromínu náš snack cielene podporuje mentálnu energiu a sústredenie – žiadny cukrový pád. 1-4 Bez palmového oleja, mlieka, lepku, umelých sladidiel a konzervantov. Vyrobená na Slovensku podľa najvyšších medzinárodných noriem kvality a kontroly hygieny. BRC – Certified. V Powerlogy sa snažíme urobiť maximum pre vývoj produktov, ktoré v sebe spájajú silu čistej chuti a funkčnosti pre extra energiu a nadpriemerný fyzický i mentálny výkon. Veríme, že kvalitné jedlo mení myslenie, a preto majú všetky naše produkty vysokú výživovú hodnotu . V Powerlogy chceme pomôcť zlepšovať stravovacie návyky rodín a to hlavne v prípade raňajok a snackov. Čokoláda je jednou z najobľúbenejších sladkostí, no bohužiaľ často nie je v kvalite a štandardoch, ktorými by mohla naozaj prispieť k vylepšenej životospráve. Po dlhom vývoji a testovaní napokon vznikla nová receptúra unikátnej 70 % bean-to-bar čokolády s MCT olejom a trstinovým cukrom. Vďaka prvotriednym ingredienciam v prírodnej kvalite tak získate signifikantné množstvo prírodnej prebiotickej vlákniny, magnézia a teobromínu pre podporu energie a sýtosti na každý deň. Spoľahnite sa tak na optimálne zloženie skvelej chuti, ktoré si môžete dopriať bez výčitiek. Lahodná a výživná alternatíva k bežným sladkostiam. Uspokojí chuť na s",https://powerlogy.com/powerlogy-upgraded-cacao-bites-100-g,Powerlogy,Powerlogy,https://media.powerlogy.com/1/live/20251211174035/dark-choco-almonds-bites-ingrediencia-shadow.png,in_stock,6.95 EUR,,8588010284334,70445,,new,Zdravé potraviny > Čokoláda a snacky > Bezlepkové tyčinky,0.2,kg,https://powerlogy.com/,true,14,https://powerlogy.com/o-nakupe/vseobecne-obchodne-podmienky,true,4.89,9,SK,SK,food,bezlepkové-tyčinky,in-stock,single,
566508,Powerlogy Whey Protein Berries 1 kg,"100 % čistý grass-fed srvátkovo-ryžový proteín s príchuťou lesného ovocia bez umelých sladidiel Prírodný srvátkovo-ryžový proteín z mlieka kráv kŕmených trávou s príchuťou lesného ovocia. 21 g bielkovín na dávku, kompletný profil 18 aminokyselín vrátane BCAA - bez umelých sladidiel, lepku a s zníženým obsahom laktózy. Lyofilizovaný bobuľový prášok — maliny, čučoriedky a jahody sušené mrazom, nie aróma. Kombinácia whey a ryžového proteínu predlžuje čas, počas ktorého sú v krvi zvýšené hladiny esenciálnych aminokyselín. V praxi to znamená dlhšie okno dodávky stavebného materiálu pre svaly než pri samostatnom zdroji bielkovín. Väčšina proteínov na trhu používa srvátku z priemyselne chovaných kráv, zahustenou umelými sladidlami a syntetickými príchuťami. Powerlogy Whey Protein Berries je iný: srvátka pochádza z kráv kŕmených trávou, chuť tvorí skutočný lyofilizovaný bobuľový prášok a sladkosť dodáva výlučne stévia. Žiadne skratky - len proteín s účelom. DIAAS skóre meria kvalitu bielkovín podľa aktuálnej metodiky WHO/FAO - zohľadňuje stráviteľnosť aj kompletnosť aminokyselinového profilu. Srvátkový proteín z kráv kŕmených trávou vykazuje prirodzene vyšší obsah leucínu, kľúčovej aminokyseliny pre syntézu svalových bielkovín. Každá odmerka Whey Protein Berries obsahuje kompletný profil 18 aminokyselín vrátane BCAA - leucínu, izoleucínu a valínu pre rast a ochranu svalov. Blend srvátkového a ryžového proteínu zabezpečuje vyváženejší aminokyselinový profil ako samotná srvátka. Každá 30 g odmerka obsahuje 21 g bielkovín (75 %), 5 g sacharidov (18 %) a 2 g tuku (7 %). Makrá sú op",https://powerlogy.com/powerlogy-whey-protein-berries-1-kg,Powerlogy,Powerlogy,https://media.powerlogy.com/1/live/20260521113609/powerlogy-whey-protein-berries.png,in_stock,39.95 EUR,,8588010284396,70438,,new,Funkčná výživa > Proteíny > Srvátkové proteíny > Srvátkové proteíny na chudnutie,1,kg,https://powerlogy.com/,true,14,https://powerlogy.com/o-nakupe/vseobecne-obchodne-podmienky,true,3.80,5,SK,SK,food,srvátkové-proteíny-na-chudnutie,in-stock,single,
567178,Powerlogy Organic Coconut & Cranberry Oatmeal 350 g,"Bezlepková BIO raňajková kaša s kokosom, brusnicami a vysokým obsahom vlákniny Raňajky zo 100% BIO certifikovaných surovín — každá ingrediencia z ekologického poľnohospodárstva bez syntetických pesticídov. Bez pridaného cukru, lepku, mlieka a umelých prídavných látok. Laboratórne testované na mykotoxíny. Iba suroviny, ktorých mená poznáte. Sušené brusnice pre kyslú ovocnú sviežosť — sladené len jablkovým džúsom. Každá ingrediencia v Organic Oatmeal má meno, ktoré poznáte z bežného života. Bez E-čísel, emulgátorov, palmového oleja ani skrytých prídavných látok. Všetky suroviny certifikované podľa európskych BIO noriem. BIO certifikácia podľa európskych nariadení (ES 834/2007) garantuje suroviny pestované bez syntetických pesticídov, herbicídov a chemických hnojív. Náš Organic Oatmeal spĺňa nemecké BIO štandardy — jedny z najprísnejších v Európe. Každá šarža je laboratórne testovaná na mykotoxíny (aflatoxíny, ochratoxíny) a oxidáciu tukov. Rozdiel nie je len v certifikáte — je aj v každom riadku zloženia. Odporúčaná porcia je 50 g. Pripravíte ju za menej ako 3 minúty — teplú aj studenú. Cieľom každého Powerlogy produktu je zdravie, skvelá chuť a praktičnosť. Naše produkty preto veľmi ľahko využijete na dlhodobé zlepšovanie životosprávy jednotlivca či celej rodiny. Veríme, že kvalitné jedlo mení myslenie — a preto je vývoj a kvalita každého jedného produktu pre nás dôležitou investíciou. BIO certifikácia podľa európskeho nariadenia (ES 834/2007) zaručuje, že suroviny boli pestované bez syntetických pesticídov, herbicídov a chemických hnojív. Každý výrobca",https://powerlogy.com/powerlogy-organic-coconut-cranberry-oatmeal-350-g,Powerlogy,Powerlogy,https://media.powerlogy.com/1/live/20260521113659/powerlogy-oatmeal-organic-cranberry.png,in_stock,9.95 EUR,,8588010284372,70458,,new,Zdravé potraviny > Raňajkové ovsené kaše > BIO kaše,0.5,kg,https://powerlogy.com/,true,14,https://powerlogy.com/o-nakupe/vseobecne-obchodne-podmienky,true,4.75,4,SK,SK,food,bio-kaše,in-stock,single,
567686,Powerlogy Upgraded Organic Matcha Boost 250 g,"BIO matcha s ginkgom, macou, kokosovým mliekom a prebiotickou vlákninou na podporu sústredenia Chutná a prírodná alternatíva ku káve. Vytvorili sme inovatívnu zmes BIO japonskej matchy s macou, ginkgom, kokosovým mliekom a prebiotickou vlákninou z čakanky . Matcha obsahuje L-theanín a polyfenoly – kombináciu, ktorá podporuje bdelosť a pokojné sústredenie 4 bez nervozity typickej pre kávu. EGCG a katechíny v matche prispievajú k ochrane buniek pred oxidačným stresom , 5 maca a ginkgo sú tradične využívané pre energiu a mentálnu výkonnosť . 6–7 Vláknina z čakanky podporuje zdravý mikrobióm. 1–3 Doprajte si zdravý nápoj jemne krémovej konzistencie a sýtej zelenej farby. Päť funkčných zložiek v premyslenej receptúre. Matcha dodáva kofeín, L-theanín a katechíny, maca a ginkgo sú tradičné adaptogény pre energiu a sústredenie, kokosové mlieko prináša jemnú krémovú chuť a čakanková vláknina vyživuje črevný mikrobióm. Tri mechanizmy, ktoré v jednej dávke pracujú súčasne — energia, sústredenie a ochrana buniek. Katechíny sú silné rastlinné antioxidanty, ktoré chránia bunky pred oxidačným stresom a podporujú zdravie srdca aj metabolizmus. Pri matche pijete celý rozomletý list, nie iba výluh. Vďaka tomu má 10 g Upgraded Matcha Boost násobne viac katechínov ako bežná šálka zeleného čaju alebo káva . 5,8 Obe nápoje povzbudia, no fungujú inak. Matcha je pre tých, ktorí chcú pokojnú energiu bez nervozity a kávového „crashu"". 1 dávku (10 g) rozmiešajte v 200 ml mlieka alebo vody. Najlepšie chutí s rastlinným mliekom (ovsené, mandľové, kokosové) — tuky pomáhajú spomaliť uvoľňovanie kofe",https://powerlogy.com/powerlogy-upgraded-organic-matcha-boost-250-g,Powerlogy,Powerlogy,https://media.powerlogy.com/1/live/20260521113620/powerlogy-upgraded-organic-matcha.png,in_stock,24.95 EUR,14.95 EUR,8588010284273,70436,,new,Zdravé potraviny > Čaje > Matcha,0.3,kg,https://powerlogy.com/,true,14,https://powerlogy.com/o-nakupe/vseobecne-obchodne-podmienky,true,4.86,7,SK,SK,food,matcha,in-stock,single,
568311,Powerlogy Pistacchio Coconut Granola 700 g,"XXL Bezlepková granola s pistáciami, kokosovými čipsami a kokosovým sirupom Lahodná kombinácia jemne pečených bezlepkových vločiek, strúhaného kokosu, kokosových čipsov a pistácií. Chrumkavá granola je sladená prírodným kokosovým sirupom, ktorý má 2× nižší glykemický index (35) ako bežné sirupy (65–70). Neobsahuje lepok, mlieko, palmový olej ani umelé sladidlá. Vychutnajte si sladkú chuť, ľahké trávenie a optimálnu hladinu cukru v krvi. Pistácie — plné prirodzenej sladkosti a krémovej chuti. Zo všetkých orechov majú jeden z najvyšších obsahov bielkovín a antioxidantov. Kokosový sirup namiesto cukru — glykemický index 35, prirodzená sladkosť s karamelovou hĺbkou, bez rafinácie. Kokosové čipsy — väčšie kusy pre väčší chrumkavý zážitok. Tropická vôňa a textúra, ktorú v bežnom müsli nenájdete. Každá surovina v tejto granole je tu z konkrétneho dôvodu. Žiadne plnivá, žiadne zbytočné prísady — iba prémiové ingrediencie, ktoré spolu tvoria dokonalú chuť a textúru. Glykemický index (GI) meria, ako rýchlo sladidlo zvyšuje hladinu cukru v krvi po konzumácii. Referenčnou hodnotou je glukóza (GI 100). Čím nižší GI, tým pomalšie a stabilnejšie uvoľňovanie energie — bez náhlych výkyvov a následného poklesu. Kokosový sirup s GI 35 poskytuje viac ako 2× stabilnejšiu energiu ako rafinovaný cukor. 1 Každá dávka Pistacchio Coconut Granoly prechádza pomalým pečením horúcim vzduchom pri presne nastavenej teplote. Nie vyprážaním, nie skratkami. Práve toto šetrné pečenie dodáva vločkám tú správnu chrumkavosť — bez spálených okrajov, bez horkosti. Granola zároveň spĺňa náro",https://powerlogy.com/powerlogy-pistacchio-coconut-granola-700-g,Powerlogy,Powerlogy,https://media.powerlogy.com/1/live/20260521113722/powerlogy-granola-pistacchio-xxl.png,out_of_stock,15.95 EUR,,8588010284433,70466,,new,Zdravé potraviny > Granola a müsli > Low sugar granola,1,kg,https://powerlogy.com/,true,14,https://powerlogy.com/o-nakupe/vseobecne-obchodne-podmienky,true,4.90,62,SK,SK,food,low-sugar-granola,out-of-stock,single,
570228,Powerlogy Upgraded Sport Electrolytes Lemon 200 g,"Športové elektrolyty s vysokou vstrebateľnosťou, päť minerálov na rýchlu hydratáciu a ochranu proti kŕčom Kompletný elektrolytový komplex s vysokým obsahom sodíka na rýchle doplnenie minerálov počas záťaže. Horčík z Aquamin® a malátu prispieva k správnej funkcii svalov a znižuje únavu 2-3 . Po 6 mesiacoch vývoja sme dosiahli skutočne vysokú vstrebateľnosť. Každý minerál je vo forme s preukázane lepšou biologickou dostupnosťou. Prírodná citrónová príchuť, sladené trochou stévie, bez pridaného cukru. Ideálne pre Tréning a intenzívny šport Horúce dni a potenie Dlhý výkon bez kŕčov Regenerácia a rovnováha Zloženie, ktoré má zmysel Prečo sme zvolili túto formu? Elektrolyty sú účinné iba vtedy, ak ich telo dokáže skutočne vstrebať. Preto sme pri výbere formy každého minerálu nešetrili. Vybrali sme tie s naozaj vysokou biologickou dostupnosťou. Horčík vo forme Aquamin® a malátu je stráviteľnejší počas záťaže a nedráždi žalúdok. Draslík vo forme citrátu sa vstrebáva rýchlejšie ako sulfát alebo chlorid. Vápnik z fosforečnanu sa využíva priamo pre svalovú kontrakciu. Táto kombinácia je ideálna pred tréningom, počas neho aj po ňom – bez pocitu ťažoby v žalúdku. Odporúčané dávkovanie: 5 odmeriek (5,2 g) do 500 ml studenej vody. Rozmiešať a vypiť pred, počas alebo po tréningu. Balenie obsahuje 38 dávok. Odporúčame 1-2 dávky denne podľa náročnosti aktivity a potenia.",https://powerlogy.com/powerlogy-upgraded-sport-electrolytes-lemon-200-g,Powerlogy,Powerlogy,https://media.powerlogy.com/1/live/20260318104452/electrolytes-lemon-ingredients-transparent-1.webp,in_stock,21.95 EUR,18.95 EUR,8588010284457,70462,,new,Výživové doplnky > Elektrolyty,0.5,kg,https://powerlogy.com/,true,14,https://powerlogy.com/o-nakupe/vseobecne-obchodne-podmienky,false,4.90,10,SK,SK,supplement,elektrolyty,in-stock,single,
570257,Powerlogy Upgraded Sport Electrolytes Unflavoured 200 g,"Športové elektrolyty s vysokou vstrebateľnosťou, päť minerálov na rýchlu hydratáciu a ochranu proti kŕčom Kompletný elektrolytový komplex s vysokým obsahom sodíka na rýchle doplnenie minerálov počas záťaže. Horčík z Aquamin® a malátu prispieva k správnej funkcii svalov a znižuje únavu 2-3 . Po 6 mesiacoch vývoja sme dosiahli skutočne vysokú vstrebateľnosť. Každý minerál je vo forme s preukázane lepšou biologickou dostupnosťou. Bez príchute, bez cukru a bez sladidiel - neutrálna chuť sa ľahko mieša do vody, smoothie alebo akéhokoľvek nápoja. Ideálne pre Tréning a intenzívny šport Horúce dni a potenie Dlhý výkon bez kŕčov Regenerácia a rovnováha Zloženie, ktoré má zmysel Prečo sme zvolili túto formu? Elektrolyty sú účinné iba vtedy, ak ich telo dokáže skutočne vstrebať. Preto sme pri výbere formy každého minerálu nešetrili. Vybrali sme tie s naozaj vysokou biologickou dostupnosťou. Horčík vo forme Aquamin® a malátu je stráviteľnejší počas záťaže a nedráždi žalúdok. Draslík vo forme citrátu sa vstrebáva rýchlejšie ako sulfát alebo chlorid. Vápnik z fosforečnanu sa využíva priamo pre svalovú kontrakciu. Táto kombinácia je ideálna pred tréningom, počas neho aj po ňom - bez pocitu ťažoby v žalúdku. Odporúčané dávkovanie: 3 odmerky (3,3 g) do 500 ml studenej vody. Rozmiešať a vypiť pred, počas alebo po tréningu. Vďaka neutrálnej chuti ho môžeš pridať aj do smoothie alebo iného nápoja. Balenie obsahuje 60 dávok. Odporúčame 1-2 dávky denne podľa náročnosti aktivity a potenia.",https://powerlogy.com/powerlogy-upgraded-sport-electrolytes-unflavoured-200-g,Powerlogy,Powerlogy,https://media.powerlogy.com/1/live/20260318104455/electrolytes-unflavoured-standalone-transparent-1.webp,in_stock,21.95 EUR,,8588010284440,70461,,new,Výživové doplnky > Elektrolyty,0.5,kg,https://powerlogy.com/,true,14,https://powerlogy.com/o-nakupe/vseobecne-obchodne-podmienky,false,5.00,1,SK,SK,supplement,elektrolyty,in-stock,single,
570276,Powerlogy Everyday Electrolytes Watermelon 200 g,"Elektrolyty s himalájskou soľou a melónovou príchuťou pre lepšiu hydratáciu a výkon Elektrolytový komplex s 3 minerálmi pre každodennú hydratáciu . Horčík vo forme chelátového malátu prispieva k správnej funkcii svalov a znižuje únavu 2,3 . Prírodná príchuť vodného melónu z prírodnej arómy a farbiva červenej repy. Sladený stéviou, bez pridaného cukru a umelých sladidiel. Vhodný na každodenné pitie, keto diétu aj ako náhrada sladených nápojov. Ideálne pre Ráno a denný štart Horúce dni a potenie Keto a low-carb diéta Dlhé pracovné dni Zloženie, ktoré má zmysel Prečo sme zvolili túto formu? Elektrolyty sú účinné iba vtedy, ak ich telo dokáže skutočne vstrebať. Preto sme pri výbere formy každého minerálu dali prednosť biologickej dostupnosti pred cenou . Horčík vo forme chelátového malátu (jablčnanu horečnatého) je stráviteľnejší ako bežné formy, nedráždi žalúdok a je vhodný aj na každodenné dlhodobé užívanie. Draslík vo forme citrátu tridraselného sa vstrebáva rýchlejšie ako sulfát alebo chlorid. Príchuť vodného melónu pochádza z prírodnej arómy , farba z farbiva červenej repy - žiadne umelé farbivá ani arómy. Odporúčané dávkovanie: 3 odmerky (3,5 g) do 500 ml studenej vody. Rozmiešať a vypiť kedykoľvek počas dňa. Balenie obsahuje 57 dávok. Odporúčame 1-2 dávky denne podľa potreby.",https://powerlogy.com/powerlogy-everyday-electrolytes-watermelon-200-g,Powerlogy,Powerlogy,https://media.powerlogy.com/1/live/20260318104459/electrolytes-watermelon-ingredients-transparent-v3-1.webp,in_stock,19.95 EUR,,8588010284464,70463,,new,Výživové doplnky > Elektrolyty,0.5,kg,https://powerlogy.com/,true,14,https://powerlogy.com/o-nakupe/vseobecne-obchodne-podmienky,false,4.88,16,SK,SK,supplement,elektrolyty,in-stock,single,
571565,Powerlogy Upgraded Probio Oatmeal Vanilla 50 g,"Bezlepková funkčná raňajková kaša s kokosom, probiotikami a jemnou vanilkovou arómou Raňajky pre zdravé črevá a stabilnú energiu. 10 miliárd lyofilizovaných probiotík v každej porcii pre rovnováhu mikrobiómu a imunitu. Palatinose™ zabezpečí energiu bez cukrového výkyvu na 3–4 hodiny. Prebiotická čakanková vláknina ako potrava pre prospešné baktérie. Jemná vanilková chuť bez pridaného cukru, lepku a mlieka. Pre zachovanie aktivity lyofilizovaných probiotík nepoužívajte vodu teplejšiu ako 70°C. Prírodná vanilka pre jemne sladkú, krémovú chuť bez pridaného cukru. Kokosové lupienky pre chrumkavú textúru a jemnú exotickú chuť. Chia semienka pre jemnosť, omega-3 mastné kyseliny a dlhú sýtosť. Každá ingrediencia má konkrétnu funkciu — pre trávenie, imunitu aj stabilnú energiu. Bez plnív, emulgátorov, umelých aróm ani palmového oleja. Bežné raňajky postavené na glukóze alebo maltodextríne spôsobujú prudký nárast hladiny cukru a následný energetický pád. Upgraded Probio Oatmeal využíva Palatinose™ pre plynulé uvoľňovanie energie a lyofilizované probiotiká pre zdravé trávenie — dve funkcie v jednej miske. 1–3 Glukóza Maltodextrín Palatinose™ Prečo práve lyofilizované probiotiká? Bežné probiotiká v jogurtoch vyžadujú chladenie a väčšina neprežije trávenie. Lyofilizácia zachováva kultúry v inertnom stave — vydržia pri izbovej teplote, prežijú žalúdok a dostanú sa do hrubého čreva, kde sú skutočne potrebné. Odolné voči žalúdočným kyselinám — dostanú sa tam, kde majú byť. Tu probiotiká skutočne pôsobia — a lyofilizované sa tam aj dostanú. Bežný probiotický jogurt obsahuje",https://powerlogy.com/upgraded-probio-oatmeal-vanilla,Powerlogy,Powerlogy,https://media.powerlogy.com/1/live/20260318154609/probio-oatmeal-sachet-shadow.webp,out_of_stock,1.65 EUR,,8588010284518,70465,,new,Zdravé potraviny > Raňajkové ovsené kaše > Probiotické kaše,0.052,kg,https://powerlogy.com/,true,14,https://powerlogy.com/o-nakupe/vseobecne-obchodne-podmienky,true,4.92,13,SK,SK,food,probiotické-kaše,out-of-stock,single,
572573,Powerlogy Upgraded Collagen Joint+ 300 g,"Hydrolyzovaný grass-fed kolagén s Aquamin®, MSM a Boswelliou pre cielenú podporu kĺbov Hydrolyzovaný grass-fed hovädzí kolagén obohatený o Aquamin®, L-glutamín, MSM a extrakt z Boswellia serrata. Cielená podpora kĺbov, väzív a pohybu v jednej funkčnej receptúre. Transparentná receptúra bez cukru, lepku a umelých prísad v osviežujúcej mangovej príchuti - ideálna do každodennej rutiny. Ideálny pre každodennú výživu kĺbov aktívnych ľudí so záťažou pravidelnú dennú suplementáciu zloženie bez cukru a prísad Prečo tento produkt nie je len kolagén V receptúre nenájdete zbytočné plnivá. Každá z piatich aktívnych zložiek plní konkrétnu funkciu - od zdroja suroviny po doplnkový rastlinný komplex. Hovädzí kolagén z kráv kŕmených trávou, bez hormónov a antibiotík. Európsky pôvod, transparentný dodávateľský reťazec. Registrovaný extrakt z červených morských rias Lithothamnion - prírodný multiinerálny zdroj vápnika a stopových minerálov. 30 % denného príjmu Ca v každej dávke. Štandardizovaný boswelliový extrakt s definovaným obsahom AKBA a organická síra MSM - dve zložky pre pohybový aparát s jasným zámerom. Sladené stéviou — prírodné sladidlo bez cukru a bez dopadu na glykémiu. Päť aktívnych ingrediencií, každá s jasným funkčným zámerom. Žiadne plnivá ani zbytočné prísady. Väčšina doplnkov používa syntetický uhličitan vápenatý z dolomitu alebo kriedy. Aquamin® je prírodný extrakt z červených morských rias druhu Lithothamnion calcareum, ktoré akumulujú vápnik a stopové minerály priamo z morskej vody. Výsledkom je multiinerálny komplex s pôvodnou štruktúrou - nie izolovaná ch",https://powerlogy.com/powerlogy-upgraded-collagen-joint-300-g,Powerlogy,Powerlogy,https://media.powerlogy.com/1/live/20260521113808/powerlogy-collagen-joint.png,in_stock,32.95 EUR,,8588010284471,70467,,new,Funkčná výživa > Kolagény > Kolagény na kosti a kĺby > Hovädzie kolagény na kĺby,0.5,kg,https://powerlogy.com/,true,14,https://powerlogy.com/o-nakupe/vseobecne-obchodne-podmienky,false,3.33,6,SK,SK,supplement,hovädzie-kolagény-na-kĺby,in-stock,single,
573522,Flow Daily Essentials Woman 90 kapsúl,"Komplex 28 mikroživín v bioaktívnych formách pre každodenné zdravie zaneprázdnenej ženy Daily Essentials Woman 2.0 je komplex 28 esenciálnych mikroživín pre zaneprázdnenú ženu. V 3 kapsulách denne získate kompletné spektrum vitamínov a minerálov v bioaktívnych a chelátových formách – vrátane lipozomálneho vitamínu C, Quatrefolic®, metylkobalamínu a Ferrochel®. Doplnené o citikolín (mozog), koenzým Q10 (energia), extrakt z kakaových bôbov a extrakt z hroznových semien (antioxidant) . Vhodné pre vegánov.",https://powerlogy.com/flow-daily-essentials-woman,Powerlogy,Powerlogy,https://media.powerlogy.com/1/live/20260331105816/mockup-daily-ess-woman-1.webp,out_of_stock,21.95 EUR,,8594201634987,70470,,new,Výživové doplnky > Vitamín B > Vitamín B - komplex,,,https://powerlogy.com/,true,14,https://powerlogy.com/o-nakupe/vseobecne-obchodne-podmienky,false,5.00,1,SK,SK,supplement,vitamín-b---komplex,out-of-stock,single,
573523,Flow Beauty 90 kapsúl,"Skrášľujúci komplex s kyselinou hyalurónovou, biotínom a L-cysteínom pre pleť, vlasy a nechty Beauty 2.0 je komplexný skrášľujúci doplnok v 90 kapsulách (30 dávok po 3 kapsulách). Každá dávka obsahuje ExeptionHYAL® Star 200 mg , L-Cysteín 220 mg , ActivAMP® 200 mg , Praslička roľná 200 mg a patentovaný C15:0 100 mg – pre starostlivosť o pleť, vlasy a nechty zvnútra. Antioxidačnú ochranu zabezpečuje S-Acetyl-L-Glutatión 100 mg a lipozomálny vitamín C 80 mg . Dopĺňajú ich Hesperidín 100 mg , Aloe vera 30 mg , chelátové železo Ferrochel® 8 mg , biotín 2,5 mg a vitamíny B5, B6, B9, B12 – všetko v 100 % vegánskej kapsule.",https://powerlogy.com/flow-beauty,Powerlogy,Powerlogy,https://media.powerlogy.com/1/live/20260331105907/beauty-1.webp,in_stock,41.95 EUR,,8594201632808,70471,,new,Výživové doplnky > Vitamín B > Vitamín B - komplex,,,https://powerlogy.com/,true,14,https://powerlogy.com/o-nakupe/vseobecne-obchodne-podmienky,false,,,SK,SK,supplement,vitamín-b---komplex,in-stock,single,
573524,Flow Hormone Balance Woman 56 kapsúl,"Hormone Balance Woman 2.0 je špecializovaný komplex pre luteálnu fázu menštruačného cyklu v 56 kapsulách (14 dávok po 4 kapsulách). Kľúčové zložky: Medovka lekárska 500 mg , Angelika čínska 250 mg , HydroCurc® 100 mg , fosfatidylserín 80 mg a patentovaný šafran Safr'Inside™ 30 mg . Dopĺňajú ich pestrec mariánsky 150 mg , červená ďatelina 100 mg , aronia 100 mg , drmek obyčajný 35 mg a vitamíny B1 80 mg a B6 20 mg . Produkt je určený na užívanie v druhej polovici cyklu.",https://powerlogy.com/flow-hormone-balance-woman,Powerlogy,Powerlogy,https://media.powerlogy.com/1/live/20260331105915/mockup-hormone-balance-woman-1.webp,in_stock,25.95 EUR,,8594201635472,70472,,new,Výživové doplnky > Chróm,,,https://powerlogy.com/,true,14,https://powerlogy.com/o-nakupe/vseobecne-obchodne-podmienky,false,,,SK,SK,supplement,chróm,in-stock,single,
573525,Flow Menopause Balance 90 kapsúl,"Prírodná podpora hormonálnej rovnováhy a pohody žien v období klimaktéria Menopause Balance je komplexná podpora pre ženy v období klimaktéria v 90 kapsulách (30 dávok po 3 kapsulách). Kľúčové zložky: Libifem® 600 mg (senovka grécka), HydroCurc® 500 mg , Ashwagandha KSM-66® 250 mg , lipozomálny vitamín C 150 mg a koenzým Q10 100 mg pre podporu hormonálnej rovnováhy a zníženie návalov horúčavy. Dopĺňajú ich šafran Safr'Inside™ 30 mg , ženšen pravý 100 mg , zinok 5 mg , vitamíny D3 25 μg , K2 100 μg , B6 , B9 (Quatrefolic®) a B12 – všetko vo vysoko biodostupných formách.",https://powerlogy.com/flow-menopause-balance,Powerlogy,Powerlogy,https://media.powerlogy.com/1/live/20260331105911/menopause-1.webp,in_stock,61.95 EUR,,8594201634772,70473,,new,Výživové doplnky > Vitamín B > Vitamín B - komplex,,,https://powerlogy.com/,true,14,https://powerlogy.com/o-nakupe/vseobecne-obchodne-podmienky,false,,,SK,SK,supplement,vitamín-b---komplex,in-stock,single,
573526,Flow Daily Essentials Man 90 kapsúl,"Denný multivitamínový komplex 28 látok s citikolínom a Q10 pre zaneprázdneného muža Daily Essentials Man 2.0 je denný komplex 28 aktívnych látok v 90 kapsulách (30 dávok). Zahŕňa esenciálne vitamíny, chelátové minerály a stopové prvky v aktívnych formách – doplnené o citikolín 150 mg , koenzým Q10 30 mg , extrakt z kakaových bôbov 150 mg a extrakt z hroznových semien 100 mg . Kľúčové minerály: horčík 180 mg , zinok 10 mg (pre udržanie hladiny testosterónu), draslík 50 mg , železo Ferrochel® 5 mg a selén 50 μg . Vitamíny A, D3, K2, E a celý komplex B vo vysoko biodostupných formách.",https://powerlogy.com/flow-daily-essentials-man,Powerlogy,Powerlogy,https://media.powerlogy.com/1/live/20260331105829/mockup-daily-ess-man-1.webp,out_of_stock,21.95 EUR,,8594201634970,70474,,new,Výživové doplnky > Vitamín B > Vitamín B - komplex,,,https://powerlogy.com/,true,14,https://powerlogy.com/o-nakupe/vseobecne-obchodne-podmienky,false,,,SK,SK,supplement,vitamín-b---komplex,out-of-stock,single,
573527,Flow Anabolic Fusion 120 kapsúl,"Prírodná podpora mužskej vitality, testosterónu a výkonnosti so synergiou 11 extraktov Anabolic Fusion 3.0 je komplexná prírodná podpora mužskej vitality v 120 kapsulách (30 dávok po 4 kapsulách). Kľúčové zložky: Tribulus terrestris 800 mg (90 % saponínov), D-asparagová kyselina 400 mg , Maka peruánska 300 mg , Parcha saflorová 300 mg (90 % ecdysterón) a Indiánska žihľava 200 mg (10 % forskolínu). Dopĺňajú ich Tesnor® 200 mg , Ashwagandha KSM-66® 200 mg , ženšen pravý 100 mg , chelátový zinok 10 mg a bór 10 mg . Synergia zloženia pôsobí na mužskú hormonálnu rovnováhu, výkonnosť aj sexualitu – bez hormonálnej manipulácie.",https://powerlogy.com/flow-anabolic-fusion,Powerlogy,Powerlogy,https://media.powerlogy.com/1/live/20260331105826/mockup-anabolic-fusion-1.webp,in_stock,37.95 EUR,,8594201634789,70475,,new,Výživové doplnky > Vitamíny a doplnky výživy na svaly,,,https://powerlogy.com/,true,14,https://powerlogy.com/o-nakupe/vseobecne-obchodne-podmienky,false,,,SK,SK,supplement,vitamíny-a-doplnky-výživy-na-svaly,in-stock,single,
573529,Flow Recovery drink 2.0 - Pomeranč 1000 g,"Recovery drink 2.0 je profesionálny regeneračný nápoj v 20 dávkach (1000 g). Každá dávka (49 g v 300 ml vody) obsahuje 35 g sacharidov (maltodextrín + fruktóza + izomaltulóza) pre obnovu glykogénu, 6 g EAA všetkých 9 esenciálnych aminokyselín pre okamžitú svalovú regeneráciu a kľúčové elektrolyty. Ďalej obsahuje 3 g inulínu (prebiotická vláknina), lipozomálny vitamín C PureWay-C® (25 mg) , zinok (5 mg) , železo Ferrochel® (5 mg) , selén, mangán, meď a plný komplex vitamínov B, A, D a E. Bez laktózy, lepku ani umelých sladidiel. Vhodné pre vegánov.",https://powerlogy.com/flow-recovery-drink-2-0-pomeranc,Powerlogy,Powerlogy,https://media.powerlogy.com/1/live/20260331105918/mockup-recovery-drink-pomeranc-4000x4000px-1.webp,in_stock,37.95 EUR,,8594201635045,70477,,new,Výživové doplnky > Vitamín B > Vitamín B - komplex,,,https://powerlogy.com/,true,14,https://powerlogy.com/o-nakupe/vseobecne-obchodne-podmienky,false,,,SK,SK,supplement,vitamín-b---komplex,in-stock,single,
573530,Flow EAA Flow drink - Přírodní citron 201 g,"EAA Flow drink je prémiová zmes všetkých 9 esenciálnych aminokyselín v 30 dávkach (201 g). Každá dávka (6,7 g) obsahuje L-Leucín 2000 mg (~40 % dávky) ako kľúčový stimulátor svalovej syntézy. Voľné aminokyseliny sa nevstrebávajú ako bielkoviny – sú k dispozícii takmer okamžite. Bez sacharidov, minimum kalórií. Ďalej: L-Lyzín 850 mg , L-Izoleucín 550 mg , L-Valín 500 mg , L-Treonín 455 mg , L-Fenylalanín 365 mg , L-Metionín 190 mg , L-Histidín 75 mg a L-Tryptofán 15 mg v pomeroch navrhnutých podľa fyziológie svalov. Bez laktózy, lepku, umelých sladidiel. Vhodné pre vegánov.",https://powerlogy.com/flow-eaa-flow-drink-prirodni-citron,Powerlogy,Powerlogy,https://media.powerlogy.com/1/live/20260331105812/eaa-citron-zalistovani-1.webp,in_stock,24.95 EUR,,8594201630897,70478,,new,Výživové doplnky > Vegánske vitamíny a doplnky stravy,,,https://powerlogy.com/,true,14,https://powerlogy.com/o-nakupe/vseobecne-obchodne-podmienky,false,,,SK,SK,supplement,vegánske-vitamíny-a-doplnky-stravy,in-stock,single,
573531,Flow Joints 120 kapsúl,"Synergická kĺbová formula 3.0 s glukozamínom, kurkumínom a boswéliou pre pohyblivosť Joints 3.0 je klinicky skúmaná synergická kĺbová formula v 120 kapsulách (30 dávok po 4 kapsulách). Kľúčové zložky: Glukozamín sulfát 1000 mg (základná stavebná zložka chrupavky), Kurkumín HydroCurc® 500 mg (najvyššia biodostupnosť kurkumínu), Palmitoylethanolamid (PEA) 400 mg a Boswellia serrata extrakt 350 mg (30 % AKBBA). Dopĺňajú ich MSM 300 mg (metylsulfonylmetán pre flexibilitu), lipozomálny vitamín C PureWay-C® 80 mg (kolagén, chrupavky) a piperíno 2 mg z čierneho korenia pre správnu absorpciu. Vegánske kapsuly z celulózy.",https://powerlogy.com/flow-joints,Powerlogy,Powerlogy,https://media.powerlogy.com/1/live/20260331105839/mockup-joints-1.webp,out_of_stock,37.95 EUR,,8594201635007,70479,,new,Funkčná výživa > Kolagény > Kolagény na kosti a kĺby > Vitamíny a doplnky výživy na kosti,,,https://powerlogy.com/,true,14,https://powerlogy.com/o-nakupe/vseobecne-obchodne-podmienky,false,,,SK,SK,supplement,vitamíny-a-doplnky-výživy-na-kosti,out-of-stock,single,
573532,Flow D3 + K2 Oil 10 ml,"Synergická kombinácia vitamínu D3 (2000 IU) a K2 v MCT oleji pre imunitu a zdravie kostí D3 + K2 Vegan Oil je synergická kombinácia vitamínu D3 a K2 v MCT oleji v 33 dávkach (10 ml). Každá dávka (9 kvapiek) dodá Vitamín D3 50 μg (2000 IU = 1000 % NRV*) vo forme cholekalciferolu a Vitamín K2 50 μg (67 % NRV*) vo forme MK-7 (menakinón-7). Nosičom je MCT olej pre maximálne vstrebávanie. Vitamín D je najčastejšie deficitný vitamín v populácii – odhaduje sa, že miliarda ľudí trpí jeho nedostatkom. D3 + K2 spolu pôsobia synergicky: D3 reguluje metabolizmus vápnika, K2 ho usmerňuje do kostí. Vegánska verzia D3 – vhodné pre vegánov a vegetariánov.",https://powerlogy.com/flow-d3-k2-oil,Powerlogy,Powerlogy,https://media.powerlogy.com/1/live/20260331105921/d3k2-mockup-1.webp,out_of_stock,7.95 EUR,,8594201633034,70480,,new,Výživové doplnky > Výživové doplnky výživy na kĺby > Kĺbová výživa pre športovcov,,,https://powerlogy.com/,true,14,https://powerlogy.com/o-nakupe/vseobecne-obchodne-podmienky,false,,,SK,SK,supplement,kĺbová-výživa-pre-športovcov,out-of-stock,single,
573533,Flow Liposomal Vitamin C 60 kapsúl,"Liposomal Vitamin C je vysoko vstrebateľný doplnok stravy, ktorý kombinuje patentovanú lipozomálnu formu vitamínu C (PureWay-C®) s citrusovými bioflavonoidmi a prírodnými bio ovocnými práškmi. Každá kapsula obsahuje 250 mg vitamínu C z troch rôznych zdrojov. Kombinácia Aceroly, Camu Camu a lipozomálneho PureWay-C® zabezpečuje výnimočnú biologickú dostupnosť oproti klasickej kyseline askorbovej. Vhodné pre vegánov.",https://powerlogy.com/flow-liposomal-vitamin-c,Powerlogy,Powerlogy,https://media.powerlogy.com/1/live/20260331105726/mockup-liposomal-vitamic-c-1.webp,out_of_stock,24.95 EUR,,8594201634857,70481,,new,Výživové doplnky > Bioflavonoidy,,,https://powerlogy.com/,true,14,https://powerlogy.com/o-nakupe/vseobecne-obchodne-podmienky,false,,,SK,SK,supplement,bioflavonoidy,out-of-stock,single,
573534,Flow Magnesium bisglycinate 200 g,"Magnesium bisglycinate je čistý bisglycinát horečnatý v práškovej forme – kombinácia horčíka s aminokyselinou glycínom. Ide o jednu z najlepšie vstrebateľných foriem horčíka , ktorá je zároveň šetrná k tráveniu. Každá odmerka (2 500 mg) obsahuje 300 mg elementárneho horčíka , čo pokryje 80 % referenčnej výživovej hodnoty. Produkt neobsahuje žiadne plnivá ani aditíva.",https://powerlogy.com/flow-magnesium-bisglycinate,Powerlogy,Powerlogy,https://media.powerlogy.com/1/live/20260331105751/mockup-magnesium-bisglycinate-1.webp,out_of_stock,12.95 EUR,,8594201635380,70482,,new,Výživové doplnky > Horčík > Magnézium bisglycinát,,,https://powerlogy.com/,true,14,https://powerlogy.com/o-nakupe/vseobecne-obchodne-podmienky,false,,,SK,SK,supplement,magnézium-bisglycinát,out-of-stock,single,
573535,Flow Magnesium malate 200 g,"Malát horečnatý v prášku pre svaly – 375 mg horčíka v 1 dennej dávke Magnesium malate je čistý malát horečnatý v práškovej forme – kombinácia horčíka s kyselinou jablčnou. Ide o veľmi dobre vstrebateľnú a využiteľnú formu horčíka, ktorá je obzvlášť vhodná pre svaly. Každá odmerka (2 500 mg) obsahuje 375 mg elementárneho horčíka , čo pokryje plných 100 % NRV. Čistá forma bez plnív, alergénov a prídavných látok.",https://powerlogy.com/flow-magnesium-malate,Powerlogy,Powerlogy,https://media.powerlogy.com/1/live/20260331105802/mockup-magnesium-malate-1.webp,in_stock,12.95 EUR,,8594201635373,70483,,new,Výživové doplnky > Horčík,,,https://powerlogy.com/,true,14,https://powerlogy.com/o-nakupe/vseobecne-obchodne-podmienky,false,,,SK,SK,supplement,horčík,in-stock,single,
573536,Flow Iron 60 kapsúl,"Iron je pokročilý doplnok stravy s lipozomálnym železom a Ferrochel® – dvoma vysoko vstrebateľnými formami železa. Každá kapsula obsahuje 20 mg elementárneho železa doplneného lipozomálnym vitamínom C pre maximálne využitie. Bez zaťaženia trávenia, bez kovovej pachuti. Ideálne pre ženy, športovcov, vegánov a každého, kto chce doplniť železo šetrne a účinne.",https://powerlogy.com/flow-iron,Powerlogy,Powerlogy,https://media.powerlogy.com/1/live/20260331105859/iron-1.webp,in_stock,14.95 EUR,,8594201634840,70484,,new,Výživové doplnky > Bioflavonoidy,,,https://powerlogy.com/,true,14,https://powerlogy.com/o-nakupe/vseobecne-obchodne-podmienky,false,,,SK,SK,supplement,bioflavonoidy,in-stock,single,
573537,Flow Mg 90 kapsúl,"Kombinácia 6 organických foriem horčíka s vitamínom D pre telo aj myseľ Mg 3.0 je unikátna kombinácia 6 organických foriem horčíka s vitamínom D3. Každá kapsula obsahuje 97 mg elementárneho horčíka v najlepšie vstrebateľných formách pre telo aj mozog. Rôzne formy horčíka sa využívajú odlišným spôsobom – svaly, nervová sústava aj mozog tak dostávajú horčík rovnomernejšie ako pri užívaní jedinej formy.",https://powerlogy.com/flow-mg,Powerlogy,Powerlogy,https://media.powerlogy.com/1/live/20260331105833/mockup-mg-1.webp,out_of_stock,21.95 EUR,,8594201634994,70485,,new,Výživové doplnky > Horčík > Horčík pre deti,,,https://powerlogy.com/,true,14,https://powerlogy.com/o-nakupe/vseobecne-obchodne-podmienky,false,,,SK,SK,supplement,horčík-pre-deti,out-of-stock,single,
573538,Flow Omega 3 90 kapsúl,"Ultra-čistý rybí olej z arktických vôd s testovaným obsahom EPA a DHA Omega 3 sú ultra-čisté mastné kyseliny EPA a DHA z rýb žijúcich v studených arktických vodách. Každá kapsula obsahuje 500 mg omega 3 s jasne deklarovaným obsahom EPA a DHA. Výnimočná čistota a minimálna oxidácia – bez ťažkých kovov, bez kontaminantov. Ideálne pre mozog, srdce aj každodennú suplementáciu omega 3.",https://powerlogy.com/flow-omega-3,Powerlogy,Powerlogy,https://media.powerlogy.com/1/live/20260331105849/mockup-omega3-1.webp,out_of_stock,23.95 EUR,,8594201631627,70486,,new,Výživové doplnky > Omega-3 kyseliny,,,https://powerlogy.com/,true,14,https://powerlogy.com/o-nakupe/vseobecne-obchodne-podmienky,false,,,SK,SK,supplement,omega-3-kyseliny,out-of-stock,single,
573539,Flow Zinc 60 kapsúl,"Zinc je unikátna trojkombinácia vysoko vstrebateľných foriem zinku – L-OptiZinc® , bisglycinátu a citrátu zinečnatého. Každá kapsula obsahuje 15 mg elementárneho zinku (150 % NRV). Všestranný minerál pre imunitu, pokožku, vlasy, nechty, hormóny aj metabolizmus – všetko v jednej kapsule denne.",https://powerlogy.com/flow-zinc,Powerlogy,Powerlogy,https://media.powerlogy.com/1/live/20260331105903/zinc-1.webp,in_stock,11.95 EUR,,8594201634833,70487,,new,Výživové doplnky > Vitamíny a doplnky výživy na nechty,,,https://powerlogy.com/,true,14,https://powerlogy.com/o-nakupe/vseobecne-obchodne-podmienky,false,,,SK,SK,supplement,vitamíny-a-doplnky-výživy-na-nechty,in-stock,single,
573540,Flow Sleep 120 kapsúl,"Sleep 3.0 kombinuje 11 prírodných látok pre rýchlejšie zaspávanie, kvalitnejší spánok a rannú sviežosť. Valeriána, medovka, GABA, L-teanín a ďalších 7 zložiek pokrývajú celý spánkový proces. Bez melatonínu, bez návyku, bez vedľajších účinkov. Ideálne pre dlhodobú podporu zdravého spánku.",https://powerlogy.com/flow-sleep,Powerlogy,Powerlogy,https://media.powerlogy.com/1/live/20260331105822/mockup-sleep-1.webp,in_stock,41.95 EUR,,8594201634956,70488,,new,Výživové doplnky > Vitamíny a doplnky výživy pre deti,,,https://powerlogy.com/,true,14,https://powerlogy.com/o-nakupe/vseobecne-obchodne-podmienky,false,,,SK,SK,supplement,vitamíny-a-doplnky-výživy-pre-deti,in-stock,single,
573541,Flow Stress Free 90 kapsúl,"9 adaptogénov a bylinných extraktov pre pokojnejšiu myseľ, odolnosť voči stresu a lepšiu náladu Stress Free 3.0 je prírodný doplnok stravy s 9 adaptogénmi a bylinkami pre okamžité aj dlhodobé zníženie napätia. Formulácia 2.0 s Ashwagandhou KSM-66, Rhodiolou, L-teanínom a ďalšími zložkami. Zvýšená odolnosť voči stresu, pokojnejšia myseľ a stabilnejšia nálada – bez otupenia, bez návyku, bez kompromisov.",https://powerlogy.com/flow-stress-free,Powerlogy,Powerlogy,https://media.powerlogy.com/1/live/20260331105843/mockup-stress-free-1.webp,in_stock,37.95 EUR,,8594201631610,70489,,new,Výživové doplnky > Vitamíny a doplnky výživy proti stresu,,,https://powerlogy.com/,true,14,https://powerlogy.com/o-nakupe/vseobecne-obchodne-podmienky,false,,,SK,SK,supplement,vitamíny-a-doplnky-výživy-proti-stresu,in-stock,single,
573542,Flow Drive 40 kapsúl,"11 aktívnych látok pre bdelosť, pozornosť a energiu bez cukru a bez pádu Drive je doplnok stravy s 11 aktívnymi látkami pre maximálnu bdelosť a sústredenie. Kombinácia kofeínu, guarany, kurkumínu a vitamínov B zaistí stabilnú energiu s predĺženým účinkom. Bez cukru, bez farbív, bez pádu energie. Ideálne za volantom, pri nočnej práci alebo kedykoľvek je pozornosť kľúčová.",https://powerlogy.com/flow-drive,Powerlogy,Powerlogy,https://media.powerlogy.com/1/live/20260331105846/mockup-drive-1.webp,in_stock,12.95 EUR,,8594201630040,70491,,new,Výživové doplnky > Vitamín B > Vitamín B - komplex,,,https://powerlogy.com/,true,14,https://powerlogy.com/o-nakupe/vseobecne-obchodne-podmienky,false,,,SK,SK,supplement,vitamín-b---komplex,in-stock,single,
573543,Flow Eyes & Vision 60 kapsúl,"Eyes & Vision kombinuje 8 synergicky pôsobiacich látok cielených na rôzne štruktúry oka – od sietnice a makuly po povrch oka. Taurín vyživuje fotoreceptory, Lutemax® 2020 filtruje modré svetlo, MaquiBright® hydratuje povrch oka a NatAxtin® astaxantín chráni očné tkanivá pred oxidačným stresom. Na rozdiel od bežných doplnkov s iba luteínom alebo vitamínom A, Eyes & Vision komplexne rieši najčastejšie problémy modernej doby – digitálnu únavu, suché oči, videnie za šera aj dlhodobé zdravie sietnice. Formulácia kombinuje klasické karotenoidy aj klinicky overené patentované extrakty.",https://powerlogy.com/flow-eyes-vision,Powerlogy,Powerlogy,https://media.powerlogy.com/1/live/20260331105856/eyes-1.webp,out_of_stock,41.95 EUR,,8594201634864,70492,,new,Výživové doplnky > Vitamíny a doplnky výživy na oči,,,https://powerlogy.com/,true,14,https://powerlogy.com/o-nakupe/vseobecne-obchodne-podmienky,false,,,SK,SK,supplement,vitamíny-a-doplnky-výživy-na-oči,out-of-stock,single,
573544,Flow Regenerate 60 kapsúl,"Regenerate 2.0 kombinuje 7 prírodných látok pre tri navzájom prepojené procesy – očistu pečene (pestrec mariánsky 80 % sylibín, artičok cynarín), bunkovú energiu (ALA, spirulína) a antioxidačnú ochranu (astaxantín, kurkumín HydroCurc®). To všetko v jednej dennej dávke po dobu 30 dní. Produkt je určený ako jednorazová kúra pre obdobie zvýšenej záťaže, jarnej únavy alebo po nezdravom životnom štýle. Podajte telu pomocnú ruku – dajte mu šancu obnovy a získajte späť energiu a vitalitu.",https://powerlogy.com/flow-regenerate,Powerlogy,Powerlogy,https://media.powerlogy.com/1/live/20260331105819/mockup-regenerate-1.webp,out_of_stock,24.95 EUR,,8594201634932,70494,,new,Biohacking produkty,,,https://powerlogy.com/,true,14,https://powerlogy.com/o-nakupe/vseobecne-obchodne-podmienky,true,,,SK,SK,food,biohacking-produkty,out-of-stock,single,
573545,Flow Antioxidant 60 kapsúl,"Antioxidant 3.0 kombinuje 11 vedecky overených antioxidantov, ktoré pôsobia na rôznych úrovniach oxidačného stresu – Quercefit® kvercetín, pterostilbén, extrakt z hroznových jadier, lipozomálny vitamín C, CoQ10, kurkumín HydroCurc® a ďalšie. Každá látka má iný mechanizmus, dohromady tvoria synergickú ochranu celého organizmu. Vhodný pre športovcov, aktívnych jedincov aj všetkých, ktorí žijú v podmienkach zvýšeného oxidačného stresu – znečistené prostredie, intenzívny tréning, chronický stres alebo nezdravá strava. Vďaka synergii vitamínov, polyfenolov a flavonoidov je komplexnejší ako produkty postavené len na vitamíne C alebo jednom extrakte.",https://powerlogy.com/flow-antioxidant,Powerlogy,Powerlogy,https://media.powerlogy.com/1/live/20260331105836/mockup-antioxidant-1.webp,in_stock,37.95 EUR,,8594201634925,70495,,new,Výživové doplnky > Vitamín E,,,https://powerlogy.com/,true,14,https://powerlogy.com/o-nakupe/vseobecne-obchodne-podmienky,false,,,SK,SK,supplement,vitamín-e,in-stock,single,
573546,Flow L-theanine 100 g,"L-theanín je prirodzená aminokyselina čajových lístkov, ktorá podporuje tvorbu alfa mozgových vĺn – stav pokojnej, sústrednej bdelosti. Zvyšuje hladinu GABA, dopamínu a serotonína bez sedatívneho efektu, takže prináša pokoj bez únavy a sústredenie bez napätia. Najsilnejší efekt dosiahnete v kombinácii s kofeínom v pomere 2:1 (250 mg L-theanínu : 100 mg kofeínu), kde L-theanín tlmí nervozitu a zosilňuje pozornosť. Jedno 100 g balenie obsahuje 400 dávok – zásobné balenie pre každodenné použitie.",https://powerlogy.com/flow-l-theanine,Powerlogy,Powerlogy,https://media.powerlogy.com/1/live/20260331105757/mockup-l-theanine-1.webp,out_of_stock,21.95 EUR,,8594201635311,70496,,new,Výživové doplnky > Vitamíny a doplnky výživy na nervový systém,,,https://powerlogy.com/,true,14,https://powerlogy.com/o-nakupe/vseobecne-obchodne-podmienky,false,,,SK,SK,supplement,vitamíny-a-doplnky-výživy-na-nervový-sys,out-of-stock,single,
573547,Flow GABA Kyselina gama-aminomáselná 100 g,"Inhibičný neurotransmiter pre hlboký spánok, relaxáciu a zníženie svalového napätia GABA (kyselina gama-aminomaslová) je hlavný inhibičný neurotransmiter centrálnej nervovej sústavy. Jedno 100 g balenie obsahuje 200 dávok pre každodenné použitie.",https://powerlogy.com/flow-gaba-kyselina-gama-aminomaselna,Powerlogy,Powerlogy,https://media.powerlogy.com/1/live/20260331105717/mockup-gaba-1.webp,in_stock,17.95 EUR,,8594201635403,70497,,new,Výživové doplnky > Vitamíny a doplnky výživy na nervový systém,,,https://powerlogy.com/,true,14,https://powerlogy.com/o-nakupe/vseobecne-obchodne-podmienky,false,,,SK,SK,supplement,vitamíny-a-doplnky-výživy-na-nervový-sys,in-stock,single,
573548,Flow Glycin 500 g,"Čistý glycín pre kvalitný spánok, tvorbu kolagénu a celkové zdravie metabolizmu Glycín je čistá aminokyselina s radom zásadných funkcií v organizme. Podieľa sa na metabolizme, je hlavnou zložkou kolagénu a zohráva kľúčovú rolu v imunitnej odpovedi, regenerácii a celkovej homeostáze. Najpopulárnejšie využitie glycínu je podpora kvality spánku – prirodzene a bez závislosti. Vhodný pre vegetariánov aj vegánov.",https://powerlogy.com/flow-glycin,Powerlogy,Powerlogy,https://media.powerlogy.com/1/live/20260331105723/mockup-glycine-1.webp,out_of_stock,12.95 EUR,,8594201635199,70498,,new,Funkčná výživa > Kolagény > Práškové kolagény,,,https://powerlogy.com/,true,14,https://powerlogy.com/o-nakupe/vseobecne-obchodne-podmienky,false,,,SK,SK,supplement,práškové-kolagény,out-of-stock,single,
573550,Flow Ostropestřec mariánský Milk thistle 100 g,"Štandardizovaný extrakt ostropestrca s 80 % silymarínu pre zdravú pečeň a detox Ostropestrc mariánsky je bylina s tisícročnou históriou využitia pre podporu pečene a detoxikáciu organizmu. Kľúčová bioaktívna látka silymarin chráni pečeňové bunky, podporuje ich regeneráciu a pôsobí ako silný antioxidant. Extrakt štandardizovaný na 80 % silymarínu - pre maximálnu účinnosť. Bez zbytočných plnidiel, čistý botanický extrakt.",https://powerlogy.com/flow-ostropestrec-mariansky,Powerlogy,Powerlogy,https://media.powerlogy.com/1/live/20260331105754/mockup-ostropestrec-mariansky-1.webp,out_of_stock,17.95 EUR,,8594201635397,70500,,new,Výživové doplnky > Vitamíny a doplnky výživy na obličky,,,https://powerlogy.com/,true,14,https://powerlogy.com/o-nakupe/vseobecne-obchodne-podmienky,false,,,SK,SK,supplement,vitamíny-a-doplnky-výživy-na-obličky,out-of-stock,single,
573551,Flow Glutamin 500 g,"Glutamín je najhojnejšia voľná aminokyselina v ľudskom tele. Je podmienene esenciálny – pri intenzívnej fyzickej aktivite, chorobe alebo strese jeho potreba výrazne prevyšuje to, čo telo samo dokáže vytvoriť. Využívaný v športovej výžive pre rýchlejšiu regeneráciu , ale tiež ako podpora zdravia čiev, imunitného systému a celkového metabolizmu bielkovín.",https://powerlogy.com/flow-glutamin,Powerlogy,Powerlogy,https://media.powerlogy.com/1/live/20260331105748/mockup-glutamine-1.webp,in_stock,17.95 EUR,,8594201635182,70501,,new,Výživové doplnky > Vitamíny a doplnky výživy na svaly,,,https://powerlogy.com/,true,14,https://powerlogy.com/o-nakupe/vseobecne-obchodne-podmienky,false,,,SK,SK,supplement,vitamíny-a-doplnky-výživy-na-svaly,in-stock,single,
573552,Flow Resveratrol 20 g,"Prírodný polyfenol aktivujúci sirtuíny – gény dlhovekosti – pre spomalenie starnutia Resveratrol je prírodný polyfenol vyskytujúci sa v šupke a semenách hrozna a viac ako 70 ďalších rastlinných druhoch. Preslávil sa ako aktivátor sirtuínov – tzv. génov dlhovekosti. Jeden z najviac skúmaných prírodných longevity doplnkov – s potenciálom ovplyvniť bunkové starnutie, kardiovaskulárne zdravie aj kognitívne funkcie.",https://powerlogy.com/flow-resveratrol,Powerlogy,Powerlogy,https://media.powerlogy.com/1/live/20260331105740/mockup-resveratrol-1.webp,in_stock,21.95 EUR,,8594201632976,70502,,new,Výživové doplnky > Bioflavonoidy,,,https://powerlogy.com/,true,14,https://powerlogy.com/o-nakupe/vseobecne-obchodne-podmienky,false,,,SK,SK,supplement,bioflavonoidy,in-stock,single,
573553,Flow Kolostrum Bovinní 150 g,"Hovädzí kolostrum s imunoglobulínmi, laktoferínom a rastovými faktormi pre imunitu a regeneráciu Bovinné kolostrum je prirodzená mliečna tekutina produkovaná kravami ako prvá výživa pre mláďatá. Obsahuje v koncentrovanej forme imunoglobulíny, laktoferín, cytokíny a rastové faktory – biologicky aktívne látky pre imunitu a regeneráciu. Obľúbené u športovcov pre podporu regenerácie a tvorby svalov, aj u osôb hľadajúcich posilnenie prirodzenej obranyschopnosti.",https://powerlogy.com/flow-kolostrum-bovinni,Powerlogy,Powerlogy,https://media.powerlogy.com/1/live/20260331105737/mockup-kolostrum-bovinni-1.webp,in_stock,29.95 EUR,,8594201634710,70503,,new,Výživové doplnky > Vitamíny a doplnky výživy na svaly,,,https://powerlogy.com/,true,14,https://powerlogy.com/o-nakupe/vseobecne-obchodne-podmienky,false,,,SK,SK,supplement,vitamíny-a-doplnky-výživy-na-svaly,in-stock,single,
573555,Flow Astaxanthin NatAxtin® CWD 20 g,"Patentovaná mikroenkapsulovaná forma astaxantínu NatAxtin® CWD pre maximálnu vstrebateľnosť Astaxantín je ružovo-oranžový karotenoid vyskytujúci sa v morských organizmoch a sladkovodných riasach. Zaraďuje sa medzi najsilnejšie prírodné antioxidanty – chráni bunky, pokožku aj mitochondrie pred oxidačným poškodením. Patentovaná forma NatAxtin® CWD – mikroenkapsulovaný astaxantín rozpustný vo vode pre maximálnu vstrebateľnosť bez závislosti na tučnom jedle.",https://powerlogy.com/flow-astaxanthin-nataxtin-cwd,Powerlogy,Powerlogy,https://media.powerlogy.com/1/live/20260331105734/mockup-astaxanthin-1.webp,in_stock,25.95 EUR,,8594201635458,70505,,new,Výživové doplnky > Bioflavonoidy,,,https://powerlogy.com/,true,14,https://powerlogy.com/o-nakupe/vseobecne-obchodne-podmienky,false,,,SK,SK,supplement,bioflavonoidy,in-stock,single,
573556,Flow Ženšen pravý 40 g,"Prémiový extrakt pravého ženšenu s 80 % ginsenozidov pre vitalitu, energiu a imunitu Ženšen pravý (Panax ginseng) je jeden z najdlhšie používaných adaptogénov na svete – využívaný v Ázii tisíce rokov ako tonikum pre vitalitu, energiu a silu. Kľúčové účinky zabezpečujú ginsenosidy. Extrakt štandardizovaný na 80 % ginsenosidov – najvyššia dostupná koncentrácia pre maximálnu účinnosť. Energia bez kofeínu, adaptácia bez závislosti.",https://powerlogy.com/flow-zensen,Powerlogy,Powerlogy,https://media.powerlogy.com/1/live/20260331105729/mockup-zensen-pravy-1.webp,in_stock,17.95 EUR,,8594201635434,70506,,new,Výživové doplnky > Vitamíny a doplnky výživy pre mozog,,,https://powerlogy.com/,true,14,https://powerlogy.com/o-nakupe/vseobecne-obchodne-podmienky,false,,,SK,SK,supplement,vitamíny-a-doplnky-výživy-pre-mozog,in-stock,single,
573557,Flow Quercetin 50 g,"Quercefit® – patentovaná forma kvercetínu s fosfolipidmi pre longevity a antioxidáciu Quercetin Quercefit® je patentovaná formulácia kvercetínu s fosfolipidmi , ktorá rieši prirodzene nízku vstrebateľnosť tohto flavonoidu. Kvercetín sa prirodzene vyskytuje v hrozne, jablkách, čerešniach a citrusoch. Jeden z najsľubnejších longevity flavonoidov – skúmaný pre svoj senolytický účinok (odstraňovanie senescentných buniek) a silné antioxidačné vlastnosti.",https://powerlogy.com/flow-quercetin,Powerlogy,Powerlogy,https://media.powerlogy.com/1/live/20260331105805/mockup-quercetin-1.webp,out_of_stock,25.95 EUR,,8594201632907,70507,,new,Výživové doplnky > Bioflavonoidy,,,https://powerlogy.com/,true,14,https://powerlogy.com/o-nakupe/vseobecne-obchodne-podmienky,false,,,SK,SK,supplement,bioflavonoidy,out-of-stock,single,
573558,Flow Citrulline malate 250 g,"Kombinácia L-citrulínu a kyseliny jablčnej 2:1 pre maximálny športový výkon a prekrvenie svalov Citrulín malát je účinná kombinácia L-citruliínu a kyseliny jablčnej v pomere 2:1 – vedecky najskúmanejšia forma pre športový výkon. Zvyšuje produkciu oxidu dusnatého (NO) a zlepšuje dodávku krvi a kyslíka do svalov. Obľúbený pre-workout doplnok pre výkonnostných športovcov – podporuje svalový pump, znižuje únavu a umožňuje vyšší tréningový objem.",https://powerlogy.com/flow-citrulline-malate,Powerlogy,Powerlogy,https://media.powerlogy.com/1/live/20260331105808/mockup-citrulline-malate-1.webp,in_stock,17.95 EUR,,8594201635342,70508,,new,Výživové doplnky > Vitamíny a doplnky výživy na svaly,,,https://powerlogy.com/,true,14,https://powerlogy.com/o-nakupe/vseobecne-obchodne-podmienky,false,,,SK,SK,supplement,vitamíny-a-doplnky-výživy-na-svaly,in-stock,single,
573559,Flow Ashwagandha - KSM66® 50 g,"KSM-66® – najlepší celospektrálny extrakt ashwagandhy pre vitalitu, výkon, náladu a spánok Ashwagandha KSM-66® je najlepší a najviac klinicky skúmaný extrakt ashwagandhy na svete. Garantovaný obsah 5 % withanolidov a plnospektrálna extrakcia z koreňa - pre maximálnu adaptogénnu účinnosť. Tonizujúci adaptogén pre zvládanie stresu, fyzický výkon, lepší spánok a hormonálnu rovnováhu - všetko podložené klinickými štúdiami s KSM-66®.",https://powerlogy.com/flow-ashwagandha-ksm66,Powerlogy,Powerlogy,https://media.powerlogy.com/1/live/20260331105743/mockup-ashwagandha-ksm-66-1.webp,out_of_stock,21.95 EUR,,8594201635335,70509,,new,Výživové doplnky > Vitamíny a doplnky výživy pre ženy,,,https://powerlogy.com/,true,14,https://powerlogy.com/o-nakupe/vseobecne-obchodne-podmienky,false,,,SK,SK,supplement,vitamíny-a-doplnky-výživy-pre-ženy,out-of-stock,single,
573560,Flow Longevity 120 kapsúl,"Multi-mechanický longevity komplex s 24+ látkami pre NAD+, sirtuíny a bunkovú energiu Longevity 4.0 je unikátny multi-mechanický longevity komplex formulovaný podľa najnovších štúdií zameraných na starnutie. Obsahuje viac ako 24 aktívnych látok zameraných na NAD+ metabolizmus, aktiváciu sirtuínov, ochranu telomér a bunkovú energiu. Na rozdiel od jednoduchých anti-aging doplnkov pracuje Longevity 4.0 so synergiou viacerých signálnych dráh - výsledkom je komplexný a dlhodobo udržateľný prístup k vitalite a zdravému starnutiu.",https://powerlogy.com/flow-longevity,Powerlogy,Powerlogy,https://media.powerlogy.com/1/live/20260407173841/flow-longevity.webp,in_stock,99.95 EUR,,8594201635083,70490,,new,Výživové doplnky > Vitamín B > Vitamín B - komplex,,,https://powerlogy.com/,true,14,https://powerlogy.com/o-nakupe/vseobecne-obchodne-podmienky,false,,,SK,SK,supplement,vitamín-b---komplex,in-stock,single,
573561,Flow Immune 90 kapsúl,"11 aktívnych zložiek vrát. Wellmune® a HydroCurc® pre komplexnú imunitnú ochranu Immune 3.0 je pokročilá kombinácia 11 aktívnych látok pre podporu a normálne fungovanie imunitného systému. Obsahuje patentované zložky Wellmune®, HydroCurc® a Liposomal PureWayC® pre výnimočnú biologickú dostupnosť a účinnosť. Výrazne širšie zloženie ako štandardné imunitné doplnky - pracuje s rôznymi vrstvami imunitného systému súčasne, nie len s jednou izolovanou cestou.",https://powerlogy.com/flow-immune,Powerlogy,Powerlogy,https://media.powerlogy.com/1/live/20260407173832/flow-immune.webp,in_stock,41.95 EUR,,8594201634918,70493,,new,Výživové doplnky > Vegánske vitamíny a doplnky stravy,,,https://powerlogy.com/,true,14,https://powerlogy.com/o-nakupe/vseobecne-obchodne-podmienky,false,,,SK,SK,supplement,vegánske-vitamíny-a-doplnky-stravy,in-stock,single,
573562,Flow Tea Matcha Japan Ceremonial 100 g,"Tradičná japonská matcha ceremonial grade s L-teanínom pre pokojné sústredenie a čistú energiu Tea Matcha Japan Ceremonial je tradičná japonská matcha najvyššej kvality - ceremonial grade. Jemne mletý čajový prášok zo tienených čajovníkov s výraznou sýto zelenou farbou, vysokým obsahom L-theanínu a prírodného kofeínu . Ideálne pre ranný rituál, sústredtenú prácu i meditáciu. Pokojná a stabilná energia bez nervozity a bez pádu - to je sila kombinácie L-theanín + kofeín.",https://powerlogy.com/flow-tea-matcha-japan-ceremonial,Powerlogy,Powerlogy,https://media.powerlogy.com/1/live/20260407173844/flow-tea-matcha-japan-ceremonial.webp,out_of_stock,21.95 EUR,,8594201634680,70510,,new,Zdravé potraviny > Čaje > Matcha,,,https://powerlogy.com/,true,14,https://powerlogy.com/o-nakupe/vseobecne-obchodne-podmienky,true,,,SK,SK,food,matcha,out-of-stock,single,
573563,Flow Tea Gyokuro Mikoto 50 g,"Výnimočný japonský gyokuro ručne zbieraný z prvých jarných zberov s bohatou chuťou umami Tea Gyokuro Mikoto je výnimočný japonský zelený čaj ručne zbieraný z prvých jarných zberov. Tienenie 20-30 dní pred zberom zvyšuje obsah L-theanínu a chlorofylu, výsledkom je bohatá umami chuť, hodvábna textúra a sýta smaragdová farba. Gyokuro prináša sústredtený pokoj - unikátna kombinácia L-theanínu a prírodného kofeínu pre prácu i rituálne spomalenie. Čistý luxus v šálku.",https://powerlogy.com/flow-tea-gyokuro-mikoto,Powerlogy,Powerlogy,https://media.powerlogy.com/1/live/20260407173838/flow-tea-gyokuro-mikoto.webp,in_stock,21.95 EUR,,8594201634673,70512,,new,Výživové doplnky > Vitamíny a doplnky výživy pre mozog,,,https://powerlogy.com/,true,14,https://powerlogy.com/o-nakupe/vseobecne-obchodne-podmienky,false,,,SK,SK,supplement,vitamíny-a-doplnky-výživy-pre-mozog,in-stock,single,
573766,Powerlogy Upgraded Creatine Orange Lemon 205 g,"Mikronizovaný kreatín monohydrát s koenzýmom Q10 pre maximálny výkon a efektívnu regeneráciu ATP Kreatínový komplex s koenzýmom Q10 pre podporu fyzického výkonu aj mentálnej energie. Každá porcia obsahuje 5 g mikronizovaného kreatín monohydrátu a 100 mg Q10. Kreatín zvyšuje výkonnosť, silu a rast svalov, zatiaľ čo Q10 podporuje tvorbu bunkovej energie (ATP) 1-5 . Kombinácia pokrýva celý energetický reťazec a zároveň prispieva k lepšiemu kognitívnemu výkonu 6-8 . Prírodná citrónová príchuť, sladené stéviou, bez pridaného cukru a umelých farbív. Kreatín monohydrát je jedna z mála športových látok s desaťročiami klinického výskumu a schváleným EU zdravotným tvrdením. 1 Každá porcia obsahuje presne 5 g mikronizovaného kreatín monohydrátu - dávku, ktorá zodpovedá desaťročiam klinického výskumu. Doplnené o 100 mg koenzýmu Q10 pre podporu energetického metabolizmu buniek. Kreatín nepôsobí okamžite - jeho efekt sa buduje postupne s nasýtením svalových zásob fosfokreatínu. Nižšie uvedené údaje vychádzajú z meta-analýz zahŕňajúcich stovky cvičiacich účastníkov pri dávke 5 g denne. 1-2 Zásoby fosfokreatínu sú doplnené, čo zlepšuje výkon pri intenzívnom tréningu. Začína byť viditeľný aj merateľný nárast svalov, nielen subjektívny pocit výkonu. Mozog spotrebuje až 20 % energie tela a funguje na rovnakom fosfokreatínovom systéme ako svaly – preto účinky kreatínu siahajú ďaleko za hranicami posilňovne. 5 Štúdia publikovaná v Nature Scientific Reports (2024) ukázala, že už jedna dávka kreatínu zlepšuje pracovnú pamäť aj rýchlosť spracovania informácií po 24 hodinách bez spánku . 6 Najno",https://powerlogy.com/upgraded-creatine-orange-lemon-205-g,Powerlogy,Powerlogy,https://media.powerlogy.com/1/live/20260411111350/creatine-orange-ingredients-transparent-1.png,in_stock,19.95 EUR,16.95 EUR,8588010284501,70514,,new,Výživové doplnky > Kreatín > Kreatín v akcii,0.3,kg,https://powerlogy.com/,true,14,https://powerlogy.com/o-nakupe/vseobecne-obchodne-podmienky,false,5.00,4,SK,SK,supplement,kreatín-v-akcii,in-stock,single,
573937,Powerlogy Upgraded Creatine Unflavoured 205 g,"Mikronizovaný kreatín monohydrát s koenzýmom Q10 pre maximálny výkon a efektívnu regeneráciu ATP Kreatínový komplex s koenzýmom Q10 pre podporu fyzického výkonu aj mentálnej energie. Každá porcia obsahuje 5 g mikronizovaného kreatín monohydrátu a 100 mg Q10. Kreatín zvyšuje výkonnosť, silu a rast svalov, zatiaľ čo Q10 podporuje tvorbu bunkovej energie (ATP) 1-5 . Kombinácia pokrýva celý energetický reťazec a zároveň prispieva k lepšiemu kognitívnemu výkonu 6-8 . Bez príchute, bez pridaného cukru a umelých farbív. Oranžová farba je z koenzýmu Q10. Kreatín monohydrát je jedna z mála športových látok s desaťročiami klinického výskumu a schváleným EU zdravotným tvrdením. 1 Každá porcia obsahuje presne 5 g mikronizovaného kreatín monohydrátu - dávku, ktorá zodpovedá desaťročiam klinického výskumu. Doplnené o 100 mg koenzýmu Q10 pre podporu energetického metabolizmu buniek. Kreatín nepôsobí okamžite - jeho efekt sa buduje postupne s nasýtením svalových zásob fosfokreatínu. Nižšie uvedené údaje vychádzajú z meta-analýz zahŕňajúcich stovky cvičiacich účastníkov pri dávke 5 g denne. 1-2 Zásoby fosfokreatínu sú doplnené, čo zlepšuje výkon pri intenzívnom tréningu. Začína byť viditeľný aj merateľný nárast svalov, nielen subjektívny pocit výkonu. Mozog spotrebuje až 20 % energie tela a funguje na rovnakom fosfokreatínovom systéme ako svaly – preto účinky kreatínu siahajú ďaleko za hranicami posilňovne. 5 Štúdia publikovaná v Nature Scientific Reports (2024) ukázala, že už jedna dávka kreatínu zlepšuje pracovnú pamäť aj rýchlosť spracovania informácií po 24 hodinách bez spánku . 6 Na",https://powerlogy.com/powerlogy-upgraded-creatine-unflavoured-205-g,Powerlogy,Powerlogy,https://media.powerlogy.com/1/live/20260411111358/creatine-unflavoured-standalone-transparent-1.png,in_stock,19.95 EUR,,8588010284495,70513,,new,Výživové doplnky > Kreatín > Kreatín v akcii,0.3,kg,https://powerlogy.com/,true,14,https://powerlogy.com/o-nakupe/vseobecne-obchodne-podmienky,false,4.00,2,SK,SK,supplement,kreatín-v-akcii,in-stock,single,
575774,Deortegas Organic Extra Virgin Olive Oil Sexta Esencia 500 ml,"Extra panenský BIO olivový olej Zmes troch španielskych extra panenských olivových olejov ocenenýchna svetových súťažiach. Spĺňa tie najprísnejšie kritériá výnimočnej chuti a kvality. Vynikajúci olej vytvorený z troch odrôd (Hojiblanca, Picual a Cornicabra) z malej rodinnej farmy Deortegas v španielskej Yecle. Olej má žiarivo zlatú farbu, zamatovú vôňu a vďaka svojej jedinečnej chuti získal viacero ocenení. Olivy sú pestované bez hnojív, resp. jediným hnojivom sú zvyšky z procesu tvorby olivových olejov. Používa sa metóda „suchého poľnohospodárstva“, ktorá zabezpečuje ich vysokú výživovú hodnotu. Sú plné prospešných fytonutrientov. Ručne sa zbierajú na prelome októbra a novembra. Vďaka vysokému obsahu polyfenolov je olej výnimočným olejom. Sme nadšení, že kvalita nášho oleja bola opätovne potvrdená. V súťaži extra panenských olivových olejov Flos Olei 2023 súťažilo 500 značiek. Deortegas získal 98 bodov zo 100, čím sa zaradil medzi najlepšie olivové oleje na svete. Odrody: Hojiblanca, Picual a Cornicabra. Filtrácia: žiadna. Pestovanie: tradičné.",https://powerlogy.com/deortegas-organic-extra-virgin-olive-oil-sexta-esencia-500-ml,Powerlogy,Powerlogy,https://media.powerlogy.com/1/live/20260421115139/sextaesenciabotellasolapng-copy.png,in_stock,22.95 EUR,,8436530680450,70515,,new,Zdravé potraviny > Oleje a ghee maslo > Olivové oleje,0.95,kg,https://powerlogy.com/,true,14,https://powerlogy.com/o-nakupe/vseobecne-obchodne-podmienky,true,,,SK,SK,food,olivové-oleje,in-stock,single,
580816,Powerlogy Upgraded Collagen Skin+ 20 x 10 g,"Rybí a morský kolagén s kyselinou hyalurónovou, vitamínmi a zinkom pre zdravú hydratovanú pokožku Základ tvorí certifikovaný rybí kolagén Naticol® hydrolyzovaný na malé peptidy, doplnený o morský kolagén typu II. Receptúru sme cielene zostavili pre pleť - s kyselinou hyalurónovou, vitamínom C z aceroly, zinkom a biotínom. Jedna denná dávka (10 g) obsahuje 5 000 mg rybieho kolagénu a 100 mg kyseliny hyalurónovej - bez pridaného cukru, lepku a mlieka, v osviežujúcej višňovej príchuti. Nerozhoduje len množstvo kolagénu, ale aj jeho forma a podporné zložky. Collagen Skin+ preto stojí na troch krokoch. Kolagén v pleti ubúda už od dvadsiatky. Po menopauze sa pokles zrýchľuje. 1,3 Každá zložka má v receptúre jasnú úlohu. Certifikovaný rybí kolagén Naticol® tvorí základ, kyselina hyalurónová dopĺňa hydratáciu a vitamín C, zinok a biotín podporujú pokožku, vlasy a nechty. Overené formy, transparentné zloženie, žiadne zbytočné prísady. Viaceré zložky Collagen Skin+ majú vlastnú klinickú dokumentáciu. V randomizovaných štúdiách rybí kolagén znížil skóre vrások 2 a perorálna kyselina hyalurónová zlepšila hydratáciu pokožky. 3 Údaje sa týkajú skúmaných ingrediencií v daných štúdiách, nie hotovej formulácie Collagen Skin+. Prémiovú líniu Powerlogy Upgraded som vytvoril pre najnáročnejších zákazníkov, ktorí hľadajú maximálnu kvalitu a účinnosť. Upgraded produkty sú obohatené o inovatívne ingrediencie ako MCT olej, prebiotická vláknina, adaptogény či bioaktívne látky. Receptúry vyvíjam na základe najnovších vedeckých poznatkov. Kombinujem účinky rôznych zložiek, aby vám dodali energiu a",https://powerlogy.com/powerlogy-upgraded-collagen-skin-20-x-10-g,Powerlogy,Powerlogy,https://media.powerlogy.com/1/live/20260724110112/upgraded-collagen-skin-sour-cherry-v2.png,in_stock,32.95 EUR,27.95 EUR,8588010284488,70468,,new,Funkčná výživa > Kolagény > Kolagény na kosti a kĺby > Morské kolagény na kĺby,0.25,kg,https://powerlogy.com/,true,14,https://powerlogy.com/o-nakupe/vseobecne-obchodne-podmienky,false,4.00,2,SK,SK,supplement,morské-kolagény-na-kĺby,in-stock,single,
583097,NoordCode Ultimate EAA Formula 150 kapsúl,"Všetkých 9 esenciálnych aminokyselín, 5 g na dávku - transparentná receptúra vo voľnej forme Receptúra obsahuje všetkých 9 esenciálnych aminokyselín v slobodnej forme, ktorú si telo nevie vytvoriť samo a musí ich prijať zo stravy. Jedna dávka (5 kapsúl) prináša 5 g EAA vrátane 2 000 mg L-leucínu - aminokyseliny, ktorá spúšťa tvorbu svalovej bielkoviny. Bielkoviny prispievajú k rastu a udržaniu svalovej hmoty. 2 3 Transparentná receptúra bez proprietárnych zmesí - vidíte presné množstvo každej aminokyseliny. Vegánske, bez cukru, bez sóje a lepku, keto-friendly. Vyrobené v Európe a testované na ťažké kovy, pesticídy a mykotoxíny. Tvorba svalovej bielkoviny nie je o jednej aminokyseline, ale o ich úplnej zostave. Ultimate EAA Formula preto stojí na troch krokoch. Každá z deviatich esenciálnych aminokyselín je v receptúre presne dávkovaná - žiadne proprietárne zmesi, žiadne skryté pomery. Najväčší podiel má L-leucín, hlavný spúšťač tvorby svalovej bielkoviny, doplnený o ďalšie dve aminokyseliny s rozvetveným reťazcom (BCAA), L-izoleucín a L-valín. Odporúčaná dávka je 5 kapsúl (5 g EAA) denne, ideálne nalačno. Kapsuly sú najvhodnejšie pred alebo počas tréningu na lačno, prípadne v dňoch s nižším príjmom bielkovín z jedla.",https://powerlogy.com/noordcode-ultimate-eaa-formula-150-kapsul,NoordCode,Powerlogy,https://media.powerlogy.com/1/live/20260729123503/70519_ultimate-eaa-capsules-mockup.png,in_stock,37.95 EUR,,,70519,,new,Biohacking produkty,0.2,kg,https://powerlogy.com/,true,14,https://powerlogy.com/o-nakupe/vseobecne-obchodne-podmienky,true,,,SK,SK,food,biohacking-produkty,in-stock,single,
583098,NoordCode Ultimate EAA Formula Pink Grapefruit 210 g,"Všetkých 9 esenciálnych aminokyselín, 5 g na dávku - ochutený prášok s ružovým grapefruitom NoordCode Ultimate EAA Formula prináša všetkých 9 esenciálnych aminokyselín vo voľnej forme - tých, ktoré si telo nedokáže vyrobiť samo a musí ich prijať zo stravy. Jedna odmerka (7 g) obsahuje 5 g EAA s 2 000 mg leucínu , kľúčovej aminokyseliny pre tvorbu svalových bielkovín. Bielkoviny prispievajú k rastu a udržaniu svalovej hmoty. 1 Voľná forma aminokyselín sa vstrebáva rýchlo, bez tráviacej záťaže celej bielkoviny. To je rovnaká receptúra ako v kapsulovej verzii, teraz v ochutenom prášku s prírodnou príchuťou ružového grapefruitu, bez pridaného cukru a s pouhými 25 kcal na dávku. Svalová bielkovina sa neustále rozkladá a obnovuje. Aby prevážila tvorba, telo potrebuje stavebné prvky aj signál, ktorý ju spustí. Receptúra obsahuje všetkých 9 esenciálnych aminokyselín vo voľnej forme, v presne odmeraných pomeroch. Transparentné zloženie, žiadne plnivá, žiadne skryté množstvá. Nižšie sú uvedené množstvá na jednu dávku 7 g. Prírodná príchuť ružového grapefruitu sladená stéviou, bez pridaného cukru. Jednu odmerku (7 g) rozmiešajte v 350 ml vody a premiešajte. Dá sa kombinovať s kreatínom.",https://powerlogy.com/noordcode-ultimate-eaa-formula-pink-grapefruit-210-g,NoordCode,Powerlogy,https://media.powerlogy.com/1/live/20260729123500/70517_ultimate-eaa-pink-grapefruit-mockup.png,in_stock,37.95 EUR,,,70517,,new,Biohacking produkty,0.25,kg,https://powerlogy.com/,true,14,https://powerlogy.com/o-nakupe/vseobecne-obchodne-podmienky,true,,,SK,SK,food,biohacking-produkty,in-stock,single,
583099,"NoordCode Performance Electrolytes Lemon Orange 30 x 6,5 g","Elektrolytový nápoj so sodíkom, draslíkom, horčíkom a chloridom - bez cukru, jednorazové vrecká Základ tvorí nerafinovaná morská soľ praná vodou z Belgicka, doplnená o citrát draselný a horčík v podobe Aquamin™ Mg Soluble z morských minerálov. Jedno vrecko (6,5 g) dodá 1000 mg sodíka, 400 mg draslíka a 100 mg horčíka - elektrolyty, ktoré strácate potením. Horčík a draslík prispievajú k normálnej funkcii svalov a nervovej sústavy. 1 3 Prírodné zdroje minerálov, vyšší obsah draslíka a menej kyslá chuť - sladené stéviou, bez cukru, bez sukralózy a takmer bez kalórií. Pot nie je len voda - odchádzajú s ním sodík, chlorid, draslík aj horčík. Electrolytes ich dopĺňajú v pomere zostavenom pre intenzívne potenie z prírodných a dobre vstrebateľných zdrojov. Svieža citrónovo-pomarančová príchuť sladená stéviou, bez cukru a bez sukralózy. Obsah jedného vrecka (6,5 g) rozmiešajte v 1 litri vody. Množstvo vody upravte podľa chuti - viac vody zjemní kyslosť. Ide o kyslý nápoj, preto ho vypite naraz a po vypití si vypláchnite ústa vodou alebo použite slamku na ochranu zubnej skloviny.",https://powerlogy.com/noordcode-performance-electrolytes-lemon-orange-30-x-65-g,NoordCode,Powerlogy,https://media.powerlogy.com/1/live/20260729122240/noordcode-perf-electrolytes-lemon-orange-sachets-box.png,out_of_stock,32.95 EUR,,,70518,,new,Biohacking produkty,0.25,kg,https://powerlogy.com/,true,14,https://powerlogy.com/o-nakupe/vseobecne-obchodne-podmienky,true,4.78,9,SK,SK,food,biohacking-produkty,out-of-stock,single,
583100,NoordCode Vegan Omega-3 Lemon 125 ml,"Vysokodávkový rastlinný omega-3 z rias - 1200 mg EPA a 800 mg DHA v TG forme, bez rybacej pachuti Vysokodávkový rastlinný omega-3 olej z morských mikrorias. Jedna dávka (1 čajová lyžička, 5 ml) prináša 2000 mg omega-3 v prirodzenej triglyceridovej (TG) forme - z toho 1200 mg EPA a 800 mg DHA . DHA prispieva k udržaniu normálneho zraku a normálnej funkcie mozgu, EPA a DHA prispievajú k normálnej funkcii srdca. 1 Olej získavame priamo z rias - pôvodného zdroja EPA a DHA, bez tlaku na rybie populácie a bez rybacej pachuti či grgania. Vďaka nízkej oxidácii (TOTOX menej ako 5) je čerstvý a chránený prírodnými tokoferolmi. Z dielne značky NoordCode, ktorá stavia na čistom rastlinnom zložení. Ryby si EPA a DHA samy netvoria - získavajú ich z rias, ktoré sú v potravinovom reťazci pôvodným zdrojom týchto mastných kyselín. My ich preto čerpáme priamo z rias, bez medzičlánku. Základ tvorí riasový olej bohatý na EPA a DHA, doplnený o MCT olej z kokosu ako nosič, sicílsky citrónový olej pre chuť a prírodné tokoferoly na ochranu pred oxidáciou. Žiadne zbytočné prísady, čistý rastlinný profil. Cesta od riasy k oleju je šetrná a kontrolovaná. Bez agresívnych chemikálií, s dôrazom na čerstvosť a čistotu. Jemná príchuť sicílskeho citróna , bez rybacej pachuti a grgania. Odporúčaná denná dávka je 1 čajová lyžička (5 ml), ideálne s jedlom. Pred použitím fľašku pretrepte. Po otvorení spotrebujte do 6 týždňov. Balenie 125 ml vystačí na 25 dávok.",https://powerlogy.com/noordcode-high-epa-dha-vegan-omega-3-lemon-125-ml,NoordCode,Powerlogy,https://media.powerlogy.com/1/live/20260729123506/70520_vegan-omega-3-mockup.png,out_of_stock,46.95 EUR,,,70520,,new,Výživové doplnky > Omega-3 kyseliny,0.2,kg,https://powerlogy.com/,true,14,https://powerlogy.com/o-nakupe/vseobecne-obchodne-podmienky,false,,,SK,SK,supplement,omega-3-kyseliny,out-of-stock,single,
585884,Powerlogy Organic Whey Protein 500 g,"100 % čistý BIO srvátkový proteín v grass fed kvalite Recept: Proteínové smoothie z kokosového mlieka Chladnejšie jesenné dni sú pre náš organizmus náročnejšie, preto je dôležité vyživovať svoje telo zdravými a chutnými jedlami. Či už aktívne športujete, alebo máte náročné pracovné dni, vyskúšajte náš raňajkový, kokosový nápoj z Whey proteínu so sezónnymi jablkami a voňavou škoricou. Práve vďaka odmerke nášho čistého Proteínu dodáte telu zdravú energiu a dostatok bielkovín, navyše je lahodne krémový a z obyčajného smoothie tak máte naozaj smotanový zážitok so sezónnou vôňou protizápalovej škorice a jabĺk. Postup: 200 ml kokosového, prípadné iného rastlinného alebo kravského mlieka nalejeme do mixéra. Pridáme 1/2 ČL škorice, 2 PL domáceho jabĺkového pyré a 1 odmerku nášho Whey proteínu . Môžeme dochutiť vanilkou, alebo medom či iným sladidlom podľa chuti, my sme zvolili veriu bez cukru. Shake vymixujeme a nalejeme do vysokých pohárov. Dobrú chuť. Vlastnosti, vďaka ktorým sa na náš BIO srvátkový proteín môžete spoľahnúť: Spojenie skvelej chuti a funkčného zloženia bez lepku, umelých sladidiel a cukru. Prémiová nemecká kvalita mlieka z álp. Ľahká stráviteľnosť a rýchla vstrebateľnosť živočíšnych bielkovín. Prirodzená rozpustnosť v teplých i studených nápojoch. Prírodná krémová chuť bez horkosti. V Powerlogy robíme maximum pre vývoj inovatívnych potravín, ktoré v sebe spájajú úžasnú chuť a funkčné benefity. Cieľom je podpora nadpriemerného fyzického aj mentálneho výkonu. Veríme, že kvalitné jedlo mení myslenie. Preto naše produkty spracovávame len minimálne a zachovávame ich vysokú výživovú hodnotu. V Powerlogy je našou vášňou progresívna a efektívna životospráva, ktorá však musí chutiť. Popis výrobku: Organický filtrovaný srvátkový proteín Hmotnosť: 500 g Zloženie: 100% organická srvátková bielkovina (proteínový koncentrát 80%) z certifikovaného ekologického poľnohospodárstva. Alergény: Obsahuje laktózu, môže obsahovať orechy. Vyrobené na: Slovensko",https://powerlogy.com/powerlogy-organic-whey-protein-500-g,Powerlogy,Powerlogy,https://media.powerlogy.com/1/live/20260730103519/powerlogy-organic-whey-protein-500g.png,in_stock,34.95 EUR,,8588010284389,70459,,new,Funkčná výživa > Proteíny > Srvátkové proteíny > Srvátkové proteíny na chudnutie,0.7,kg,https://powerlogy.com/,true,14,https://powerlogy.com/o-nakupe/vseobecne-obchodne-podmienky,true,4.80,45,SK,SK,food,srvátkové-proteíny-na-chudnutie,in-stock,single,
591696,Powerlogy Protein Granola Salted Caramel Crunch 350 g,"Pečená proteínová granola s arašidmi, kokosovými chipsami a príchuťou slaného karamelu. Pečená proteínová granola s arašidmi, kokosovými chipsami a príchuťou slaného karamelu Popis výrobku: Pečená proteínová granola s arašidmi, kokosovými chipsami a príchuťou slaného karamelu. Hmotnosť: 350 g (7 porcií × 50 g) Zloženie: Bezlepkové ovsené vločky (34 %), proteínové chrumky (sójový proteínový izolát, tapiokový škrob, soľ), ryžový sirup, arašidy (13 %), kokosový olej, tekvicové semienka, kokosové chipsy (2,5 %), prírodná karamelová aróma, himalájska soľ. Alergény: Obsahuje arašidy a sóju. Môže obsahovať mlieko, sezam a ostatné škrupinové plody. Vyrobené na: Slovensko",https://powerlogy.com/powerlogy-protein-granola-salted-caramel-crunch-350-g,Powerlogy,Powerlogy,https://media.powerlogy.com/1/live/20260915162108/protein-granola-salted-caramel-crunch.webp,in_stock,8.95 EUR,,8588010284563,70523,,new,Zdravé potraviny > Granola a müsli > Granola s vysokým obsahom proteínu,0.35,kg,https://powerlogy.com/,true,14,https://powerlogy.com/o-nakupe/vseobecne-obchodne-podmienky,true,,,SK,SK,food,granola-s-vysokým-obsahom-proteínu,in-stock,single,
591697,Powerlogy Protein Granola Apple Pie Crunch 350 g,"Pečená proteínová granola s arašidmi, sušenými jablkami a škoricou. Pečená proteínová granola s arašidmi, sušenými jablkami a škoricou Popis výrobku: Pečená proteínová granola s arašidmi, sušenými jablkami a škoricou. Hmotnosť: 350 g (7 porcií × 50 g) Zloženie: Bezlepkové ovsené vločky (31 %), proteínové chrumky (sójový proteínový izolát, tapiokový škrob, soľ), ryžový sirup, arašidy (12 %), kocky sušených jabĺk (6,5 %), kokosový olej, tekvicové semienka, prírodná vanilková aróma, škorica (0,5 %). Alergény: Obsahuje arašidy a sóju. Môže obsahovať mlieko, sezam a ostatné škrupinové plody. Vyrobené na: Slovensko",https://powerlogy.com/powerlogy-protein-granola-apple-pie-crunch-350-g,Powerlogy,Powerlogy,https://media.powerlogy.com/1/live/20260915162112/protein-granola-apple-pie-crunch.webp,in_stock,8.95 EUR,,8588010284556,70524,,new,Zdravé potraviny > Granola a müsli > Granola s vysokým obsahom proteínu,0.35,kg,https://powerlogy.com/,true,14,https://powerlogy.com/o-nakupe/vseobecne-obchodne-podmienky,true,,,SK,SK,food,granola-s-vysokým-obsahom-proteínu,in-stock,single,
477_3,Powerlogy Organic Coffee 3 x 900 g,"Zmes výberových BIO kávovníkových zŕn 100% arabiky z 3 kontinentov s laboratórnymi testami čistoty zloženia. Veľké balenie BIO zrnkovej kávy 100 % arabica, v chuti figy a čokoláda • BIO zrnková káva bez kyslej dochuti • Pomaly pražená, ideálna pre domáce kávovary • Vhodné pre vegánov aj histaminikov • Balenie obsahuje cca 100 porcií (1 porcia = 9 g) Vlastnosti, vďaka ktorým sa na našu BIO kávu môžete spoľahnúť: 100 % BIO certifikácia a pestovanie bez použitia pesticídov a chemikálií. Detailné laboratórne testy na kontrolu ochratoxínov a aflatoxínov. Pomalé a šetrné praženie na stupeň medium pre silnú, ale vyváženú chuť bez kyslosti. Eliminácia prepraženia a minimalizácia AGE – Advanced Glycation Endoproducts. Čerstvosť a stabilná energia bez negatívnych vplyvov na žalúdok . V Powerlogy sa snažíme urobiť maximum pre vývoj produktov, ktoré v sebe spájajú silu čistej chuti a funkčnosti pre extra energiu a nadpriemerný fyzický i mentálny výkon. Veríme, že kvalitné potraviny menia myslenie, a preto majú všetky naše produkty vysokú výživovú hodnotu. Táto arabica káva spĺňa tie najprísnejšie kritériá kvality pre skutočnú podporu vášho organizmu a potešenie vášho gurmánskeho jazyka. Popis výrobku: BIO pražená zrnková káva, 100 % arabika z ekologického poľnohospodárstva Hmotnosť: 900 g Alergény: Neobsahuje Krajina pôvodu suroviny: El Salvador Vyrobené na: Slovensko",https://powerlogy.com/organic-espresso-2/3-pack/,Powerlogy,Powerlogy,https://media.powerlogy.com/1/live/20260910123058/477-3-pack-v3.webp,in_stock,119.85 EUR,110.55 EUR,,,477,new,Zdravé potraviny > Káva a kakao > Káva > Káva 100% Arabica,,,https://powerlogy.com/,true,14,https://powerlogy.com/o-nakupe/vseobecne-obchodne-podmienky,true,4.74,141,SK,SK,food,káva-100%-arabica,in-stock,multipack,false
499_3,Powerlogy Organic Coffee 3 x 250 g,"Zmes výberových BIO kávovníkových zŕn 100% arabiky z 3 kontinentov s laboratórnymi testami čistoty zloženia. (39,60 €/kg) BIO zrnková káva 100 % arabica, v chuti figy a čokoláda • BIO zrnková káva bez kyslej dochuti • Pomaly pražená, ideálna pre domáce kávovary • Vhodné pre vegánov aj histaminikov • Balenie obsahuje cca 27 porcií (1 porcia = 9 g) Recept: Lahodné TIRAMISU v pohári BEZ výčitiek Tiramisu zbožňujú všetci milovníci kávy a krémových dezertov. Čo tak vyskúšať jeho stále rovnako chutnú, no odľahčenú verziu ? Dezert si môžete pripraviť do pohárov z našich orieškových krémov. Piškótový základ sme nahradili ryžovými chlebíčkami, ktoré sme namáčali v našej pomaly praženej organickej káve . Mascarpone vrstvu sme vymenili za jemný odtučnený tvaroh vyšľahaný s Powerlogy kešu krémom bez cukru . A zlatou bodkou je kakaový posyp na povrchu v podobe nášho nového Upgraded kakaa . Množstvo surovín je na jednu porciu (jeden pohár). Postup: Nachystáme si 3 kusy ryžových chlebíčkov. Z Powerlogy Organic Coffee si pripravíme lungo. 1 odtučnený jemný tvaroh vymiešame s 1 PL Powerlogy Cashew Cream . Do prázdneho pohára z našich 330 g orieškových krémov začneme vrstviť dezert. 1. vrstva: ryžový chlebíček namočený v káve; 2. vrstva: tvarohový krém. V takomto poradí pokračujeme a vrstvenie ukončíme tvarohovou časťou. Na záver ešte tiramisu posypeme Upgraded kakaom a dáme stuhnúť do chladničky. Dobrú chuť! Popis výrobku: BIO pražená zrnková káva, 100 % arabika z ekologického poľnohospodárstva Hmotnosť: 250 g Alergény: Neobsahuje Krajina pôvodu suroviny: El Salvador Vyrobené na: Slovensko",https://powerlogy.com/organic-espresso/3-pack/,Powerlogy,Powerlogy,https://media.powerlogy.com/1/live/20260910123118/499-3-pack-v3.webp,in_stock,38.85 EUR,32.55 EUR,,,499,new,Zdravé potraviny > Káva a kakao > Káva > Káva 100% Arabica,,,https://powerlogy.com/,true,14,https://powerlogy.com/o-nakupe/vseobecne-obchodne-podmienky,true,4.74,141,SK,SK,food,káva-100%-arabica,in-stock,multipack,false
565_3,Powerlogy Organic MCT Oil 3 x 500 ml,"Tovar v súčastnosti naskladňujeme. Prosíme o trpezlivosť pri doručovaní. Špeciálne extrahovaný MCT olej, ktorý obsahuje len najefektívnejšie MCT triglyceridy so stredne dlhým reťazcom pre okamžitú energiu bez akýchkoľvek prídavkov a 100% kokosového pôvodu. (29,80€/l)",https://powerlogy.com/mct-oil-500ml/3-pack/,Powerlogy,Powerlogy,https://media.powerlogy.com/1/live/20260910123313/565-3-pack-v3.webp,in_stock,59.85 EUR,49.55 EUR,,,565,new,Funkčná výživa > MCT olej > BIO MCT Oleje,,,https://powerlogy.com/,true,14,https://powerlogy.com/o-nakupe/vseobecne-obchodne-podmienky,true,4.94,218,SK,SK,food,bio-mct-oleje,in-stock,multipack,false
4307_3,Powerlogy Almond Cream 3 x 330 g,"Chrumkavé a čerstvé mandľové maslo v BIO kvalite z top sicílskych mandlí so štipkou morskej soli bez cukru a konzervantov vyrobené na Slovensku. (43€/kg) Najpredávanejšie balenie mandľového krému s olivovým olejom a štipkou soli • Bez lepku, mlieka a pridaného cukru • Vhodné pre vegánov a vegetariánov • Vhodné pre histaminikov • Balenie obsahuje cca 22 porcií (1 porcia = 15 g) • Len 0,4 g cukru na jednu porciu Vianočný recept: Kakaové linecké koláčiky bez cukru a múky Linecké koláčiky ako tradičné vianočné pečivo, nesmie na štedrovečernom stole chýbať! My sme si pre vás pripravili v spolupráci s niesomzcukru, kakaovú verziu s orieškovým krémom, ktorá je navyše bez cukru a bez použitia múky ! Z tejto dávky vyjde cca 10 kúskov l ineckých koláčikov. Postup: 60 g mandľovej múky, 30 g kokosovej múky, 10 g kakaa, 20 g zmäknutého masla, 1 vajce a 1 PL čakankového sirupu zmiešame v jednej miske a vymiesime hladké cesto. Medzi dvoma papiermi na pečenie vyvaľkáme cesto na hrúbku približne 0,5 cm a vykrajujeme ľubovoľné tvary. Pečieme ich na papieri na pečenie, približne 10 minút pri 190°C. Necháme ich vychladnúť. Vychladnuté koláčiky potierame orieškovým krémom a zlepujeme dokopy. Popis výrobku: Mandľový krém v BIO kvalite s extra panenským olivovým olejom a morskou soľou. Hmotnosť: 330 g Zloženie: BIO mandle 84,8 %, BIO extra panenský olivový olej 15 %, morská soľ 0,2 %. Alergény: Orechy Krajina pôvodu suroviny: Španielsko Vyrobené na: Slovensko",https://powerlogy.com/mandlove-maslo-330g/3-pack/,Powerlogy,Powerlogy,https://media.powerlogy.com/1/live/20260910141725/4307-3-pack-v4.webp,in_stock,50.85 EUR,40.95 EUR,,,4307,new,Zdravé potraviny > Orieškové krémy a maslá > Mandľové,,,https://powerlogy.com/,true,14,https://powerlogy.com/o-nakupe/vseobecne-obchodne-podmienky,true,4.79,135,SK,SK,food,mandľové,in-stock,multipack,false
10646_3,Powerlogy Organic Ghee Butter 3 x 320 ml,"Original GHEE maslo bez laktózy, bielkovín a vody. V yrobené z mlieka od alpských kráv pasúcich sa na tráve. (33,9€/l) BIO ghee maslo v grass fed kvalite s nemeckou certifikáciou DEMETER • Neobsahuje alergény (laboratórne potvrdené) • Vhodné pre histaminikov • Mamičky malých detí si ghee nevedia vynachváliť • Zdroj omega-3 a vitamínov A, D, E, K • Balenie obsahuje cca 32 porcií (1 porcia = 10 g) Recept na zdravý, kurkumový popcorn Máte aj vy radi maškrtenie pri filme či s priateľmi pri letných večeroch? Klasiku ako čerstvo vypukanú kukuricu pozná každý z nás, preto sme sa rozhodli pripraviť ju v odľahčenej verzii s použitím nášho Ghee masla , navyše obohatenú o protizápalovú Powerlogy kurkumu , ktorá jej dodala vynikajúcu chuť. Postup: Do rozohriatého hrnca vložíme 2 lyžice Powerlogy ghee masla . Keď sa ghee maslo rozpustí, pridáme 1 ČL našej zmesi korenia Turmeric , 1 PL kurkumy a 1 PL soli. Všetko dobre premiešame. Následne vložíme aj popcornovú kukuricu a opäť premiešame, aby bola kukurica celá obalená v masle aj koreninách. Prikryjeme pokrievkou a počkáme cca 5-7 minút, kým kukurica vypuká a vzniknú pukance. Príjemný filmový zážitok a zdravé chrumkanie! Popis výrobku: Ghee maslo. Dodatočné info: Prepustené maslo bez vody, bielkovín a laktózy. Objem: 320 g Zloženie: Mliečny tuk. Alergény: Neobsahuje. Krajina pôvodu suroviny: Slovinsko",https://powerlogy.com/ghee-maslo/3-pack/,Powerlogy,Powerlogy,https://media.powerlogy.com/1/live/20260910141721/10646-3-pack-v4.webp,in_stock,53.85 EUR,49.55 EUR,,,10646,new,Zdravé potraviny > Oleje a ghee maslo > Ghee maslo,,,https://powerlogy.com/,true,14,https://powerlogy.com/o-nakupe/vseobecne-obchodne-podmienky,true,4.91,86,SK,SK,food,ghee-maslo,in-stock,multipack,false
16763_3,Powerlogy Nougat Cream 3 x 330 g,"Čerstvý nugátový krém bez palmového oleja, rafinovaného cukru a konzervantov vyrobený na Slovensku. (46,33 €/kg) Najpredávanejšie balenie chrumkavého lieskovoorieškového nugátu s kakaom • Bez lepku, mlieka a rafinovaného cukru • Vhodný pre vegetariánov a vegánov • Balenie obsahuje cca 22 porcií (1 porcia = 15 g) • Len 3,5 g cukru na jednu porciu  Popis výrobku: Lieskovoorieškový krém s pravým kakaom. Hmotnosť: 330 g Zloženie: BIO lieskové orechy (60%), BIO trstinový cukor, BIO kakaový prášok, BIO kakaová hmota. Alergény: Orechy Krajina pôvodu suroviny: Taliansko Vyrobené na: Slovensko",https://powerlogy.com/power-nougat-300g/3-pack/,Powerlogy,Powerlogy,https://media.powerlogy.com/1/live/20260910141723/16763-3-pack-v4.webp,in_stock,50.85 EUR,46.95 EUR,,,16763,new,Zdravé potraviny > Orieškové krémy a maslá > Nugátové,,,https://powerlogy.com/,true,14,https://powerlogy.com/o-nakupe/vseobecne-obchodne-podmienky,true,4.65,182,SK,SK,food,nugátové,in-stock,multipack,false
30090_3,Deortegas Organic Extra Virgin Olive Oil Frantoio 3 x 500 ml,"Vyberáme pre vás exkluzívnu selekciu BIO olivových olejov, ktoré boli ocenené na svetových súťažiach. Za studena lisované, len mechanicky spracované, extra panenské olivové oleje výraznej arómy a chuti, no extrémne nízkej kyslosti 0,1%.",https://powerlogy.com/extra-panensky-bio-olivovy-olej/3-pack/,Powerlogy,Powerlogy,https://media.powerlogy.com/1/live/20260910123018/30090-3-pack-v3.webp,in_stock,68.85 EUR,63.55 EUR,,,30090,new,Zdravé potraviny > Oleje a ghee maslo > Olivové oleje,,,https://powerlogy.com/,true,14,https://powerlogy.com/o-nakupe/vseobecne-obchodne-podmienky,true,4.79,39,SK,SK,food,olivové-oleje,in-stock,multipack,false
34072_3,Powerlogy Organic Coffee Strong 3 x 250 g,"Zmes výberových BIO kávovníkových zŕn 51% výberovej robusty z Indie a 49% arabiky z Peru a Etiópie, s laboratórnymi testami čistoty zloženia. (39,60 €/kg) Extra silná BIO zrnková káva s vyšším obsahom kofeínu, bez kyslosti • BIO zrnková káva s extra vyšším obsahom kofeínu • Pomaly pražená, ideálna pre domáce kávovary • Vhodné pre vegánov a histaminikov • Balenie obsahuje cca 27 porcií (1 porcia = 9 g) Vlastnosti, vďaka ktorým sa na našu kávu môžete spoľahnúť: 100 % BIO certifikácia a pestovanie bez použitia pesticídov a chemikálií. Detailné laboratórne testy na kontrolu ochratoxínov a aflatoxínov. Pomalé a šetrné praženie na stupeň medium pre silnú, ale vyváženú chuť bez kyslosti. Eliminácia prepraženia a minimalizácia AGE – Advanced Glycation Endoproducts. Čerstvosť a stabilná energia bez kyslosti a negatívnych vplyvov na žalúdok . Cieľom novej Organic Coffee Strong je ponúknuť vám najsilnejšie espresso na trhu , ktoré má čistú chuť. Výnimočná indická cherry káva robusta dodáva tejto zmesi extra kofeínovú silu , ale aj komplexné a intenzívne telo. Pri domácej príprave espressa na pákovom stroji či automate sa môžete tešiť z extra cremy. Táto zmes kávy robusta a arabika tak spĺňa tie najprísnejšie kritériá kvality pre skutočnú podporu vášho organizmu a potešenie vášho gurmánskeho jazyka. Popis výrobku: BIO pražená zrnková káva, zmes 50 % Arabiky a 50 % Robusty z ekologického poľnohospodárstva Chuťový profil: Horká čokoláda, oriešky Hmotnosť: 250 g Alergény: Neobsahuje Krajina pôvodu suroviny: El Salvador, India Vyrobené na: Slovensko",https://powerlogy.com/extra-strong-bio-250g/3-pack/,Powerlogy,Powerlogy,https://media.powerlogy.com/1/live/20260910123019/34072-3-pack-v3.webp,in_stock,38.85 EUR,35.55 EUR,,,34072,new,Zdravé potraviny > Káva a kakao > Káva > Extra silná káva,,,https://powerlogy.com/,true,14,https://powerlogy.com/o-nakupe/vseobecne-obchodne-podmienky,true,4.76,46,SK,SK,food,extra-silná-káva,in-stock,multipack,false
34146_3,Powerlogy Organic Coffee Strong 3 x 900 g,"Zmes výberových BIO kávovníkových zŕn 51% výberovej robusty z Indie a 49% arabiky z Peru a Etiópie, s laboratórnymi testami čistoty zloženia. Veľké balenie extra silnej BIO zrnkovej kávy s vyšším obsahom kofeínu, bez kyslosti • BIO zrnková káva s extra vyšším obsahom kofeínu • Pomaly pražená, ideálna pre domáce kávovary • Vhodné pre vegánov a histaminikov • Balenie obsahuje cca 100 porcií (1 porcia = 9 g) Vlastnosti, vďaka ktorým sa na našu kávu môžete spoľahnúť: 100 % BIO certifikácia a pestovanie bez použitia pesticídov a chemikálií. Detailné laboratórne testy na kontrolu ochratoxínov a aflatoxínov. Pomalé a šetrné praženie na stupeň medium pre silnú, ale vyváženú chuť bez kyslosti. Eliminácia prepraženia a minimalizácia AGE – Advanced Glycation Endoproducts. Čerstvosť a stabilná energia bez kyslosti a negatívnych vplyvov na žalúdok . Cieľom novej Organic Coffee Strong je ponúknuť vám najsilnejšie espresso na trhu , ktoré má čistú chuť. Výnimočná indická cherry káva robusta dodáva tejto zmesi extra kofeínovú silu , ale aj komplexné a intenzívne telo. Pri domácej príprave espressa na pákovom stroji či automate sa môžete tešiť z extra cremy. Táto zmes kávy robusta a arabika tak spĺňa tie najprísnejšie kritériá kvality pre skutočnú podporu vášho organizmu a potešenie vášho gurmánskeho jazyka. Popis výrobku: BIO pražená zrnková káva, zmes 50 % Arabiky a 50 % Robusty z ekologického poľnohospodárstva Chuťový profil: Horká čokoláda, oriešky Hmotnosť: 900 g Alergény: Neobsahuje Krajina pôvodu suroviny: El Salvador, India Vyrobené na: Slovensko",https://powerlogy.com/extra-strong-bio/3-pack/,Powerlogy,Powerlogy,https://media.powerlogy.com/1/live/20260910123021/34146-3-pack-v3.webp,in_stock,119.85 EUR,110.55 EUR,,,34146,new,Zdravé potraviny > Káva a kakao > Káva > Extra silná káva,,,https://powerlogy.com/,true,14,https://powerlogy.com/o-nakupe/vseobecne-obchodne-podmienky,true,4.76,46,SK,SK,food,extra-silná-káva,in-stock,multipack,false
37760_3,Powerlogy Pistacchio Cream 3 x 200 g,"PREMIUM PISTACCHIO krém – extra jemný pistáciový krém s olivovým olejom, kešu orechmi a štipkou citrónovej kôry z najkvalitnejších talianských ingrediencií od Dušana Plichtu, Karola Stýbla a Martina Záhumenského.",https://powerlogy.com/pistacchio-cream/3-pack/,Powerlogy,Powerlogy,https://media.powerlogy.com/1/live/20260910141724/37760-3-pack-v4.webp,in_stock,53.85 EUR,49.55 EUR,,,37760,new,Zdravé potraviny > Orieškové krémy a maslá > Kešu,,,https://powerlogy.com/,true,14,https://powerlogy.com/o-nakupe/vseobecne-obchodne-podmienky,true,4.89,296,SK,SK,food,kešu,in-stock,multipack,false
47826_3,Powerlogy Cashew Cream 3 x 330 g,"Najpredávanejšie balenie kešu krému s kokosom a štipkou vanilky • Bez lepku, mlieka a pridaného cukru • Prirodzene sladký, vhodný pre vegetariánov a vegánov • Vhodné pre histaminikov • Balenie obsahuje cca 22 porcií (1 porcia = 15 g) • Len 1 g cukru na jednu porciu Recept: Raňajkový kolagénový kešu koláč Jednoduchý a ultra rýchly recept na raňajkový kešu koláč s kolagénom ? My sme jednoznačne za! Základ, ktorý tvorí vajíčko, Powerlogy Cashew Cream, tvaroh, Powerlogy Collagen je poliaty orieškovým krémom a posekanými mandľami. Kešu sú jedinečné orechy plné mononasýtených mastných kyselín, proteínov, vitamínu E a vlákniny . Vďaka jedinečnému spojeniu surovín získate snack plný živín, ktorý je zároveň zdrojom poctivej energie. A navyše, príprava trvá iba 3,5 minúty ! Postup: V miske, ktorá je vhodná do mikrovlnky si pripravíme korpus z 1 vajíčka, 3 PL jemného nízkotučného tvarohu, 10 g Power kolagénu a 1 PL Powerlogy Cashew Cream . Všetko poriadne premiešame a vložíme do mikrovlnky na 3 minúty. Hotový koláčikový základ vyklopíme na tanier, polejeme kešu krémom a posypeme mandľami. Dobrú chuť! Popis výrobku: Kešu krém (""maslo"") s kokosom. Dodatočné info: Sekané kešu vypracované do masla s prídavkom kokosu. Hmotnosť: 330 g Zloženie: BIO kešu 55 %, BIO kokos strúhaný 45 %, BIO vanilka. Alergény: Orechy Krajina pôvodu suroviny: Vietnam",https://powerlogy.com/organic-cashew-cream/3-pack/,Powerlogy,Powerlogy,https://media.powerlogy.com/1/live/20260910141734/47826-3-pack-v4.webp,in_stock,50.85 EUR,46.95 EUR,,,47826,new,Zdravé potraviny > Orieškové krémy a maslá > Kešu,,,https://powerlogy.com/,true,14,https://powerlogy.com/o-nakupe/vseobecne-obchodne-podmienky,true,4.84,114,SK,SK,food,kešu,in-stock,multipack,false
63184_3,Powerlogy Honey Strawberry Granola 3 x 350 g,"Bezlepková raňajková granola s medom, chrumkavými mandľami a jahodami • Bez lepku, mlieka a rafinovaného cukru • Vhodné pre histaminikov • Chrumkavé müsli sladené medom • Balenie obsahuje cca 7 porcií (1 porcia = 50 g) • Len 4,4 g cukru na jednu porciu Našu granolu si obľúbila aj tvár slovenskej televízie a autorka inšpiratívnych projektov venovaných ženám, Veronika Cifrová Ostrihoňová Ľaľa, moje obľúbené letné raňajky. Jogurt s Powerlogy granolou, ktorá hladí naše srdcia, duše i nervy – je totiž chutná, zdravá a rýchla. A tiež bez lepku, laktózy, sladená medom, vhodná pri histamínovej intolerancii, aj intolerancii náročných receptov, ktorou trpím ja. ? Powerlogy Honey Granolu odporúča 11/10 Veroník. Popis výrobku: Jemne pražené granola müsli s chrumkavými mandľami, quinoou, medom, kokosom a jahodami. Dodatočné info: Prírodné zloženie, bez lepku, mlieka a umelých konzervantov. Hmotnosť: 350 g Zloženie: BIO ryžové, pohánkové a quinoa vločky 60 %, chrumkavé mandle, med, strúhaný kokos, kokosový olej, kokosové lupienky, lyofilizované jahody. Alergény: Orechy Vyrobené v: Česká republika",https://powerlogy.com/granola/3-pack/,Powerlogy,Powerlogy,https://media.powerlogy.com/1/live/20260910123405/63184-3-pack-v3.webp,in_stock,25.65 EUR,23.55 EUR,,,63184,new,Zdravé potraviny > Granola a müsli > Granola s nízkym obsahom histamínu,,,https://powerlogy.com/,true,14,https://powerlogy.com/o-nakupe/vseobecne-obchodne-podmienky,true,4.62,105,SK,SK,food,granola-s-nízkym-obsahom-histamínu,in-stock,multipack,false
65362_6,Powerlogy Chocobar 70 % 6 x 50 g,"70 % čokoládová tyčinka s lieskovými orechmi Letný Powerlogy nugátový milkshake Recept na Powerlogy zmrzlinu už máte, čo tak vytiahnuť zmrzlinové zásoby a vykúzliť z nich chutný, letný milkshake? Táto pochúťka v našej zdravšej verzii vás počas týchto horúcich dní schladí, a zaženie chute na sladké. Pripravte si aj vy Powerlogy nugátový milkshake a oslaďte si zdravo vaše letné dovolenkové dni. Postup: 300 ml obľúbeného mlieka a Powerlogy zmrzlinu poriadne vymixujeme. Pred podávaním vo vysokom pohári, dozdobíme podľa chuti. My sme pridali lahodnú a chladenú šľahačku, náš lieskovoorieškový nugát , a chrumkavé hoblinky Powerlogy čokolády . Čo na naše čokolády hovorí aktívny športovec a cyklista, Martin Knapec? Snacky, na ktorých fungujem počas tréningov, sú moje obľúbené Powerlogy čokolády. Vtedy mi chutia a telo ich potrebuje, keď podávam výkon. Kurkumovú choco si dávam na rýchlejší nástup pred alebo po intervaloch, v rámci doplnenia cukrov (anaeróbne aktivity). A Chocobar 70 % je mojou voľbou vždy pri pocite hladu. Dlhšie ju organizmus trávi a dáva telu energiu na aeróbne aktivity. Spojenie Powerlogy dobrôt a športu je ideálna kombinácia, ako si zdravo dopriať a prísť na iné myšlienky. Popis výrobku: BIO 70 % horká čokoláda s lieskovými orechmi Hmotnosť: 50 g Zloženie: BIO kakaová hmota 50,4 %, BIO trstinový cukor 25,2 %, BIO lieskové orechy 16 %, BIO kakaové maslo 8,4 %. Alergény: Orechy Krajina pôvodu suroviny: Kolumbia, Turecko Vyrobené na: Slovensko",https://powerlogy.com/power-choco-bar-70/6-pack/,Powerlogy,Powerlogy,https://media.powerlogy.com/1/live/20260910124925/65362-6-pack-w.webp,in_stock,20.70 EUR,17.55 EUR,,,65362,new,Zdravé potraviny > Čokoláda a snacky > Čokolády > Bean-to-Bar,,,https://powerlogy.com/,true,14,https://powerlogy.com/o-nakupe/vseobecne-obchodne-podmienky,true,4.58,113,SK,SK,food,bean-to-bar,in-stock,multipack,false
66653_3,Powerlogy C8 MCT Oil 3 x 500 ml,Prémiový C8 MCT olej zložený len z kyseliny kaprylovej • Neobsahuje alergény • Vhodné pre vegánov a vegetariánov • Vhodné pre histaminikov • Balenie obsahuje cca 50 porcií (1 porcia = 10 ml) • Neobsahuje žiadny cukor  Popis výrobku: Rastlinný olej extrahovaný z kokosových orechov Objem: 500 ml Zloženie: triglyceridy kyseliny kaprylovej z kokosového oleja. Alergény: Neobsahuje Krajina pôvodu suroviny: India Vyrobené v: Nemecko,https://powerlogy.com/c8-mct-oil/3-pack/,Powerlogy,Powerlogy,https://media.powerlogy.com/1/live/20260910123408/66653-3-pack-v3.webp,in_stock,68.85 EUR,63.55 EUR,,,66653,new,Funkčná výživa > MCT olej > Čisté C8 MCT oleje,,,https://powerlogy.com/,true,14,https://powerlogy.com/o-nakupe/vseobecne-obchodne-podmienky,true,4.87,231,SK,SK,food,čisté-c8-mct-oleje,in-stock,multipack,false
380803_3,Powerlogy Upgraded Brain Focus 3 x 60 kapsúl,"Komplex nootropík na výživu mozgu, podporu koncentrácie a pamäte Zakladateľ Powerlogy: Za Upgraded líniou stojí veda Prémiovú líniu Powerlogy Upgraded som vytvoril pre najnáročnejších zákazníkov, ktorí hľadajú maximálnu kvalitu a účinnosť. Upgraded produkty sú obohatené o inovatívne ingrediencie ako MCT olej, prebiotická vláknina, adaptogény či bioaktívne látky. Receptúry vyvíjam na základe najnovších vedeckých poznatkov. Kombinujem účinky rôznych zložiek, aby vám dodali energiu a podporili konkrétne funkcie tela – imunita, trávenie, regenerácia či fyzická a mentálna výkonnosť. Funkčné benefity konzultujem s odbornou vedeckou radou, s ktorou v Powerlogy úzko spolupracujeme. Upgraded produkty odporúčam ako riešenie pre ľudí, ktorí chcú spoľahlivý zdroj energie a výživy na každý deň. – Dušan Plichta, zakladateľ Powerlogy a tvorca produktov Vlastnosti, vďaka ktorým sa na náš Upgraded Brain Focus môžete spoľahnúť: Čisté zloženie a 100 % dôraz na funkčnú dávku vybraných nootropík. Vedecky dokázané účinky vybraných látok v synergickej kombinácii. Priamy účinok na mozog – podpora lepšej mentálnej výkonnosti. Neobsahuje kofeín, zaručuje tak stabilnú koncentráciu bez nervozity. Vegánske kapsule 100 % bez lepku, mlieka a alergénov. V Powerlogy robíme maximum pre vývoj inovatívnych funkčných potravín a doplnkov výživy, ktoré majú pomáhať kultivácii našej Human Power každý deň. Naším cieľom je podpora nadpriemerného fyzického i mentálneho výkonu, avšak bez obety zdravia. Veríme, že pokročilá výživa mozgu je budúcnosťou. Umožní realizáciu nášho potenciálu pri zachovaní silného mentálneho a fyzického zdravia. Produkt spĺňa najvyššie kritériá kvality a prešiel laboratórnym aj osobným testovaním. Je určený na dlhodobé užívanie. Popis výrobku: Výživový doplnok. Balenie obsahuje 60 kapsúl. Denná dávka = 2 kapsuly ~1060 mg. Hmotnosť: 31,8 g Počet kapsúl: 60 ks Alergény: neobsahuje Vyrobené na: Slovensko",https://powerlogy.com/powerlogy-brain-focus-60-kapsul/3-pack/,Powerlogy,Powerlogy,https://media.powerlogy.com/1/live/20260910123022/380803-3-pack-v3.webp,in_stock,104.85 EUR,96.55 EUR,,,380803,new,Výživové doplnky > Vitamín B > Vitamín B - komplex,,,https://powerlogy.com/,true,14,https://powerlogy.com/o-nakupe/vseobecne-obchodne-podmienky,false,4.71,24,SK,SK,supplement,vitamín-b---komplex,in-stock,multipack,false
394315_6,Powerlogy Nougat Cream 6 x 50 g,"Lahodný lieskovoorieškový krém s pravým kakaom Vlastnosti, vďaka ktorým sa na náš nugátový krém môžete spoľahnúť: Lieskové oriešky výberovej kvality. Jemná textúra pre jednoduché vychutnávanie aj trávenie. 100 % bez palmového oleja, emulzifikátorov a umelých konzervantov. 100 % prírodné zloženie bez rafinovaného cukru. Detailné laboratórne testy na kontrolu ochratoxínov, aflatoxínov a oxidácie orechov. Nugátové krémy Powerlogy spĺňajú najvyššie kritériá kvality a ich cieľom je nielen výnimočná chuť, ale aj vysoká výživová hodnota. V Powerlogy sa snažíme urobiť maximum pre vývoj produktov, ktoré v sebe spájajú silu čistej chuti a funkčnosti pre extra energiu a nadpriemerný fyzický i mentálny výkon. Veríme, že kvalitné jedlo mení myslenie, a preto majú všetky naše produkty vysokú výživovú hodnotu. V Powerlogy je našou vášňou progresívna a efektívna životospráva. Ako vznikol Powerlogy Nougat Cream V Powerlogy chceme pomôcť zlepšovať stravovacie návyky rodín a to hlavne v prípade raňajok a snackov. Určite poznáte slávnu orieškovú nátierku začínajúcu sa písmenom N a končiacu na TELLA. Napriek jej zloženiu, ktoré má podľa nás naozaj ďaleko od optima, ju každodenne konzumuje veľké množstvo ľudí vrátane žien a detí. Mnohí vedia, že je to nezdravé, no často podľahnú túžiacim detským očiam. Nám to nedalo a vytvorili sme zdravú alternatívu tejto maškrty, ktorú môžete pokojne dopriať sebe aj svojim deťom (samozrejme, nemáme na mysli prejedanie). Po dlhom vývoji vznikla receptúra, ktorá vás svojou chuťou aj konzistenciou dostane. Náš orieškový nugát je jednoduchý zložením, no komplexný chuťou. Nájdete v ňom len prvotriedne lieskovce, výberové kakao, prijateľné množstvo trstinového cukru a štipku soli. Popis výrobku: Lieskovoorieškový krém s kakaom v praktickom balení. Hmotnosť: 50 g Zloženie: lieskovce pražené 50 %, kakaová hmota 30 % (kakaový prášok, kakaové maslo), trstinový cukor 19,8 %, soľ 0,2 %. Alergény: Orechy Vyrobené na: Česká republika",https://powerlogy.com/nougat-cream-50g/6-pack/,Powerlogy,Powerlogy,https://media.powerlogy.com/1/live/20260910123023/394315-6-pack-v3.webp,out_of_stock,21.30 EUR,19.55 EUR,,,394315,new,Zdravé potraviny > Orieškové krémy a maslá > Nugátové,,,https://powerlogy.com/,true,14,https://powerlogy.com/o-nakupe/vseobecne-obchodne-podmienky,true,4.91,46,SK,SK,food,nugátové,out-of-stock,multipack,false
394320_6,Powerlogy Kurkuma Chocobar 6 x 50 g,"Biela čokoláda s mandľami a kurkumou Čo na Organic Kurkuma Choco vraví aktívna bežkyňa a spoluzakladateľka bežeckej komunity SHEruns, Petra Pukalovičová? Powerlogy produkty vnímam ako expertov na dodanie potrebnej sily a energie. Konkrétne ich urkumová čokoláda sa stala mojím obľúbencom, ako skvelá sladkosť bez výčitiek, bez umelín, v rámci odmeny po ťažkom tréningu. Biela čokoláda v zdravom kabáte, s pridaním extra kurkumy s protizápalovými účinkami? Ja hovorím ÁNO. Čo na Organic Kurkuma Choco vraví bývalý reprezentant SR v atletike, aktuálny kondičný tréner a bežec, Mgr. Leo Lendvorský? Nedávno som čítal prirovnanie, že „Strava je ako bankový účet. A kvalitné potraviny sú investície do zdravia.“ Taktiež výrok Tima Spectora, ktorý vraví: „Zaobchádzajte so svojím mikrobiómom ako so záhradou.“ Musíte vyživovať pôdu (črevá) pre zdravé rastliny (baktérie) a zároveň minimalizovať burinu (mikróby spôsobujúce choroby). Toto sú dôvody, prečo mám rád a volím si práve Powerlogy potraviny , ktoré pre mňa stelesňujú všetko vyššie uvedené. Popis výrobku: BIO 40 % Vegánska tyčinka s kakaovým maslom, kurkumou, mandľami a kokosom Hmotnosť: 50 g Zloženie: BIO kakaové maslo 40 %, BIO trstinový cukor 34,8 %, BIO ryžový sirup 14,55 %, BIO mandle 4,56 %, BIO strúhaný kokos 3,82 %, BIO kurkuma 2 %, emulgátor: slnečnicový lecitín 0,09 %, morská soľ 0,09 %, vanilkový extrakt 0,09 %. Alergény: Orechy Vyrobené na: Slovensko",https://powerlogy.com/kurkuma-chocobar-50-g/6-pack/,Powerlogy,Powerlogy,https://media.powerlogy.com/1/live/20260910122255/394320-6-pack-w.webp,in_stock,20.70 EUR,18.95 EUR,,,394320,new,Zdravé potraviny > Čokoláda a snacky > Čokolády > Bean-to-Bar,,,https://powerlogy.com/,true,14,https://powerlogy.com/o-nakupe/vseobecne-obchodne-podmienky,true,4.80,54,SK,SK,food,bean-to-bar,in-stock,multipack,false
418282_3,Powerlogy Mak a Mandle Krém 3 x 330 g,"Najpredávanejšie balenie sladkého, makovo-orieškového krému so štipkou soli • Bez lepku, mlieka a rafinovaného cukru • Vhodný pre vegetariánov a vegánov • Vhodné pre histaminikov • Balenie obsahuje cca 22 porcií (1 porcia = 15 g) • Len 2,4 g cukru na jednu porciu Po otvorení odporúčame skladovať v chladničke.  Popis výrobku: Mandľovo-makový krém Hmotnosť: 330 g Zloženie: Mak (24 %), mandľa pražená sekaná (23 %), mandľová pasta (22 %), ryžový olej (15,5 %), trstinový cukor (14,5 %), morská soľ (1 %). Alergény: Orechy Krajina pôvodu: USA (mandle) Vyrobené na: Slovensko",https://powerlogy.com/mak-mandle-330g/3-pack/,Powerlogy,Powerlogy,https://media.powerlogy.com/1/live/20260910123024/418282-3-pack-v3.webp,in_stock,47.85 EUR,43.95 EUR,,,418282,new,Zdravé potraviny > Orieškové krémy a maslá > Mandľové,,,https://powerlogy.com/,true,14,https://powerlogy.com/o-nakupe/vseobecne-obchodne-podmienky,true,4.57,133,SK,SK,food,mandľové,in-stock,multipack,false
433525_3,Deortegas Organic Extra Virgin Olive Oil Hojiblanca 3 x 500 ml,"Extra panenský BIO olivový olej odroda Hojiblanca • Neobsahuje alergény • Vhodné pre vegánov a vegetariánov • Vhodné pre histaminikov • Balenie obsahuje cca 50 porcií (1 porcia = 10 ml) • Neobsahuje žiadny cukor Vlastnosti, vďaka ktorým sa na náš BIO olivový olej Deortegas môžete spoľahnúť: Extra panenský olivový olej výberovej kvality s ekologickým spracovaním. Lisovaný za studena s použitím modernej technológie centrifugácie pre zachovanie kvality. Ovocné a silné telo s výnimočnou dochuťou paradajok. ? Extrémne nízka kyslosť pod 0,14 % a vysoká stabilita proti oxidácii. Vysoký obsah polyfenolov – zdravotné benefity olivového oleja. Powerlogy oleje a tuky spĺňajú najvyššie kritériá kvality. Ich cieľom je spojenie čistej chuti a funkčnosti. V Powerlogy sa snažíme urobiť maximum pre vývoj produktov, ktoré v sebe spájajú silu čistej chuti a funkčnosti pre extra energiu a nadpriemerný fyzický i mentálny výkon. Veríme, že kvalitné jedlo mení myslenie, a preto majú všetky naše produkty vysokú výživovú hodnotu. Popis výrobku: Extra panenský olivový olej lisovaný za studena. Dodatočné info: Nízka kyslosť a ekologické spracovanie podľa najnovších technológií. Objem: 500 ml Zloženie: Extra panenský BIO olivový olej lisovaný za studena. Alergény: Neobsahuje Krajina pôvodu: Španielsko",https://powerlogy.com/deortegas-organic-extra-virgin-olive-oil-hojiblanca-500-ml/3-pack/,Powerlogy,Powerlogy,https://media.powerlogy.com/1/live/20260910123027/433525-3-pack-v3.webp,in_stock,68.85 EUR,65.55 EUR,,,433525,new,Zdravé potraviny > Oleje a ghee maslo > Olivové oleje,,,https://powerlogy.com/,true,14,https://powerlogy.com/o-nakupe/vseobecne-obchodne-podmienky,true,4.85,52,SK,SK,food,olivové-oleje,in-stock,multipack,false
437857_3,Wild and Coco Histabiotics 2.0 3 x 30 kapsúl,"Probiotiká, ktoré nevytvárajú histamín a regulujú jeho prirodzenú tvorbu V holistickom prístupe funkčnej medicíny k nášmu tráveniu, imunite a celkovému mentálnemu aj fyzickému zdraviu hrá ľudský mikrobióm kľúčovú úlohu. Nie nadarmo sa v čínskej medicíne po tisícročia označoval ako druhý mozog. Vybrať však naozaj živé a funkčné probiotiká s prebiotikami, ktoré prispejú k významnej podpore črevnej mikroflóry nie je ľahké. Na trhu nájdete veľa riešení, ktoré môžu krátkodobo pomôcť, ale ich sila nie je dostačujúca na trvalejšie premodelovanie črevnej flóry. Z osobných skúseností môžem smelo odporučiť vybrané produkty Wild & Coco z Českej Republiky. Osobne poznám ich vývojárov, ktorí na trh prinášajú jedny z najkomplexnejších symbiotík. Ich efekt som pocítil už za 3 dni užívania a plne spĺňajú moje 3 silné štandardy: Inovatívnosť – citlivo zvolená zmes probiotických kmeňov, ktoré nevytvárajú histamín a regulujú jeho prirodzenú tvorbu. Synergia a výber funkčných foriem – komplex až 28 špecifických kmeňov baktérií spoločne s prebiotikami pre synergický efekt. Dôvera v pôvod a výrobu – eliminujú chemické spracovanie, sú 100 % bez lepku, mlieka či umelín a nepoužívajú lacné kapsule, ktoré majú nežiadúce vedľajšie účinky na trávenie a náš mikrobióm. – Dušan Plichta, zakladateľ Powerlogy Priateľské baktérie pre citlivé črevá Histabiotiká môžu harmonizovať vaše trávenie dvoma spôsobmi: 1. Zmierniť existujúcu potravinovú citlivosť alebo histamínovú intoleranciu. Histabiotiká pomáhajú dlhodobo regulovať histamín pri už existujúcej potravinovej citlivosti alebo histamínovej intolerancii. 2. Podporiť zdravie čriev a znížiť priepustnosť črevnej steny. Histabiotiká podporujú obnovu črevnej steny a udržiavanie jej optimálneho stavu. To je veľmi užitočné pri riešení problémov s nepriepustnými črevami (tzv. „leaky gut“), ktoré môžu viesť k novej citlivosti na potraviny. Popis výrobku: Probiotiká, ktoré nevytvárajú histamín a regulujú jeho prirodzenú tvorbu Počet kapsúl: 30 ks Alergény: neobsahuje Vyrobené na: Česká republika",https://powerlogy.com/wild-coco-histabiotics-30-kapsul/3-pack/,Powerlogy,Powerlogy,https://media.powerlogy.com/1/live/20260910123029/437857-3-pack-v3.webp,out_of_stock,119.85 EUR,113.95 EUR,,,437857,new,Výživové doplnky > Bioflavonoidy,,,https://powerlogy.com/,true,14,https://powerlogy.com/o-nakupe/vseobecne-obchodne-podmienky,false,5.00,10,SK,SK,supplement,bioflavonoidy,out-of-stock,multipack,false
437858_3,Wild and Coco Essential Protein 3 x 180 tabletiek,"8 vegan esenciálnych aminokyselín s 99 % využiteľnosťou V holistickom prístupe funkčnej medicíny k nášmu tráveniu, imunite a celkovému mentálnemu aj fyzickému zdraviu hrá ľudský mikrobióm kľúčovú úlohu. Nie nadarmo sa v čínskej medicíne po tisícročia označoval ako druhý mozog. Vybrať však naozaj živé a funkčné probiotiká s prebiotikami, ktoré prispejú k významnej podpore črevnej mikroflóry nie je ľahké. Na trhu nájdete veľa riešení, ktoré môžu krátkodobo pomôcť, ale ich sila nie je dostačujúca na trvalejšie premodelovanie črevnej flóry. Z osobných skúseností môžem smelo odporučiť vybrané produkty Wild & Coco z Českej Republiky. Osobne poznám ich vývojárov, ktorí na trh prinášajú jedny z najkomplexnejších symbiotík. Ich efekt som pocítil už za 3 dni užívania a plne spĺňajú moje 3 silné štandardy: Inovatívnosť – citlivo zvolená zmes probiotických kmeňov, ktoré nevytvárajú histamín a regulujú jeho prirodzenú tvorbu. Synergia a výber funkčných foriem – komplex až 28 špecifických kmeňov baktérií spoločne s prebiotikami pre synergický efekt. Dôvera v pôvod a výrobu – eliminujú chemické spracovanie, sú 100 % bez lepku, mlieka či umelín a nepoužívajú lacné kapsule, ktoré majú nežiadúce vedľajšie účinky na trávenie a náš mikrobióm. – Dušan Plichta, zakladateľ Powerlogy Proteíny sa dajú suplementovať efektívne Čisté esenciálne aminokyseliny farmaceutickej kvality s 99 % biologickou dostupnosťou. Benefity sú jasné: až 7-krát účinnejšie ako bežný práškový proteín dosahujú rýchle výsledky nezaťažujú trávenie a obličky bez prídavných látok S Essential Proteinom podporíte rast a zachovanie svalovej hmoty oveľa lepšie ako s bežnými proteínovými doplnkami. Vďaka čistým aminokyselinám sa vyhnete zbytočným kalóriám a zaťaženiu žalúdka či obličiek. Skutočne výhodné riešenie pre obe strany! Zatiaľ čo bielkoviny sa musia najprv rozložiť na aminokyseliny, aby ich telo mohlo využiť, kryštalické aminokyseliny z Essential Protein sú k dispozícii okamžite. Popis výrobku: 8 esenciálnych aminokyselín s 99 % využiteľnosťou Počet kapsúl: 180 ks Alergény: neobsahuje Vyrobené na: Nemecko",https://powerlogy.com/wild-coco-essential-protein-180-tabletiek/3-pack/,Powerlogy,Powerlogy,https://media.powerlogy.com/1/live/20260910123030/437858-3-pack-v3.webp,in_stock,119.85 EUR,113.95 EUR,,,437858,new,Funkčná výživa > Proteíny > Bezlepkové proteíny,,,https://powerlogy.com/,true,14,https://powerlogy.com/o-nakupe/vseobecne-obchodne-podmienky,true,4.57,7,SK,SK,food,bezlepkové-proteíny,in-stock,multipack,false
439620_3,Nobleza Del Sur Organic Extra Virgin Olive Oil Day 3 x 500 ml,"Extra panenský BIO olivový olej s osviežujúcim ovocným profilom a vysokým obsahom antioxidantov • Neobsahuje alergény • Vhodné pre vegánov a vegetariánov • Vhodné pre histaminikov • Balenie obsahuje cca 50 porcií (1 porcia = 10 ml) • Neobsahuje žiadny cukor Svieži recept na olivový dip so zeleninovými plackami Vyskúšajte, ako dobre chutí náš nový Olivový olej v kombinácii so sviežim jogurtom a bylinkami, ako chutný letný dip. My sme ho pridali k bezlepkovým, zeleninovým plackám, ktoré sú ideálne ako letný obed či zdravá a rýchla večera. Postup: Nahrubo si nastrúhame 2 cukety, 2 mrkvu a 1 zeler. Nastrúhanú zeleninu dochutíme soľou, čiernym korením, bazalkou a kto chce, môže pridať granulovaný cesnak. K mokrej zmesi pridáme 2 celé vajíčka, 60 g pohánkovej múky a 40 g najemno namletých bezlepkových ovsených vločiek. Zmes necháme postáť cca 30 minút, následne opekamé na troške Powerlogy Ghee masla z oboch strán do zlatista. Jogurtovo-olivový dip: 1 biely kvalitný jogurt (prípadne iný obľúbený) si zmiešame so šťavou z 1/2 citróna, nasekanou pažítkou, soľou, čiernym korením a 2 PL nášho nového Olivového oleja . Podávame s plackami a vychutnávame. ? Popis výrobku: BIO Extra panenský olivový olej Dodatočné info: Olivový olej výberovej kategórie, získaný priamo z olív a výlučne mechanickými spôsobmi. Objem: 500 ml Zloženie: Bio extra panenský olivový olej. Alergény: Neobsahuje Krajina pôvodu: Španielsko",https://powerlogy.com/nobleza-del-sur-organic-extra-virgin-olive-oil-day-500ml/3-pack/,Powerlogy,Powerlogy,https://media.powerlogy.com/1/live/20260910123031/439620-3-pack-v3.webp,out_of_stock,71.85 EUR,68.55 EUR,,,439620,new,Zdravé potraviny > Oleje a ghee maslo > Olivové oleje,,,https://powerlogy.com/,true,14,https://powerlogy.com/o-nakupe/vseobecne-obchodne-podmienky,true,5.00,10,SK,SK,food,olivové-oleje,out-of-stock,multipack,false
442588_3,Powerlogy Nougat Cream 3 x 475 g,"Veľké balenie chrumkavého lieskovoorieškového nugátu s kakaom • Bez lepku, mlieka a rafinovaného cukru • Vhodný pre vegetariánov a vegánov • Balenie obsahuje cca 32 porcií (1 porcia = 15 g) • Len 3,5 g cukru na jednu porciu  Popis výrobku: Lieskovoorieškový krém s pravým kakaom. Dodatočné info: Sekané lieskovce vypracované do krému s prídavkom kakaového prášku, kakaovej hmoty a trstinového cukru. Hmotnosť: 475 g Zloženie: BIO lieskové orechy (60 %), BIO trstinový cukor, BIO kakaový prášok, BIO kakaová hmota. Alergény: Orechy Krajina pôvodu: Taliansko",https://powerlogy.com/powerlogy-organic-nougat-cream-475-g/3-pack/,Powerlogy,Powerlogy,https://media.powerlogy.com/1/live/20260910132335/442588-3-pack-v3.webp,in_stock,68.85 EUR,63.55 EUR,,,442588,new,Zdravé potraviny > Orieškové krémy a maslá > Nugátové,,,https://powerlogy.com/,true,14,https://powerlogy.com/o-nakupe/vseobecne-obchodne-podmienky,true,4.65,182,SK,SK,food,nugátové,in-stock,multipack,false
442592_3,Powerlogy Almond Cream 3 x 475 g,"Veľké balenie mandľového krému s olivovým olejom a štipkou soli • Bez lepku, mlieka a pridaného cukru • Vhodné pre vegánov a vegetariánov • Vhodné pre histaminikov • Balenie obsahuje cca 32 porcií (1 porcia = 15 g) • Len 0,4 g cukru na jednu porciu Vianočný recept: Mandľovo-čokoládové millionaire rezy Čo poviete na obzvláštnenie vašich sviatočných stolov rýchlym a nepečeným dezertom, celo-svetovo obľúbeným ako Millionare rezy? Krehké mandľové cesto, domáci „karamel“ z nášho Mandľového krému a chrumkavá vrstva z vysokopercentnej Powerlogy čokolády . Naša verzia je pripravená v zdravšom kabátiku a to BEZ lepku, mlieka, cukru a vhodná aj pre vegánov. Rozvoňajte svoje Vianoce do karamelových tónov a doprajte si sladké sviatky aj BEZ cukru. Postup: V miske si zmiešame sypké suroviny : 1,5 šálky mandľovej múky, 1/3 šálky kokosovej múky, 1 ČL vanilky, 1/4 ČL soli, pridáme 1/3 šálky Powerlogy C8 MCT oleja , 1/2 šálky javorového sirupu a poriadne premiešame. Zmes natlačíme do formy (vystlanej papierom) a dáme stuhnúť do mrazničky. Domáci Powerlogy mandľový karamel: Do menšieho hrnca pridáme 3/4 šálky nášho Mandľového krému , 1/3 šálky C8 MCT oleja, 2 PL kosového mlieka (tuhá časť) a 1/4 šálky javorového sirupu a povaríme na miernom ohni, kým sa ingrediencie nespoja do krému. Stuhnutý sušienkový korpus vyberieme a potrieme vrstvou nášho domáceho karamelu, dáme na chvíľu vytuhnúť. V hrnci si rozpustíme 200g našej Powerlogy čokolády a 1/3 hrnčeka C8 MCToleja a necháme chvíľu vychladnúť, následne ňou potrieme naše rezy, posypeme hrubozrnnou soľou a dáme znovu vytuhnúť (najlepšie cez noc). Krájame na rezy ľubovoľnej veľkosti a podávame. Popis výrobku: Mandľový krém v BIO kvalite s extra panenským olivovým olejom a morskou soľou. Hmotnosť: 475 g Zloženie: BIO mandle 84,8 %, BIO extra panenský olivový olej 15 %, morská soľ 0,2 %. Alergény: Orechy Krajina pôvodu: Španielsko Vyrobené na: Slovensko",https://powerlogy.com/organic-almond-cream/3-pack/,Powerlogy,Powerlogy,https://media.powerlogy.com/1/live/20260910132336/442592-3-pack-v3.webp,out_of_stock,68.85 EUR,63.55 EUR,,,442592,new,Zdravé potraviny > Orieškové krémy a maslá > Mandľové,,,https://powerlogy.com/,true,14,https://powerlogy.com/o-nakupe/vseobecne-obchodne-podmienky,true,4.79,135,SK,SK,food,mandľové,out-of-stock,multipack,false
442598_3,Powerlogy Cashew Cream 3 x 475 g,"Veľké balenie kešu krému s kokosom a štipkou vanilky • Bez lepku, mlieka a pridaného cukru • Prirodzene sladký, vhodný pre vegetariánov a vegánov • Vhodné pre histaminikov • Balenie obsahuje cca 32 porcií (1 porcia = 15 g) • Len 1 g cukru na jednu porciu Banánový chlebík s Kešu krémom Všetci poznáme banánovo-špenátové smoothie, drinky, proteínové nápoje. Čo tak ale túto kombináciu zakomponovať do sladkého, zdravého, raňajkového chlebíku? V tom našom nájdete vo vnútri Powerlogy Kešu krém a vláčnosť vďaka nášmu MCT oleju , vďaka ktorým máte v recepte poctivú dávku kvalitných a prospešných tukov. Postup: Vymixujeme spoločne 60 g bezlepkových, ovsených vločiek na jemnú múku a vložíme do misky. K zmesi prisypeme 60 g kokosovej a 40 g pohánkovej múku, 2 ČL prášku do pečiva a štipku soli. Do mixéru vložíme 3 popučené banány, 3 hrste špenátu, 2 celé vajíčka, 2 poháre rastlinného mlieka a 3 PL Powerlogy Kešu krému a všetko zmixujeme na jemnú hmotu. Túto zmes prelejeme do misky a jemne k nej vmiešame 1 menší pohár MCT oleja . Následne spojíme sypké ingrediencie s mokrými a vytvoríme kompaktnú hmotu. Formu na chlebík (prípadné inú, akú doma máte) vystelieme papierom na pečenie a vylejeme pripravenú hmotu. Chlebík pečieme pri teplote 180°C cca 30-40 minút v závislosti od rúry. Výsledne zdobenie chlebíka je už len na vás. Odporúčame preliať naším Makovo-mandľovým krémom , ktorý v spojení so sladkou chuťou pečených banánov vytvára neodolateľnú kombináciu. Popis výrobku: Kešu krém (""maslo"") s kokosom. Dodatočné info: Sekané kešu vypracované do masla s prídavkom kokosu. Hmotnosť: 475 g Zloženie: BIO kešu 55 %, BIO kokos strúhaný 45 %, BIO vanilka. Alergény: Orechy Krajina pôvodu: Vietnam",https://powerlogy.com/organic-cashew-cream-2/3-pack/,Powerlogy,Powerlogy,https://media.powerlogy.com/1/live/20260910132339/442598-3-pack-v3.webp,in_stock,68.85 EUR,63.55 EUR,,,442598,new,Zdravé potraviny > Orieškové krémy a maslá > Kešu,,,https://powerlogy.com/,true,14,https://powerlogy.com/o-nakupe/vseobecne-obchodne-podmienky,true,4.84,114,SK,SK,food,kešu,in-stock,multipack,false
443877_3,Powerlogy Nougat Cream 3 x 200 g,"Chrumkavý lieskovoorieškový nugát s kakaom • Bez lepku, mlieka a rafinovaného cukru • Vhodný pre vegetariánov a vegánov • Balenie obsahuje cca 22 porcií (1 porcia = 15 g) • Len 3,5 g cukru na jednu porciu Recept : Nadýchaná čoko pena zo 4 surovín Prichádzajúce teplé dni si pýtajú svieže a ľahké recepty. Náš Nugát s poctivou čokoládovou chuťou BEZ rafinovaného cukru už poznáte. Či už si ho radi vychutnávate na lyžicu, do raňajok alebo smoothie, tentokrát vám prinášame recept na nadýchanú čoko penu. Skombinujte 4 základné suroviny, pre extra energiu pridajte lyžicu MCT oleja a rýchly a výživný dezert pre všetkých milovníkov čokolády máte hotový do pár minút. Navyše si túto pochúťku môžu vychutnať ľudia s intoleranciami či už na laktózu, alebo lepok. Postup : Do výkonného mixéra pridáme 1 popučený banán, 2 PL nášho Nugátu , 1 zrelé mäkké avokádo a podľa potreby rastlinný nápoj. Všetko poriadne zmixujeme a pre extra dávku energie vyskúšajte pridať do hotovej zmesi 1 PL nášho čistého MCT oleja , vďaka ktorému spravíte z dezertu zázrak pre vaše telo i mozog. Dobrú chuť. Popis výrobku: Lieskovoorieškový krém s pravým kakaom. Hmotnosť: 200 g Zloženie: BIO lieskové orechy (60%), BIO trstinový cukor, BIO kakaový prášok, BIO kakaová hmota. Alergény: Orechy Krajina pôvodu: Taliansko Vyrobené na: Slovensko",https://powerlogy.com/powerlogy-organic-nougat-cream-200-g/3-pack/,Powerlogy,Powerlogy,https://media.powerlogy.com/1/live/20260910141729/443877-3-pack-v4.webp,out_of_stock,35.85 EUR,32.95 EUR,,,443877,new,Zdravé potraviny > Orieškové krémy a maslá > Nugátové,,,https://powerlogy.com/,true,14,https://powerlogy.com/o-nakupe/vseobecne-obchodne-podmienky,true,4.65,182,SK,SK,food,nugátové,out-of-stock,multipack,false
443882_3,Powerlogy Natural Collagen 3 x 300 g,"100 % čistý, hydrolyzovaný grass fed kolagén z európskeho zdroja • Bez lepku, mlieka a sladidiel • Prirodzene rozpustný hovädzí kolagén s krémovou chuťou • Balenie obsahuje cca 30 porcií (1 porcia = 10 g) • Neobsahuje žiadny cukor ani alergény • Vhodný pre histaminikov* *Histidín, ktorý sa rozkladá na histamín, tvorí len 1 % z celkového obsahu aminokyselín kolagénu, takže vytvára veľmi nízke dávky histamínu. Napriek tomu, pri nízkohistamínovej diéte odporúčame poradiť sa s lekárom ohľadom užívania doplnku.  Popis výrobku: Natural kolagén proteín, typ kolagénu 1 a 3. Hmotnosť: 300 g Zloženie: Hydrolyzovaný hovädzí kolagén peptid. Alergény: neobsahuje Krajina pôvodu: Francúzsko Vyrobené na: Slovensko",https://powerlogy.com/powerlogy-collagen-300-g/3-pack/,Powerlogy,Powerlogy,https://media.powerlogy.com/1/live/20260910123032/443882-3-pack-v3.webp,in_stock,83.85 EUR,54.95 EUR,,,443882,new,Funkčná výživa > Kolagény > Kolagény na kosti a kĺby > Hovädzie kolagény na kĺby,,,https://powerlogy.com/,true,14,https://powerlogy.com/o-nakupe/vseobecne-obchodne-podmienky,false,4.65,584,SK,SK,supplement,hovädzie-kolagény-na-kĺby,in-stock,multipack,false
445601_3,NoordCode Pure MCT Creamer 3 x 250 g,"Krémový MCT prášok z kokosu Aké sú hlavné benefity MCT prášku v doplnku Pure MCT Creamer? Zdroj rýchlej energie z C8 MCT tukov. Priama podpora spaľovania tukov bez záťaže trávenia. Mierne sladká kokosová chuť zo sušeného kokosového mlieka. Praktické využitie, vhodný na cestovanie. Vhodný do nápojov, smoothies, jogurtov či rannej misky granoly . MCT (triglyceridy so stredne dlhým reťazcom) sú tuky s relatívne krátkymi väzbami. Vďaka tomu sa spracovanie MCT v tele líši od spracovania iných tukov. MCT s obsahom mastných kyselín C8 a C10 sa rýchlo trávia a premieňajú na energiu. Kyseliny C8 a C10 sú totiž najľahšie stráviteľné tuky. Ide o jedinečný zdroj energie. MCT tuky sa rýchlo vstrebávajú a premieňajú na ketóny. Vďaka nim získate dlhotrvajúcu stabilnú energiu, ktorú vám cukor neposkytne. Zaradenie Pure MCT Creameru do jedálnička vám dodá energiu, pomôže s manažovaním telesnej hmotnosti a posilní váš výkon. Čisté zloženie a lahodná chuť NoordCode Pure MCT Creamer má čisté zloženie. Obsahuje iba 3 skvelé ingrediencie: C8 MCT tuky z udržateľne pestovaných kokosových orechov – zdroj rýchlej energie. Akáciu – zdroj prebiotickej vlákniny, ktorá vyživuje črevné baktérie. Sušené kokosové mlieko – dodáva prášku lahodnú krémovosť. Ak ste doteraz nepoužívali MCT prášok alebo MCT olej , začnite postupne. Príliš veľká porcia MCT, a to najmä ak na ňu vaše telo nie je zvyknuté, môže spôsobiť črevné ťažkosti. Práve MCT prášok je pre niektorých príjemnejší a šetrnejší pre ich tráviacu sústavu než MCT olej. Pure MCT Creamer je teda dobrou štartovacou voľbou. Vďaka prášku dokážete skonzumovať väčšiu dávku MCT tukov ako s MCT olejom. Naopak, výhodou MCT oleja je jeho tekutá konzistencia, čo môže niektorým ľuďom vyhovovať (použiteľný pri varení či ako dochutenie šalátu). Popis výrobku: Krémový MCT prášok z kokosu Hmotnosť: 250 g Zloženie: MCT olej v prášku vyrobený zo 70 % MCT oleja (triglyceridy so stredne dlhým reťazcom z kokosu a 30 % akáciových vlákien), sušené kokosové mlieko. Alergény: neobsahuje Krajina pôvodu: Holandsko",https://powerlogy.com/noordcode-pure-mct-creamer-250-g/3-pack/,NoordCode,Powerlogy,https://media.powerlogy.com/1/live/20260910123033/445601-3-pack-v3.webp,in_stock,71.85 EUR,68.55 EUR,,,445601,new,Funkčná výživa > MCT olej > Čisté C8 MCT oleje,,,https://powerlogy.com/,true,14,https://powerlogy.com/o-nakupe/vseobecne-obchodne-podmienky,true,5.00,9,SK,SK,food,čisté-c8-mct-oleje,in-stock,multipack,false
445602_3,NoordCode Mag Six 3 x 60 kapsúl,"Denná dávka magnézia s vitamínom B6 Aké sú hlavné benefity magnézia a vitamínu B6 v doplnku Mag Six? 6 biologicky dostupných foriem magnézia. Lepšie vstrebávanie a vyšší účinok benefitov vďaka synergii horčíka a vitamínu B6. Podpora fyzickej aj duševnej výkonnosti. 100 mg horčíka v jednej kapsule (26 % RI) Magnézium je jeden z najdôležitejších prvkov v našom tele. Zúčastňuje sa vyše 300 biochemických reakcií. Je nevyhnutný pre správnu funkciu svalov a prenos nervových vzruchov. Horčík si nedokážeme vytvoriť sami a je potrebné ho prijať zvonku. Vitamín B6 znižuje mieru únavy a je dôležitý pre tvorbu červených krviniek aj protilátok. Tento vitamín zároveň zvyšuje absorpciu horčíka a schopnosť jeho prieniku do buniek. Horčík Prispieva k udržaniu normálneho stavu kostí a zubov. Prispieva k normálnej činnosti svalov. Prispieva k elektrolytickej rovnováhe. Prispieva k normálnej syntéze bielkovín. Podieľa sa na procese delenia buniek. Vitamín B6 Prispieva k normálnemu metabolizmu homocysteínu. Prispieva k normálnemu metabolizmu bielkovín a glykogénu. Prispieva k normálnej tvorbe červených krviniek. Prispieva k regulácii hormonálnej aktivity. Význam rôznych zdrojov magnézia Formy horčíka v doplnkoch stravy sa môžu výrazne líšiť. Neorganické formy horčíka sú menej rozpustné vo vode, a preto sú menej biologicky dostupné. Napríklad široko používaný, lacný oxid horečnatý sa používa nielen ako výživový doplnok, ale aj ako preháňadlo či plnidlo. Na druhej strane organické zlúčeniny (minerály a vitamíny spojené s aminokyselinami) sa najlepšie vstrebávajú vďaka ich dobrej rozpustnosti vo vode. NoordCode Mag Six obsahuje 6 foriem horčíka, z ktorých má každá svoje výhody. Všetky formy boli vybrané pre ich dobrú biologickú dostupnosť: Citrát horečnatý – vysokovstrebateľná forma používaná v doplnkoch stravy. Malát horečnatý – účinne podporuje pocit väčšieho množstva energie. Taurát horečnatý – poskytuje ďalšie výhody aminokyseliny taurátu. Bisglycinát horečnatý – vstrebáva sa inou cestou ako ostatné formy horčíka. Glycerofosforečnan horečnatý – vysokovstrebateľný horčík. Hydroxid horečnatý – prírodná zlúčenina horčíka z morskej vody so stopovými minerálmi. Počet kapsúl: 60 ks",https://powerlogy.com/noordcode-mag-six-60-kapsul/3-pack/,NoordCode,Powerlogy,https://media.powerlogy.com/1/live/20260910123037/445602-3-pack-v3.webp,in_stock,74.85 EUR,70.95 EUR,,,445602,new,Výživové doplnky > Horčík > Horčík pre deti,,,https://powerlogy.com/,true,14,https://powerlogy.com/o-nakupe/vseobecne-obchodne-podmienky,false,5.00,7,SK,SK,supplement,horčík-pre-deti,in-stock,multipack,false
446240_3,NoordCode Everyday Essentials Multivitamin 3 x 60 kapsúl,"Komplexný multivitamín na každý deň Aké sú hlavné benefity multivitamínu v doplnku Everyday Essentials? 45 vitamínov, minerálov, bylín, aminokyselín a ďalších užitočných látok (resveratrol či koenzým Q10). V účinnej a dostupnej forme. Základná podpora na každý deň. Viac energie, kognitívna sviežosť a silný imunitný systém. Kvalitná regenerácia, zdravá pokožka, vlasy a nechty. Všetky multivitamínové doplnky majú rovnaký cieľ: doplniť vitamíny a minerály, ktoré nejeme každý deň. Konzumácia pestrej, čerstvej a zdravej stravy je, samozrejme, cieľom každého z nás. Lenže je ťažké ju skutočne dosiahnuť. Multivitamín vám dáva istotu, že máte dobrý denný príjem živín. Stratégia zdravého a pomalého starnutia (anti-ageing) sa začína každodennou starostlivosťou – napĺňaním základných potrieb nášho tela. Zdravá strava a kvalitný multivitamín pokrývajú tieto výživové nároky. Vďaka správnej výžive sú ďalšie kroky proti starnutiu ešte účinnejšie. Everyday Essentials Multivitamin je viac ako len denná odporúčaná dávka vitamínov a minerálov. Forma, dávkovanie a balenie vitamínov odlišuje kvalitné doplnky od tých bežných. Everyday Essentials patrí medzi multivitamíny najvyššej kvality. 45 vitamínov, minerálov, antioxidantov a aminokyselín Vitamíny a minerály si kupujeme kvôli ich funkciám v tele. Naše telo však musí živiny najprv vstrebať až potom ich využiť, kde je potrebné. A keďže forma živín zásadne mení vstrebateľnosť, je lepšie užívať správne množstvo v aktívnej forme než priveľa doplnkov, ktoré nerobia skoro nič. Everyday Essentials Multivitamin obsahuje tie najaktívnejšie vitamínov a minerálov. Efektívne sa vstrebávajú a plnia svoju úlohu. A nezastavili sme sa len pri tom. Individuálne rozdiely každého z nás spôsobujú, že niektoré formy vitamínov nie sú pre každého účinné. Preto Everyday Essentials Multivitamin obsahuje aj viac zdrojov rovnakých vitamínov či minerálov. A vždy obsahuje hlavne takú formu živiny, ktorá funguje pre každého. Dávky živín boli zvolené na základe moderných stravovacích návykov a vedeckého výskumu. S týmto doplnkom získate látky, ktorých práve v súčasnosti jeme menej. Okrem vitamínov a minerálov obsahuje aj ďalšie zložky, ktoré sú podľa výskumov zaujímavé pre naše zdravie. Svojím dielom prispievajú bylinky, aminokyseliny či polyfenoly. Napríklad resveratrol, kurkuma, PQQ a koenzým Q10.",https://powerlogy.com/noordcode-master-formula-multivitamin-60-kapsul/3-pack/,NoordCode,Powerlogy,https://media.powerlogy.com/1/live/20260910123038/446240-3-pack-v3.webp,in_stock,95.85 EUR,90.95 EUR,,,446240,new,Výživové doplnky > Vitamín B > Vitamín B - komplex,,,https://powerlogy.com/,true,14,https://powerlogy.com/o-nakupe/vseobecne-obchodne-podmienky,false,3.83,6,SK,SK,supplement,vitamín-b---komplex,in-stock,multipack,false
447973_3,Wild and Coco Superhuman Symbiotics 2.0 3 x 30 kapsúl,"30 miliárd probiotických baktérií v jednej kapsuli V holistickom prístupe funkčnej medicíny k nášmu tráveniu, imunite a celkovému mentálnemu aj fyzickému zdraviu hrá ľudský mikrobióm kľúčovú úlohu. Nie nadarmo sa v čínskej medicíne po tisícročia označoval ako druhý mozog. Vybrať však naozaj živé a funkčné probiotiká s prebiotikami, ktoré prispejú k významnej podpore črevnej mikroflóry nie je ľahké. Na trhu nájdete veľa riešení, ktoré môžu krátkodobo pomôcť, ale ich sila nie je dostačujúca na trvalejšie premodelovanie črevnej flóry. Z osobných skúseností môžem smelo odporučiť vybrané produkty Wild & Coco z Českej Republiky. Osobne poznám ich vývojárov, ktorí na trh prinášajú jedny z najkomplexnejších symbiotík. Ich efekt som pocítil už za 3 dni užívania a plne spĺňajú moje 3 silné štandardy: Inovatívnosť – citlivo zvolená zmes probiotických kmeňov, ktoré nevytvárajú histamín a regulujú jeho prirodzenú tvorbu. Synergia a výber funkčných foriem – komplex až 28 špecifických kmeňov baktérií spoločne s prebiotikami pre synergický efekt. Dôvera v pôvod a výrobu – eliminujú chemické spracovanie, sú 100 % bez lepku, mlieka či umelín a nepoužívajú lacné kapsule, ktoré majú nežiadúce vedľajšie účinky na trávenie a náš mikrobióm. – Dušan Plichta, zakladateľ Powerlogy V čom sú probiotiká Superhuman iné? Probiotiká Superhuman prinášajú do vašich čriev pokoj a zdravie. Obsahujú 28 bakteriálnych kmeňov, ktoré rady osídľujú ľudské črevá. Svojou činnosťou v črevách podporujú odolnosť, črevnú stenu, celkové fungovanie mikrobiómu a dokonca vytvárajú hormóny radosti. Pred rokmi, pri študovaní mikrobiómu fyzicky a psychicky zdravého človeka, vedci identifikovali jeho hlavné probiotické baktérie. Po niekoľkých rokoch množenia z nich vznikla synergická, teda vzájomne sa podporujúca a vysoko účinná zmes probiotík. Baktérie sú živené ich obľúbenou vlákninou z topinamburu. Tak vďaka svojej odolnosti voči nízkemu pH v žalúdku baktérie do čriev doputujú živé, aktívne a funkčné. Zdravý mikrobióm zaisťuje: vstrebávanie živín z potravy odolnosť voči infekciám emočnú stabilitu a radosť tvorbu tepla zníženie stresu Popis výrobku: Prémiové probiotiká, 30 miliárd prospešných baktérií v jednej kapsuli Počet kapsúl: 30 ks Alergény: neobsahuje Vyrobené na: Česká republika",https://powerlogy.com/wild-and-coco-superhuman-probiotics-30-kapsul/3-pack/,Powerlogy,Powerlogy,https://media.powerlogy.com/1/live/20260910123039/447973-3-pack-v3.webp,in_stock,119.85 EUR,113.95 EUR,,,447973,new,Výživové doplnky > Probiotiká,,,https://powerlogy.com/,true,14,https://powerlogy.com/o-nakupe/vseobecne-obchodne-podmienky,false,4.67,9,SK,SK,supplement,probiotiká,in-stock,multipack,false
448532_3,Powerlogy Upgraded Sport Protein 3 x 500 g,"Hovädzí proteín s kolagénom, MCT tukmi a Palatinose®, príchuť kakao • Bez lepku, mlieka a rafinovaného cukru • Ideálny pre aktívnych ľudí a športovcov • Balenie obsahuje cca 10 porcií (1 porcia = 30 g) • 15 g bielkovín na jednu porciu Vlastnosti, vďaka ktorým sa na náš špeciálny proteín môžete spoľahnúť: Spojenie skvelej chuti a funkčného zloženia bez lepku, mlieka, umelých sladidiel a cukru. Vysoký obsah aminokyselín vďaka hydrolyzovanému hovädziemu proteínu s kolagénom. 2 zdroje energie vo forme polysacharidu Palatinose® a MCT tukov. Extra obsah horčíka a draslíka. Prirodzená rozpustnosť v teplých i studených nápojoch. Prírodná chuť pravého kakaa a stévie. Popis výrobku: Bielkovinový prášok z hydrolyzovaného hovädzieho proteínu, s kolagénom, MCT tukmi a kakaom. Hmotnosť: 300 g Zloženie: hovädzí proteín Hydrobeef®, palatinóza, MCT tuky bez laktózy, odtučnený kakaový prášok, citrát malát horečnatý, glukonát draselný, čokoládová aróma, sladidlo: glykozidy steviolu zo stévie. Alergény: Môže obsahovať stopy oxidu siričitého Vyrobené na: Slovensko",https://powerlogy.com/powerlogy-upgraded-sport-protein-500-g/3-pack/,Powerlogy,Powerlogy,https://media.powerlogy.com/1/live/20260910123040/448532-3-pack-v3.webp,in_stock,89.85 EUR,82.55 EUR,,,448532,new,Funkčná výživa > Proteíny > Bezlepkové proteíny,,,https://powerlogy.com/,true,14,https://powerlogy.com/o-nakupe/vseobecne-obchodne-podmienky,true,4.81,62,SK,SK,food,bezlepkové-proteíny,in-stock,multipack,false
448534_3,Powerlogy Organic Whey Protein 3 x 650 g,"100 % čistý BIO srvátkový proteín v grass fed kvalite Recept: Proteínové smoothie z kokosového mlieka Chladnejšie jesenné dni sú pre náš organizmus náročnejšie, preto je dôležité vyživovať svoje telo zdravými a chutnými jedlami. Či už aktívne športujete, alebo máte náročné pracovné dni, vyskúšajte náš raňajkový, kokosový nápoj z Whey proteínu so sezónnymi jablkami a voňavou škoricou. Práve vďaka odmerke nášho čistého Proteínu dodáte telu zdravú energiu a dostatok bielkovín, navyše je lahodne krémový a z obyčajného smoothie tak máte naozaj smotanový zážitok so sezónnou vôňou protizápalovej škorice a jabĺk. Postup: 200 ml kokosového, prípadné iného rastlinného alebo kravského mlieka nalejeme do mixéra. Pridáme 1/2 ČL škorice, 2 PL domáceho jabĺkového pyré a 1 odmerku nášho Whey proteínu . Môžeme dochutiť vanilkou, alebo medom či iným sladidlom podľa chuti, my sme zvolili veriu bez cukru. Shake vymixujeme a nalejeme do vysokých pohárov. Dobrú chuť. Vlastnosti, vďaka ktorým sa na náš BIO srvátkový proteín môžete spoľahnúť: Spojenie skvelej chuti a funkčného zloženia bez lepku, umelých sladidiel a cukru. Prémiová nemecká kvalita mlieka z álp. Ľahká stráviteľnosť a rýchla vstrebateľnosť živočíšnych bielkovín. Prirodzená rozpustnosť v teplých i studených nápojoch. Prírodná krémová chuť bez horkosti. V Powerlogy robíme maximum pre vývoj inovatívnych potravín, ktoré v sebe spájajú úžasnú chuť a funkčné benefity. Cieľom je podpora nadpriemerného fyzického aj mentálneho výkonu. Veríme, že kvalitné jedlo mení myslenie. Preto naše produkty spracovávame len minimálne a zachovávame ich vysokú výživovú hodnotu. V Powerlogy je našou vášňou progresívna a efektívna životospráva, ktorá však musí chutiť. Popis výrobku: Organický filtrovaný srvátkový proteín Hmotnosť: 650 g Zloženie: 100% organická srvátková bielkovina (proteínový koncentrát 80%) z certifikovaného ekologického poľnohospodárstva. Alergény: Obsahuje laktózu, môže obsahovať orechy. Vyrobené na: Slovensko",https://powerlogy.com/powerlogy-organic-whey-protein-650-g/3-pack/,Powerlogy,Powerlogy,https://media.powerlogy.com/1/live/20260910123041/448534-3-pack-v3.webp,in_stock,119.85 EUR,110.55 EUR,,,448534,new,Funkčná výživa > Proteíny > Srvátkové proteíny > Srvátkové proteíny na chudnutie,,,https://powerlogy.com/,true,14,https://powerlogy.com/o-nakupe/vseobecne-obchodne-podmienky,true,4.80,45,SK,SK,food,srvátkové-proteíny-na-chudnutie,in-stock,multipack,false
450407_6,Powerlogy High Protein Bar 6 x 50 g,"Proteínová tyčinka zo srvátkového proteínu a kolagénu Vlastnosti, vďaka ktorým sa na našu proteínovú tyčinku môžete spoľahnúť: Vysoký obsah (až 32 %) ľahko stráviteľného mliečneho proteínu. Vysoký obsah prírodnej vlákniny z čakanky, orieškov a kakaa. Nízky obsah cukru a nízky glykemický index. Lahodná chuť prémiového Fino de Aroma kakaa, orieškového kešu masla a jogurtovej polevy. Príjemná textúra bez sypkej konzistencie a gumeného pocitu v ústach. Neobsahuje lepok, sóju ani umelé sladidlá ako maltitol či asparatam. V Powerlogy robíme maximum pre vývoj inovatívnych funkčných potravín, ktoré v sebe spájajú silu čistej chuti a funkčnosti. Cieľom je podpora nadpriemerného fyzického i mentálneho výkonu a kultivácia našej sily. Veríme, že kvalitné jedlo mení myslenie. Preto naše produkty spracovávame len minimálne a zachovávame tak ich vysokú výživovú hodnotu. V Powerlogy je našou vášňou progresívna a efektívna životospráva, ktorá však musí chutiť. V čom je Powerlogy proteínová tyčinka iná? Prinášame nové riešenie rýchleho zdroja bielkovín v podobe snacku. Spájame kvalitné, funkčné zloženie so skvelou chuťou. Túto tyčinku tvoríme pre udržateľnú životosprávu aktívneho človeka, ktorému záleži na zdraví. Proteínové tyčinky sú populárnym zdrojom bielkovín a energie, dokonca zdravších sladkostí na cesty. Žiaľ, väčšina produktov na trhu nespĺňa štandardy kvalitného zloženia alebo lahodnej chuti, a tak nám neprinášajú svoj 100 % potenciál. Často sú plné sóje, nekvalitného proteínu a umelých sladidiel. Vo výsledku majú presladenú, umelú chuť a gumovú alebo sypkú konzistenciu. Taká tyčinka sa ťažko konzumuje s pôžitkom… Preto vám prinášame tyčinku s vyladenou konzistenciou, bez pocitu lepkavosti v ústach. Popis výrobku: Bielkovinová tyčinka s kakaom a MCT tukmi v poleve s jogurtovou príchuťou Hmotnosť: 50 g Zloženie: Mliečny bielkovinový koncentrát 22 %, poleva s jogurtovou príchuťou 18 % (cukor, kokosový tuk, repkový olej, sušená srvátka, jogurtový prášok, regulátor kyslosti: kyselina citrónová; emulgátor: slnečnicový lecitín; aróma), hydrolyzované kolagénové peptidy 13 %, pasta z kešu orieškov a kokosu 12 % (p Alergény: Mlieko, orechy (kešu a mandle) Vyrobené na: Slovensko",https://powerlogy.com/powerlogy-high-protein-bar-50-g/6-pack/,Powerlogy,Powerlogy,https://media.powerlogy.com/1/live/20260910124753/450407-6-pack-w.webp,in_stock,15.90 EUR,13.55 EUR,,,450407,new,Funkčná výživa > Proteíny > Bezlepkové proteíny,,,https://powerlogy.com/,true,14,https://powerlogy.com/o-nakupe/vseobecne-obchodne-podmienky,true,4.85,115,SK,SK,food,bezlepkové-proteíny,in-stock,multipack,false
450408_6,Powerlogy Collagen Protein Bar 6 x 50 g,"Proteínová tyčinka s kolagénom Vlastnosti, vďaka ktorým sa na našu kolagénovú tyčinku môžete spoľahnúť: Vysoký obsah (až 20 %) hydrolyzovaného hovädzieho kolagénu. Extra vysoký obsah vlákniny (8 g v jednej tyčinke). Nízky obsah cukru a nízky glykemický index. Lahodná chuť cejlónskej škorice, mandlí a kokosu. Príjemná textúra bez sypkej konzistencie a gumeného pocitu v ústach. Neobsahuje lepok, mlieko, sóju ani umelé sladidlá ako maltitol či asparatam. V Powerlogy robíme maximum pre vývoj inovatívnych funkčných potravín, ktoré v sebe spájajú silu čistej chuti a funkčnosti. Cieľom je podpora nadpriemerného fyzického i mentálneho výkonu a kultivácia našej sily. Veríme, že kvalitné jedlo mení myslenie. Preto naše produkty spracovávame len minimálne a zachovávame tak ich vysokú výživovú hodnotu. V Powerlogy je našou vášňou progresívna a efektívna životospráva, ktorá však musí chutiť. V čom je Powerlogy kolagénová tyčinka iná? Prinášame nové riešenie rýchleho zdroja bielkovín, špeciálne kolagénu, v podobe snacku. Spájame kvalitné, funkčné zloženie so skvelou chuťou. Túto tyčinku tvoríme pre udržateľnú životosprávu aktívneho človeka, ktorému záleží na zdraví. Proteínové tyčinky sú populárnym zdrojom bielkovín a energie, dokonca zdravších sladkostí na cesty. Žiaľ, väčšina produktov na trhu nespĺňa štandardy kvalitného zloženia alebo lahodnej chuti, a tak nám neprinášajú svoj 100 % potenciál. Často sú plné sóje, nekvalitného proteínu a umelých sladidiel. Vo výsledku majú presladenú, umelú chuť a gumovú alebo sypkú konzistenciu. Taká tyčinka sa ťažko konzumuje s pôžitkom… Preto vám prinášame tyčinku s vyladenou konzistenciou, bez pocitu lepkavosti v ústach. Popis výrobku: Bielkovinová tyčinka s mandľami, kokosom a škoricou Hmotnosť: 50 g Zloženie: Hydrolyzované kolagénové peptidy 20%, vláknina z čakanky, drvené mandle 14%, kokosový prášok 11%, ryžová bielkovina 10%, zvlhčovadlo: glycerol; strúhaný kokos 7,1%, pasta z pražených kešu orieškov 6,3%, kakaové maslo, voda, mletá cejlónska škorica 0,7%, prírodné arómy, emulgátor: slnečnicový lecitín Alergény: Orechy (kešu a mandle) Vyrobené na: Slovensko",https://powerlogy.com/powerlogy-collagen-protein-bar-50-g/6-pack/,Powerlogy,Powerlogy,https://media.powerlogy.com/1/live/20260910124754/450408-6-pack-w.webp,in_stock,15.90 EUR,14.55 EUR,,,450408,new,Funkčná výživa > Proteínové tyčinky > Bezlepkové müsli tyčinky,,,https://powerlogy.com/,true,14,https://powerlogy.com/o-nakupe/vseobecne-obchodne-podmienky,true,4.60,117,SK,SK,food,bezlepkové-müsli-tyčinky,in-stock,multipack,false
450860_3,Powerlogy Natural Collagen 3 x 200 g,"100 % čistý, hydrolyzovaný grass fed kolagén v tubuse • Bez lepku, mlieka a sladidiel • Prirodzene rozpustný hovädzí kolagén s krémovou chuťou • Balenie obsahuje cca 30 porcií (1 porcia = 10 g) • Neobsahuje žiadny cukor ani alergény • Vhodný pre histaminikov* *Histidín, ktorý sa rozkladá na histamín, tvorí len 1 % z celkového obsahu aminokyselín kolagénu, takže vytvára veľmi nízke dávky histamínu. Napriek tomu, pri nízkohistamínovej diéte odporúčame poradiť sa s lekárom ohľadom užívania doplnku.  Popis výrobku: Natural kolagén proteín. Dodatočné info: Typ kolagénu 1 a 3. Hmotnosť: 200 g Zloženie: Hydrolyzovaný hovädzí kolagén peptid. Alergény: Neobsahuje Krajina pôvodu: Francúzsko",https://powerlogy.com/powerlogy-collagen-200-g/3-pack/,Powerlogy,Powerlogy,https://media.powerlogy.com/1/live/20260910132342/450860-3-pack-v3.webp,in_stock,65.85 EUR,60.55 EUR,,,450860,new,Funkčná výživa > Kolagény > Kolagény na kosti a kĺby > Hovädzie kolagény na kĺby,,,https://powerlogy.com/,true,14,https://powerlogy.com/o-nakupe/vseobecne-obchodne-podmienky,false,4.65,584,SK,SK,supplement,hovädzie-kolagény-na-kĺby,in-stock,multipack,false
451223_3,Kaapa Organic Mushrooms Reishi 3 x 30 ml,"Duálne extrahovaný BIO výťažok z huby Reishi, bez lepku a prísad Vlastnosti, vďaka ktorým sa môžete na tinktúru z huby Reishi spoľahnúť: Silná, duálne extrahovaná tinktúra. Čistý výťažok z plodnice húb Reishi s vysokou koncentráciou bioaktívnych látok. Užívanie možné kedykoľvek a akokoľvek pridaním do čaju, kávy, smoothie alebo jedla či kvapnutím pod jazyk. Vynikajúca biologická dostupnosť. Bez lepku, mlieka, pridaného škrobu a umelín. Vhodný pre vegánov. Čo je duálna extrakcia? Je to proces, ktorým sa získavajú z húb kľúčové živiny. Sušené plodnice sú podrobené dvojnásobnej extrakcii – horúcou vodou a alkoholom v pomere 1:5. Alkohol sa využíva na uvoľnenie látok, ktoré sú vo vode nerozpustné. Vďaka tomu je tinktúra tak bohatá na účinné látky. Samotný produkt je vyrábaný z plodníc, nie z mycélia (podhubie). Všetky prospešné látky sa totiž nachádzajú v tejto časti huby, ktorá rastie nad povrchom. Niektorí výrobcovia používajú mycélium vypestované v laboratóriách a ich výrobky preto môžu postrádať niektoré účinné látky. Čo je Reishi? Huba Reishi (Ganoderma lucidum) sa v Ázii tradične používa už tisíce rokov. Rastie na kmeňoch a pňoch listnatých stromov a označuje sa ako „božská huba nesmrteľnosti“ – nielen u nás. Patrí medzi najznámejšie a najcenenejšie huby ázijskej tradície. Obsahuje celý rad polysacharidov, najmä beta-glukánov , a tiež triterpény. Obsah Reishi: 161 mg (v 2 ml) Objem: 30 ml Zloženie: výťažok z huby Reishi* (Ganoderma lucidum), alkohol* (25% výťažok), voda. *organická kvalita Alergény: Neobsahuje Vyrobené v: Fínsko",https://powerlogy.com/kaapa-mushrooms-reishi-30-ml/3-pack/,Kaapa,Powerlogy,https://media.powerlogy.com/1/live/20260910123043/451223-3-pack-v3.webp,out_of_stock,83.85 EUR,79.55 EUR,,,451223,new,Výživové doplnky > Vegánske vitamíny a doplnky stravy,,,https://powerlogy.com/,true,14,https://powerlogy.com/o-nakupe/vseobecne-obchodne-podmienky,false,5.00,2,SK,SK,supplement,vegánske-vitamíny-a-doplnky-stravy,out-of-stock,multipack,false
451226_3,Kaapa Organic Mushrooms Shiitake 3 x 30 ml,"Duálne extrahovaný BIO výťažok z huby Shiitake, bez lepku a prísad Vlastnosti, vďaka ktorým sa môžete na tinktúru z huby Shiitake spoľahnúť: Silná, duálne extrahovaná tinktúra. Čistý výťažok z plodnice húb Shiitake s vysokou koncentráciou bioaktívnych látok. Užívanie možné kedykoľvek a akokoľvek pridaním do čaju, kávy, smoothie alebo jedla či kvapnutím pod jazyk. Vynikajúca biologická dostupnosť. Bez lepku, mlieka, pridaného škrobu a umelín. Vhodný pre vegánov. Čo je duálna extrakcia? Je to proces, ktorým sa získavajú z húb kľúčové živiny. Sušené plodnice sú podrobené dvojnásobnej extrakcii – horúcou vodou a alkoholom v pomere 1:5. Alkohol sa využíva na uvoľnenie látok, ktoré sú vo vode nerozpustné. Vďaka tomu je tinktúra tak bohatá na účinné látky. Samotný produkt je vyrábaný z plodníc, nie z mycélia (podhubie). Všetky prospešné látky sa totiž nachádzajú v tejto časti huby, ktorá rastie nad povrchom. Niektorí výrobcovia používajú mycélium vypestované v laboratóriách a ich výrobky preto môžu postrádať niektoré účinné látky. Čo je Shiitake? V preklade Húževnatec jedlý je pôvodom z Východnej Ázie. V Japonsku je tradične označovaný ako elixír života . Huba prirodzene obsahuje vitamíny D, B2 a B6, lentinan, eritadenín, množstvo polysacharidov (najmä beta-glukánov) a kyselinu linolovú. Huby Shiitake v tomto doplnku pochádzajú zo zodpovedne obhospodarovaných lesov v Laponsku (Fínsko). Huba použitá na prípravu tejto tinktúry rastie vo voľnej prírode za polárnym kruhom. Zbiera sa zodpovedne, s rešpektom k rovnováhe lesného ekosystému. Tinktúru Shiitake môžete užívať po celý rok, obľúbená je najmä v zimných mesiacoch. Obsah Shiitake: 517 mg (v 2 ml) Objem: 30 ml Zloženie: Výťažok zo shiitake* (Lentinula edodes), alkohol* (25% výťažok), voda. *organický Alergény: Neobsahuje Vyrobené v: Fínsko",https://powerlogy.com/kaapa-mushrooms-shiitake-30-ml/3-pack/,Kaapa,Powerlogy,https://media.powerlogy.com/1/live/20260910123048/451226-3-pack-v3.webp,in_stock,68.85 EUR,65.55 EUR,,,451226,new,Výživové doplnky > Vegánske vitamíny a doplnky stravy,,,https://powerlogy.com/,true,14,https://powerlogy.com/o-nakupe/vseobecne-obchodne-podmienky,false,,,SK,SK,supplement,vegánske-vitamíny-a-doplnky-stravy,in-stock,multipack,false
451227_3,Powerlogy Ceremonial Cacao 3 x 300 g,"Ceremoniálne kakao z Fino de Aroma bôbov s bohatou chuťou a vysokým obsahom kakaového masla Recept: Horúce a krémové raňajkové kakao s MCT olejom Naša káva s maslom a MCT olejom si získala množstvo priaznivcov, hlavne kvôli čistej energii, ktorou telo zásobíme aby správne fungovalo po celý deň. No pre tých z vás, ktorí kávu nepijú, alebo až neskôr počas dňa, máme lahodnú a sladkú alternatívu: ceremoniálne kakao s MCT olejom ako horúci raňajkový nápoj, plný energie pre telo a mozog. V našom recepte nenájdete rafinovaný cukor, umelé sladidlá a môžu si ho vychutnať vegáni, ľudia s bezlepkovou či bezlaktózovou stravou. Postup: Do menšej misky pridáme peniažky Powerlogy kakaa , 1 PL MCT C8 oleja , trochu teplého rastlinného mlieka a miešaním rozpustíme, prípadne dáme na chvíľu ohriať. Vo vyššom pohári vyšľaháme jemne teplé rastlinné mlieko a do napeneného vlejeme našu pripravenú kakaovú zmes. Všetko spolu jemne premiešame a pre sladšiu chuť môžete pridať javorový sirup alebo med. Recept: Kakaové guľky BEZ cukru Kakao s naším MCT olejom ako horúci štart do dňa už poznáte, čo tak vyskúšať rýchly a zdravý dezert? Pripravte si naše kakaové guľky z 5 surovín podporujúce imunitu, ktoré neobsahujú cukor, mlieko ani lepok a dokonca majú vysoký podiel bielkovín z nášho čistého proteínu s BIO kakaom . Power guľky z nášho kvalitného ceremoniálneho Kakaa sú skvelé ako snack plný čistej energie pre telo i mozog, takže po ich zjedení nepocítite únavu, naopak vás povzbudia na zvládnutie únavného popoludnia. Postup: 5 peniažkov kakaa rozpustíme miešaním spolu s 1 PL MCT C8 oleja v malom množstve horúcej vody. Ku kakaovej zmesy pridáme 1 odmerku Superior proteínu , 3 PL mandľového krému a 1 ČL nášho Kurkumového korenia , podľa potreby ovsenú bezlepkovú múku (vymixované ovsené vločky na jemno). Hmotu v rukách poriadne premiesime a v prípade potreby dolejeme rastlinný nápoj, alebo pridáme viac múky, tak aby sme získali hutnú konzistenciu. Tvarujeme menšie guľky, ktoré obaľujeme v rozpustenom Powerlogy Kakau , ktoré na guľkách príjemne zatuhne a chutne ich obalí. Popis výrobku: Kakao z jemne pražených BIO kakaových bôbov z Peru Hmotnosť: 300 g Zloženie: 100 % BIO kakaové bôby Alergény: Neobsahuje Krajina pôvodu: Peru Vyrobené na: Slovensko",https://powerlogy.com/powerlogy-organic-ceremonial-cacao-300-g/3-pack/,Powerlogy,Powerlogy,https://media.powerlogy.com/1/live/20260910123049/451227-3-pack-v3.webp,in_stock,59.85 EUR,54.95 EUR,,,451227,new,Zdravé potraviny > Káva a kakao > Kakao > Ceremoniálne kakao,,,https://powerlogy.com/,true,14,https://powerlogy.com/o-nakupe/vseobecne-obchodne-podmienky,true,4.93,97,SK,SK,food,ceremoniálne-kakao,in-stock,multipack,false
464116_3,Powerlogy Mak a Mandle Krém 3 x 475 g,"Veľké balenie sladkého, makovo-orieškového krému so štipkou soli • Bez lepku, mlieka a rafinovaného cukru • Vhodný pre vegetariánov a vegánov • Vhodné pre histaminikov • Balenie obsahuje cca 32 porcií (1 porcia = 15 g) • Len 2,4 g cukru na jednu porciu Po otvorení odporúčame skladovať v chladničke.  Popis výrobku: Mandľovo-makový krém Hmotnosť: 475 g Zloženie: Mak (24 %), mandľa pražená sekaná (23 %), mandľová pasta (22 %), ryžový olej (15,5 %), trstinový cukor (14,5 %), morská soľ (1 %). Alergény: Orechy Krajina pôvodu: USA (mandle) Vyrobené na: Slovensko",https://powerlogy.com/powerlogy-mak-a-mandle-krem-475-g/3-pack/,Powerlogy,Powerlogy,https://media.powerlogy.com/1/live/20260910132343/464116-3-pack-v3.webp,out_of_stock,62.85 EUR,57.95 EUR,,,464116,new,Zdravé potraviny > Orieškové krémy a maslá > Mandľové,,,https://powerlogy.com/,true,14,https://powerlogy.com/o-nakupe/vseobecne-obchodne-podmienky,true,4.57,133,SK,SK,food,mandľové,out-of-stock,multipack,false
464481_3,Powerlogy Almond Cinnamon Cream 3 x 475 g,"Veľké balenie sladkého, mandľovo-škoricového krému • Bez lepku, mlieka a rafinovaného cukru • Vhodný pre vegetariánov a vegánov • Vhodný pre histaminikov • Balenie obsahuje cca 32 porcií (1 porcia = 15 g) • Len 4,3 g cukru na jednu porciu Recept: Upgraded výživné nanuky Horúce dni a chladené snacky patria k sebe. Pripravte si s nami banánové nanuky obalené v škoricovo-kakaovej poleve! Osviežite sa, zaženiete chuť na sladké, ale taktiež doplníte zdravé tuky. Navyše, vďaka poleve z nášho Upgraded kakaa podporíte váš mentálny výkon, ale aj zdravie srdca a mikrobiómu. Budú vám stačiť iba 4 ingrediencie: banány, náš mandľovo-škoricový krém , vylepšené kakao a chrumkavé mandle. Postup: 3 banány prekrojíme na polovicu a napichneme na drevené nanukové paličky. Nožom ich potrieme škoricovým krémom po celej dĺžke a položíme na tácku vystlanú papierom na pečenie. Pripravíme si kakaový nápoj z 2 PL Upgraded kakaa a 50 ml rastlinného mlieka, a poriadne premiešame. Banány namáčame v kakaovom nápoji. Banánové nanuky obalené v škoricovo-kakaovej poleve posypeme posekanými mandľami a dáme minimálne na 1 hodinu do mrazničky. Na záver už len vychutnávame! Popis výrobku: Orieškový krém z mandlí a škorice Hmotnosť: 475 g Zloženie: mandle pražené 72 %, trstinový cukor 25 %, škorica 2 %, morská soľ 1 %. Alergény: Orechy Vyrobené na: Slovensko",https://powerlogy.com/powerlogy-almond-cinnamon-cream-475-g/3-pack/,Powerlogy,Powerlogy,https://media.powerlogy.com/1/live/20260910132344/464481-3-pack-v3.webp,out_of_stock,62.85 EUR,57.95 EUR,,,464481,new,Zdravé potraviny > Orieškové krémy a maslá > Mandľové,,,https://powerlogy.com/,true,14,https://powerlogy.com/o-nakupe/vseobecne-obchodne-podmienky,true,4.43,56,SK,SK,food,mandľové,out-of-stock,multipack,false
465429_3,Powerlogy Upgraded Organic Turmeric 3 x 300 g,"BIO kurkuma s čiernym korením, zázvorom, škoricou a adaptogénmi • Bez lepku, mlieka a pridaného cukru • Vhodné pre histaminikov • Balenie obsahuje cca 60 porcií (1 porcia = 5 g) • Len 0,15 g cukru na jednu porciu Zakladateľ Powerlogy: Za Upgraded líniou stojí veda Prémiovú líniu Powerlogy Upgraded som vytvoril pre najnáročnejších zákazníkov, ktorí hľadajú maximálnu kvalitu. Upgraded produkty sú obohatené o inovatívne ingrediencie ako MCT olej, prebiotická vláknina, adaptogény či bioaktívne látky. Receptúry vyvíjam na základe najnovších vedeckých poznatkov. Kombinujem rôzne zložky tak, aby spolu tvorili vyváženú a chutnú receptúru. Receptúry konzultujem s odbornou vedeckou radou, s ktorou v Powerlogy úzko spolupracujeme. Upgraded produkty odporúčam ako riešenie pre ľudí, ktorí chcú spoľahlivý zdroj energie a výživy na každý deň. – Dušan Plichta, zakladateľ Powerlogy a tvorca produktov Popis výrobku: BIO mix kurkumy s kokosom, ašvagandou a čiernym korením Hmotnosť: 300 g Zloženie: BIO kurkuma 42,67 %, BIO sušené kokosové mlieko 30 %, BIO maca v prášku, BIO škorica v prášku, BIO zázvor, morská soľ, BIO ašvaganda 2 %, BIO mleté čierne korenie 1,5 %, BIO kardamóm, BIO čili. Alergény: Neobsahuje Vyrobené na: Slovensko",https://powerlogy.com/powerlogy-upgraded-organic-turmeric-300-g/3-pack/,Powerlogy,Powerlogy,https://media.powerlogy.com/1/live/20260910123051/465429-3-pack-v3.webp,in_stock,77.85 EUR,71.55 EUR,,,465429,new,Funkčná výživa > Superpotraviny > Kurkuma,,,https://powerlogy.com/,true,14,https://powerlogy.com/o-nakupe/vseobecne-obchodne-podmienky,true,4.84,83,SK,SK,food,kurkuma,in-stock,multipack,false
465431_3,Powerlogy Upgraded Organic Cacao 3 x 300 g,"Nepražené BIO kakao s medicínskymi hubami Chaga a Lions Mane z Fínska • Bez lepku, mlieka a pridaného cukru • Silná podpora mozgu • Balenie obsahuje cca 20 porcií (1 porcia = 15 g) • Len 1,2 g cukru na jednu porciu V čom je vylepšené kakao unikátne? Nová línia Powerlogy produktov s označením Upgraded je unikátna svojou receptúrou. Každý Powerlogy produkt v sebe spája skvelú chuť a vysokú výživovú hodnotu. Upgraded línia ide ešte ďalej. Receptúra týchto produktov je založená na moderných vedeckých poznatkoch a je vyladená do posledného detailu. Dodá vám extra energiu a je priamou posilou konkrétnych funkcií tela. V prípade Upgraded kakaa ide najmä o nabudenie nervového systému. Samotný povzbudzujúci efekt teobromínu v kakau sme vylepšili o medicínske huby Lion’s Mane a Chaga pestované za polárnym kruhom vo Fínsku. Táto kombinácia citeľne dodáva energiu pri zachovaní nízkeho obsahu kofeínu. K tomu pripočítajte podporu kardiovaskulárneho systému a zlepšenie nálady. O to sa postará skvelá chuť aj vplyv teobromínu na vyplavenie dopamínu. Na dosiahnutie synergie duševných a fyzických účinkov sme do receptúry pridali čakankovú vlákninu. S jej prebiotickými vlastnosťami pôsobí ako výživa dobrých baktérií v mikrobióme. Účinky týchto funkčných ingrediencií sú potvrdené značným počtom vedeckých štúdií. Ich efekt sme konzultovali aj s odbornou vedeckou radou, s ktorou v Powerlogy spolupracujeme. Upgraded Organic Cacao je maximálne inovatívny a 100 % prírodný superfood. Popis výrobku: BIO nealkalizovaný kakaový prášok obohatený o Kaapa Health Lion's Mane (Hericium erinaceus) a Chagu (Inonotus obliquus) pestovanú vo Fínsku Hmotnosť: 300 g Zloženie: BIO kakaový prášok so zníženým obsahom tuku (nealkalizovaný) 49,4 %, BIO maca prášok, BIO čakanková oligofruktóza (čiastočne enzymaticky hydrolyzovaný inulín), BIO cejlónska škorica (Cinnamomum verum), BIO extrakt z húb (extrakt z Lion's Mane a Chaga v prášku, spolu 2400 mg na 100 g v pomere 5:3), B Alergény: Neobsahuje Vyrobené na: Slovensko",https://powerlogy.com/powerlogy-upgraded-organic-cacao-300-g/3-pack/,Powerlogy,Powerlogy,https://media.powerlogy.com/1/live/20260910123052/465431-3-pack-v3.webp,in_stock,77.85 EUR,43.95 EUR,,,465431,new,Zdravé potraviny > Káva a kakao > Kakao,,,https://powerlogy.com/,true,14,https://powerlogy.com/o-nakupe/vseobecne-obchodne-podmienky,true,4.84,50,SK,SK,food,kakao,in-stock,multipack,false
468174_3,Powerlogy Upgraded Collagen Complex 3 x 300 g,"Multikolagénový komplex s extra glycínom a vitamínom C, bez príchute • Bez lepku, mlieka a sóje • Zvyšuje tvorbu kolagénu v tele • Balenie obsahuje cca 20 porcií (1 porcia = 15 g) • Neobsahuje žiadny cukor ani sladidlá Toto je vysoko funkčný produkt. Ak preferujete kolagén s neutrálnou chuťou, odporúčame vám Powerlogy Natural Collagen . Zakladateľ Powerlogy: Za Upgraded líniou stojí veda Prémiovú líniu Powerlogy Upgraded som vytvoril pre najnáročnejších zákazníkov, ktorí hľadajú maximálnu kvalitu a účinnosť. Upgraded produkty sú obohatené o inovatívne ingrediencie ako MCT olej, prebiotická vláknina, adaptogény či bioaktívne látky. Receptúry vyvíjam na základe najnovších vedeckých poznatkov. Kombinujem účinky rôznych zložiek, aby vám dodali energiu a podporili konkrétne funkcie tela – imunita, trávenie, regenerácia či fyzická a mentálna výkonnosť. Funkčné benefity konzultujem s odbornou vedeckou radou, s ktorou v Powerlogy úzko spolupracujeme. Upgraded produkty odporúčam ako riešenie pre ľudí, ktorí chcú spoľahlivý zdroj energie a výživy na každý deň. – Dušan Plichta, zakladateľ Powerlogy a tvorca produktov Popis výrobku: Bielkovinový prášok z hovädzieho, rybacieho a kolagénu zo stien vaječných škrupín Hmotnosť: 300 g Zloženie: bielkovina z kolagénového komplexu a L-glycín. Alergény: vajcia a výrobky z nich, ryby a výrobky z nich, oxid siričitý a siričitany Vyrobené na: Slovensko",https://powerlogy.com/powerlogy-upgraded-collagen-complex-300-g/3-pack/,Powerlogy,Powerlogy,https://media.powerlogy.com/1/live/20260910123055/468174-3-pack-v3.webp,in_stock,113.85 EUR,104.55 EUR,,,468174,new,Funkčná výživa > Kolagény > Kolagény na kosti a kĺby > Hovädzie kolagény na kĺby,,,https://powerlogy.com/,true,14,https://powerlogy.com/o-nakupe/vseobecne-obchodne-podmienky,false,3.98,148,SK,SK,supplement,hovädzie-kolagény-na-kĺby,in-stock,multipack,false
470382_3,Powerlogy Upgraded Nougat Cream 3 x 330 g,"Horký lieskovoorieškový nugát s prebiotickou vlákninou a MCT tukmi • Bez lepku, mlieka a pridaného cukru • Až 3,6 g prebiotickej vlákniny na porciu • 1,5 g extra MCT tukov na porciu • Balenie obsahuje cca 22 porcií (1 porcia = 15 g) • Len 0,5 g cukru na jednu porciu V čom je vylepšený nugát unikátny? Nová línia Powerlogy produktov s označením Upgraded je unikátna svojou receptúrou. Každý Powerlogy produkt v sebe spája skvelú chuť a vysokú výživovú hodnotu. Upgraded línia ide ešte ďalej. Receptúra týchto produktov je založená na moderných vedeckých poznatkoch a je vyladená do posledného detailu. Dodá vám extra energiu a je priamou posilou konkrétnych funkcií tela. V prípade Upgraded nugátu ide najmä o elimináciu cukru v orieškových krémoch raz a navždy. Vytvorili sme receptúru s MCT olejom, vysokým obsahom vlákniny a skvelou chuťou. Upgraded Nougat tak spĺňa náročné low-carb štandardy. Náš inovatívny lieskovoorieškový krém vám pomôže s výživou mikrobiómu, zdravým pocitom sýtosti, optimálnou hladinou cukru v krvi a rýchlym zdrojom energie v podobe MCT tukov. A to všetko bez záťaže trávenia. V produkte nenájdete žiadny pridaný cukor, ani umelé sladidlá. Namiesto toho sme skvelú chuť dosiahli pravým kakaom, kvalitnými lieskovcami, štipkou soli a prirodzene sladkastou prebiotickou vlákninou. O úžasne hladkú textúru sa postará 10 % MCT oleja v zložení a vysokoprofesionálna výroba. Účinky funkčných ingrediencií sú potvrdené značným počtom vedeckých štúdií. Ich efekt sme konzultovali aj s odbornou vedeckou radou, s ktorou v Powerlogy spolupracujeme. Upgraded Nougat je maximálne inovatívny a 100 % prírodný orieškový krém. Popis výrobku: Orieškový krém z lieskovcov, čokolády a MCT sladený čakankovou vlákninou Hmotnosť: 330 g Zloženie: lieskovce natural, BIO oligofruktóza z čakanky, MCT kokosový olej (10 %), kakaová hmota, kakaový prášok 10-12 %, morská soľ. Alergény: Orechy Vyrobené na: Slovensko",https://powerlogy.com/upgraded-nougat-cream/3-pack/,Powerlogy,Powerlogy,https://media.powerlogy.com/1/live/20260910141733/470382-3-pack-v4.webp,in_stock,53.85 EUR,49.55 EUR,,,470382,new,Zdravé potraviny > Orieškové krémy a maslá > Kokosové krémy,,,https://powerlogy.com/,true,14,https://powerlogy.com/o-nakupe/vseobecne-obchodne-podmienky,true,4.39,76,SK,SK,food,kokosové-krémy,in-stock,multipack,false
471752_6,Powerlogy Upgraded Collagen Bar Dark Chocolate 6 x 50 g,"Tyčinka so hydrolyzovaným kolagénom, prebiotickou vlákninou, kokosom a horkou čokoládou • Bez lepku, mlieka a orechov • Denná dávka kolagénu (10 g) • Nízky obsah cukru a veľké množstvo vlákniny • Ľahké trávenie • Neobsahuje umelé sladidlá V čom je vylepšená kolagénová tyčinka unikátna? Nová línia Powerlogy produktov s označením Upgraded je unikátna svojou receptúrou. Každý Powerlogy produkt v sebe spája skvelú chuť a vysokú výživovú hodnotu. Upgraded línia ide ešte ďalej. Receptúra týchto produktov je založená na moderných vedeckých poznatkoch a je vyladená do posledného detailu. Dodá vám extra energiu a je priamou posilou konkrétnych funkcií tela. V prípade Upgraded Collagen Bar ide najmä o vysokú podporu regenerácie bunkových tkanív. Kolagén je najzastúpenejším proteínom v ľudskom tele, tvorí približne 30 % všetkých bielkovín. Skladá sa z neho koža, vlasy, nechty, zuby, orgány, tepny, chrupavky, kosti, šľachy a väzy. Kolagén je preto kľúčovou látkou v boji proti starnutiu. Navyše strata kolagénu môže začať celé desaťročie pred stratou svalovej hmoty. S našou inovatívnou kolagénovou tyčinkou máte zabezpečený príjem funkčnej dávky kolagénu (10 g v jednej tyčinke). Vytvorili sme receptúru s MCT olejom, vysokým obsahom vlákniny a skvelou chuťou. Nielenže vám Upgraded Collagen Bar dodá dennú dávku kvalitného kolagénu, ale pomôže so zdravým pocitom sýtosti, optimálnou hladinou cukru v krvi a rýchlym zdrojom energie v podobe MCT tukov. A to všetko s veľmi nízkym obsahom cukru a bez záťaže trávenia. V produkte nenájdete žiadne umelé sladidlá. Namiesto toho sme skvelú „bounty“ chuť dosiahli polevou z horkej čokolády, čerstvým kokosom a malým množstvom prírodnej stévie. O extra energiu a šťavnatosť tyčinky sa postará Popis výrobku: Proteínová tyčinka s kokosom v horkej čokoláde Hmotnosť: 50 g Zloženie: Hydrolyzované kolagénové peptidy 20 %, horká čokoláda 20 % (kakaová hmota, cukor, kakaový prášok so zníženým množstvom tuku, kakaové maslo, emulgátory: sójový lecitín, polyglycerolpolyricínoleát; extrakt Bourbon vanilky), vláknina z čakanky, zvlhčovadlo: glycerol; kokosový prášok 9,5 %, strúhaný kok Alergény: Neobsahuje Vyrobené na: Slovensko",https://powerlogy.com/powerlogy-upgraded-collagen-bar-50-g/6-pack/,Powerlogy,Powerlogy,https://media.powerlogy.com/1/live/20260910124809/471752-6-pack-w.webp,out_of_stock,17.70 EUR,14.95 EUR,,,471752,new,Funkčná výživa > Kolagény > Kolagény na kosti a kĺby > Hovädzie kolagény na kĺby,,,https://powerlogy.com/,true,14,https://powerlogy.com/o-nakupe/vseobecne-obchodne-podmienky,false,4.87,249,SK,SK,supplement,hovädzie-kolagény-na-kĺby,out-of-stock,multipack,false
475270_3,Powerlogy Upgraded Organic Greens 3 x 300 g,"BIO superfood mix 7 zelených potravín a prebiotickej vlákniny • Bez lepku, mlieka a pridaného cukru • Výživa + podpora trávenia a mikrobiómu • Vhodné pre histaminikov • Balenie obsahuje cca 30 porcií (1 porcia = 10 g) • Len 0,39 g cukru na jednu porciu Zakladateľ Powerlogy: Za Upgraded líniou stojí veda Prémiovú líniu Powerlogy Upgraded som vytvoril pre najnáročnejších zákazníkov, ktorí hľadajú maximálnu kvalitu a účinnosť. Upgraded produkty sú obohatené o inovatívne ingrediencie ako MCT olej, prebiotická vláknina, adaptogény či bioaktívne látky. Receptúry vyvíjam na základe najnovších vedeckých poznatkov. Kombinujem účinky rôznych zložiek, aby vám dodali energiu a podporili konkrétne funkcie tela – imunita, trávenie, regenerácia či fyzická a mentálna výkonnosť. Funkčné benefity konzultujem s odbornou vedeckou radou, s ktorou v Powerlogy úzko spolupracujeme. Upgraded produkty odporúčam ako riešenie pre ľudí, ktorí chcú spoľahlivý zdroj energie a výživy na každý deň. – Dušan Plichta, zakladateľ Powerlogy a tvorca produktov Popis výrobku: BIO mix žihľavy, zeleného jačmeňa, moringy, spiruliny, chlorelly, kelu a brokolice s jablkovou a čakankovou vlákninou a prírodným vitamínom C Hmotnosť: 300 g Zloženie: BIO supergreens zmes v prášku 52,5 % (BIO list žihľavy, BIO zelený jačmeň, BIO spirulina, BIO chlorella, BIO list moringy, BIO kel, BIO brokolica), BIO čakanková oligofruktóza (čiastočne enzymatický hydrolyzovaný inulín), BIO jablčná vláknina, BIO čerešne acerola v prášku (s vysokým obsahom vitamínu Alergény: Neobsahuje Vyrobené na: Slovensko",https://powerlogy.com/powerlogy-upgraded-organic-greens-300-g/3-pack/,Powerlogy,Powerlogy,https://media.powerlogy.com/1/live/20260910123057/475270-3-pack-v3.webp,in_stock,83.85 EUR,43.95 EUR,,,475270,new,Funkčná výživa > Superpotraviny > Greens,,,https://powerlogy.com/,true,14,https://powerlogy.com/o-nakupe/vseobecne-obchodne-podmienky,true,4.69,162,SK,SK,food,greens,in-stock,multipack,false
479644_3,Powerlogy Upgraded Collagen Complex Orange 3 x 300 g,"Multikolagénový komplex s extra glycínom, vitamínom C a pomarančovou príchuťou • Bez lepku, mlieka a sóje • Zvyšuje tvorbu kolagénu v tele • Balenie obsahuje cca 20 porcií (1 porcia = 15 g) • Neobsahuje žiadny cukor ani sladidlá Nový Upgraded Collagen Complex sme vylepšili príchuťou čerstvého pomaranča. ? Dnes preto máte na výber medzi touto pomarančovou novinkou, alebo naturálnym Upgraded Collagen Complexom bez príchute . Zakladateľ Powerlogy: Za Upgraded líniou stojí veda Prémiovú líniu Powerlogy Upgraded som vytvoril pre najnáročnejších zákazníkov, ktorí hľadajú maximálnu kvalitu a účinnosť. Upgraded produkty sú obohatené o inovatívne ingrediencie ako MCT olej, prebiotická vláknina, adaptogény či bioaktívne látky. Receptúry vyvíjam na základe najnovších vedeckých poznatkov. Kombinujem účinky rôznych zložiek, aby vám dodali energiu a podporili konkrétne funkcie tela – imunita, trávenie, regenerácia či fyzická a mentálna výkonnosť. Funkčné benefity konzultujem s odbornou vedeckou radou, s ktorou v Powerlogy úzko spolupracujeme. Upgraded produkty odporúčam ako riešenie pre ľudí, ktorí chcú spoľahlivý zdroj energie a výživy na každý deň. – Dušan Plichta, zakladateľ Powerlogy a tvorca produktov Popis výrobku: Bielkovinový prášok z hovädzieho, rybacieho a kolagénu zo stien vaječných škrupín s pomarančovou arómou Hmotnosť: 300 g Zloženie: bielkovina z kolagénového komplexu a L-glycín, pomarančová aróma, kyselina jablčná. Alergény: vajcia a výrobky z nich, ryby a výrobky z nich, oxid siričitý a siričitany Vyrobené na: Slovensko",https://powerlogy.com/powerlogy-upgraded-collagen-complex-orange-300-g/3-pack/,Powerlogy,Powerlogy,https://media.powerlogy.com/1/live/20260910123059/479644-3-pack-v3.webp,in_stock,113.85 EUR,104.55 EUR,,,479644,new,Funkčná výživa > Kolagény > Kolagény na kosti a kĺby > Hovädzie kolagény na kĺby,,,https://powerlogy.com/,true,14,https://powerlogy.com/o-nakupe/vseobecne-obchodne-podmienky,false,4.73,154,SK,SK,supplement,hovädzie-kolagény-na-kĺby,in-stock,multipack,false
480045_3,Powerlogy Dark Chocolate Granola 3 x 350 g,"Bezlepková raňajková granola s banánmi, kešu a kúskami čokolády • Bez lepku, mlieka • Vhodné pre vegánov • Balenie obsahuje cca 7 porcií (1 porcia = 50 g) • 3,5 g vlákniny na jednu porciu  Popis výrobku: Granola s tmavou čokoládou, kešu orechmi a banánmi Hmotnosť: 350 g Zloženie: bezlepkové ovsené vločky 45 %, čokoládové chipsy 15 % (cukor, kakaová hmota, kakaové maslo, slnečnicový lecitín, vanilka bourbon madagaskar), lyofilizovaný banán 6 %, kešu orechy, kokosový sirup, kokos, kokosový olej, kakao, soľ. Alergény: Orechy Vyrobené v: Česko",https://powerlogy.com/dark-chocolate-granola/3-pack/,Powerlogy,Powerlogy,https://media.powerlogy.com/1/live/20260910123100/480045-3-pack-v3.webp,in_stock,25.65 EUR,22.55 EUR,,,480045,new,Zdravé potraviny > Granola a müsli > Low sugar granola,,,https://powerlogy.com/,true,14,https://powerlogy.com/o-nakupe/vseobecne-obchodne-podmienky,true,4.73,119,SK,SK,food,low-sugar-granola,in-stock,multipack,false
480729_3,Powerlogy Choco Collagen 3 x 300 g,"Hydrolyzovaný grass fed kolagén s kakaom, MCT a prebiotickou vlákninou • Bez lepku, mlieka a sladidiel • Kolagén + kakao + prebiotická vláknina + MCT tuky • Prirodzene rozpustný hovädzí kolagén s kakaovou príchuťou • Balenie obsahuje cca 20 porcií (1 porcia = 15 g) • Neobsahuje cukor ani alergény Vlastnosti, vďaka ktorým sa na náš prírodný kolagén v prášku môžete spoľahnúť: Výberový kolagén najvyššej kvality s vysokým pomerom esenciálnych aminokyselín. Pravé nealkalizované kakao s obsahom teobromínu na podporu srdca a dobrej nálady. Prírodná prebiotická vláknina pôsobí ako výživa dobrých baktérií v tráviacom trakte. Extra MCT tuky poskytujú zdroj rýchlej energie. Žiadna pachuť ani zápach a to bez cukru, sladidiel a umelých konzervantov. Rýchla vstrebateľnosť a veľmi ľahká stráviteľnosť. Prirodzene ľahká rozpustnosť v teplých i studených nápojoch. V Powerlogy robíme maximum pre vývoj inovatívnych funkčných potravín, ktoré v sebe spájajú silu čistej chuti a funkčnosti. Cieľom je podpora nadpriemerného fyzického i mentálneho výkonu a kultivácia našej sily. Veríme, že kvalitné jedlo mení myslenie. Preto naše produkty spracovávame len minimálne a zachovávame tak ich vysokú výživovú hodnotu. V Powerlogy je našou vášňou progresívna a efektívna životospráva, ktorá však musí chutiť. Popis výrobku: Hydrolyzovaný hovädzí kolagén peptid s kakaom a MCT tukmi Hmotnosť: 300 g Zloženie: bielkovina z hydrolyzovaného hovädzieho kolagénu, MCT olej v prášku, inulín, morská soľ, prírodný kakaový prášok, prírodná čokoládová aróma. Alergény: Neobsahuje Vyrobené na: Slovensko",https://powerlogy.com/powerlogy-choco-collagen-300-g/3-pack/,Powerlogy,Powerlogy,https://media.powerlogy.com/1/live/20260910123101/480729-3-pack-v3.webp,in_stock,74.85 EUR,68.95 EUR,,,480729,new,Funkčná výživa > Kolagény > Kolagény na kosti a kĺby > Hovädzie kolagény na kĺby,,,https://powerlogy.com/,true,14,https://powerlogy.com/o-nakupe/vseobecne-obchodne-podmienky,false,4.91,33,SK,SK,supplement,hovädzie-kolagény-na-kĺby,in-stock,multipack,false
481279_3,Powerlogy White Nougat Cream 3 x 330 g,"Chrumkavý biely nugát z Piemontských lieskovcov, kešu a vegánskej bielej čokolády • Bez lepku a mlieka • Vhodné pre vegánov a vegetariánov • Vhodné pre histaminikov • Balenie obsahuje cca 22 porcií (1 porcia = 15 g) • Len 2,85 g cukru na jednu porciu Vlastnosti, vďaka ktorým sa na náš nugát môžete spoľahnúť: Piemontské lieskovce a kešu orechy európskej kvality. 100 % bez palmového oleja, emulzifikátorov a umelých konzervantov. 100 % prírodné zloženie bez rafinovaného cukru. Optimálny pomer cukrov, tukov a bielkovýn pre elimináciu výkyvov hladiny cukru Detailné laboratórne testy na kontrolu ochratoxínov, aflatoxínov a oxidácie orechov. Powerlogy orieškové krémy vyrábame na Slovensku. Receptúra je vyvinutá zakladateľom Powerlogy a špecialistom na funkčné potraviny Dušanom Plichtom, ktorý za svoje receptúry získali už viac ako 10 medzinárodných ocenení Great Taste Awards. Z výživového hľadiska je zloženie konzulované z vybranými odborníkmi z vedeckej rady Powerlogy. Z pohľadu precíznej výroby spĺňa tento krém náročné kritériá pre šetrné spracovanie surovín. Naším cieľom je nielen skvelá chuť, ale rovnako optimálny vplyv na organizmus a vysoká výživová hodnota. Veríme, že kvalitné jedlo mení myslenie, a preto je pre nás vývoj a kvalita každého jedného produktu dôležitou investíciou. A nie iba nevyhnutným nákladom. Popis výrobku: Orieškový krém z lieskovcov, kešu a bielej vegánskej čokolády Hmotnosť: 330 g Zloženie: lieskové oriešky CHOP Piemont 30 %, oat white čokoláda 29 % (cukor, kakaové maslo, sušený bezlepkový ovsený prášok, slnečnicový lecitín), kešu orechy, kukuričné lupienky 13,5 %, MCT olej, himalájska soľ. Alergény: Orechy Vyrobené na: Slovensko",https://powerlogy.com/white-nougat-cream/3-pack/,Powerlogy,Powerlogy,https://media.powerlogy.com/1/live/20260910141735/481279-3-pack-v4.webp,out_of_stock,53.85 EUR,49.55 EUR,,,481279,new,Zdravé potraviny > Orieškové krémy a maslá > Nugátové > Biele nugátové krémy,,,https://powerlogy.com/,true,14,https://powerlogy.com/o-nakupe/vseobecne-obchodne-podmienky,true,4.61,31,SK,SK,food,biele-nugátové-krémy,out-of-stock,multipack,false
483556_3,Powerlogy Upgraded Coffee Cream 3 x 330 g,"Kávový krém s prebiotickou vlákninou a MCT tukmi • Bez lepku, mlieka a pridaného cukru • Až 3,5 g prebiotickej vlákniny na porciu • 1,5 g extra MCT tukov na porciu • Balenie obsahuje cca 22 porcií (1 porcia = 15 g) • Len 0,6 g cukru na jednu porciu V čom je vylepšený kávový krém unikátny? Nová línia Powerlogy produktov s označením Upgraded je unikátna svojou receptúrou. Každý Powerlogy produkt v sebe spája skvelú chuť a vysokú výživovú hodnotu. Upgraded línia ide ešte ďalej. Receptúra týchto produktov je založená na moderných vedeckých poznatkoch a je vyladená do posledného detailu. Dodá vám extra energiu a je priamou posilou konkrétnych funkcií tela. V prípade Upgraded kávového krému ide najmä o elimináciu cukru v orieškových krémoch raz a navždy. Vytvorili sme receptúru s MCT olejom, vysokým obsahom vlákniny a skvelou chuťou. Upgraded Coffee Cream tak spĺňa náročné low-carb štandardy. Náš inovatívny kávový krém vám pomôže s výživou mikrobiómu, zdravým pocitom sýtosti, optimálnou hladinou cukru v krvi a rýchlym zdrojom energie v podobe MCT tukov. A to všetko bez záťaže trávenia. V produkte nenájdete žiadny pridaný cukor, ani umelé sladidlá. Namiesto toho sme skvelú chuť dosiahli prémiovou kávou, kvalitnými lieskovcami, kešu orechmi a prirodzene sladkastou prebiotickou vlákninou. O úžasne hladkú textúru sa postará 10 % MCT oleja v zložení a vysokoprofesionálna výroba. Účinky funkčných ingrediencií sú potvrdené značným počtom vedeckých štúdií. Ich efekt sme konzultovali aj s odbornou vedeckou radou, s ktorou v Powerlogy spolupracujeme. Upgraded Coffee Cream je maximálne inovatívny a 100 % prírodný orieškový krém. Popis výrobku: Orieškový krém z lieskovcov, kešu, kávy a MCT, sladený čakankovou vlákninou Hmotnosť: 330 g Zloženie: lieskové orechy, kešu orechy, prebiotická vláknina z čakanky, MCT kokosový olej, káva columbia arabica (6 %). Alergény: Orechy Vyrobené na: Slovensko",https://powerlogy.com/upgraded-coffee-cream/3-pack/,Powerlogy,Powerlogy,https://media.powerlogy.com/1/live/20260910141737/483556-3-pack-v4.webp,in_stock,53.85 EUR,45.55 EUR,,,483556,new,Zdravé potraviny > Orieškové krémy a maslá > Kešu,,,https://powerlogy.com/,true,14,https://powerlogy.com/o-nakupe/vseobecne-obchodne-podmienky,true,4.80,55,SK,SK,food,kešu,in-stock,multipack,false
489540_3,Powerlogy Natural Collagen 3 x 500 g,"XXL balenie 100 % čistého, hydrolyzovaného grass fed kolagénu z európskeho zdroja • Bez lepku, mlieka a sladidiel • Prirodzene rozpustný hovädzí kolagén s krémovou chuťou • Balenie obsahuje cca 30 porcií (1 porcia = 10 g) • Neobsahuje žiadny cukor ani alergény • Vhodný pre histaminikov* *Histidín, ktorý sa rozkladá na histamín, tvorí len 1 % z celkového obsahu aminokyselín kolagénu, takže vytvára veľmi nízke dávky histamínu. Napriek tomu, pri nízkohistamínovej diéte odporúčame poradiť sa s lekárom ohľadom užívania doplnku.  Popis výrobku: Natural kolagén proteín, typ kolagénu 1 a 3. Hmotnosť: 500 g Zloženie: Hydrolyzovaný hovädzí kolagén peptid. Alergény: neobsahuje Krajina pôvodu: Francúzsko Vyrobené na: Slovensko",https://powerlogy.com/powerlogy-natural-collagen-500-g/3-pack/,Powerlogy,Powerlogy,https://media.powerlogy.com/1/live/20260910123106/489540-3-pack-v3.webp,in_stock,134.85 EUR,82.95 EUR,,,489540,new,Funkčná výživa > Kolagény > Kolagény na kosti a kĺby > Hovädzie kolagény na kĺby,,,https://powerlogy.com/,true,14,https://powerlogy.com/o-nakupe/vseobecne-obchodne-podmienky,false,4.65,584,SK,SK,supplement,hovädzie-kolagény-na-kĺby,in-stock,multipack,false
489944_3,Powerlogy Natural Collagen 3 x 10 x 10 g,"Cestovné balenie 10 vrecúšok 100 % hydrolyzovaného grass fed kolagénu z eu zdroja • Bez lepku, mlieka a sladidiel • Vhodný pre histaminikov • Prirodzene rozpustný hovädzí kolagén s krémovou chuťou • Balenie obsahuje 10 porcií (1 porcia = 10 g) • Neobsahuje žiadny cukor ani alergény Od augusta 2023 je kolagén spracovaný vylepšenou technológiou, ktorá mu dáva jemnejšiu štruktúru. Kolagén má preto ešte lepšiu vstrebateľnosť a neutrálnejšiu vôňu. Keďže prášok je jemnejší než predtým, odporúčame najprv nasypať do pohára prášok, až potom pridať tekutinu a zamiešať. Pri opačnom poradí môžu v nápoji ostať nerozpustené hrudky. Ak sa to stane, stačí nápoj rozmixovať a konzistencia bude dokonalo hladká. Helena Krajčiová: Powerlogy kolagén si dávam do kávy, je perfektný Známa slovenská herečka Helena Krajčiová je milovníčka aktívneho pohybu a výborného, no zároveň kvalitného jedla. Rada svoj čas trávi v prírode s rodinou, spoznávaním nových miest a ochutnávaním nových chutí. V prvom rade nedá dopustiť na kvalitný, 100 % kolagén v prášku, u ktorého oceňuje rozpustnosť a neutrálnu chuť. Najradšej si ho vychutnáva v pohári čistej vody ráno po prebudení, počas náročných dní nakrúcania alebo v divadle v obľúbenej káve . Popis výrobku: Natural kolagén proteín, typ kolagénu 1 a 3. Hmotnosť: 10 x 10 g Zloženie: Hydrolyzovaný hovädzí kolagén peptid. Alergény: neobsahuje Krajina pôvodu: Francúzsko Vyrobené na: Slovensko",https://powerlogy.com/collagen-10x10g/3-pack/,Powerlogy,Powerlogy,https://media.powerlogy.com/1/live/20260910123107/489944-3-pack-v3.webp,out_of_stock,32.85 EUR,29.95 EUR,,,489944,new,Funkčná výživa > Kolagény > Kolagény na kosti a kĺby > Hovädzie kolagény na kĺby,,,https://powerlogy.com/,true,14,https://powerlogy.com/o-nakupe/vseobecne-obchodne-podmienky,false,4.65,584,SK,SK,supplement,hovädzie-kolagény-na-kĺby,out-of-stock,multipack,false
490011_3,Powerlogy Vanilla Collagen 3 x 300 g,"Hydrolyzovaný grass fed kolagén s MCT, prebiotickou vlákninou a chuťou vanilky • Bez lepku, mlieka a sladidiel • Kolagén + prebiotická vláknina + MCT tuky • Prirodzene rozpustný hovädzí kolagén s vanilkovou príchuťou • Balenie obsahuje cca 20 porcií (1 porcia = 15 g) • Neobsahuje cukor ani alergény Vlastnosti, vďaka ktorým sa na náš prírodný kolagén v prášku môžete spoľahnúť: Výberový kolagén najvyššej kvality s vysokým pomerom esenciálnych aminokyselín. Prírodná prebiotická vláknina pôsobí ako výživa dobrých baktérií v tráviacom trakte. Extra MCT tuky poskytujú zdroj rýchlej energie. Žiadna pachuť ani zápach a to bez cukru, umelých sladidiel a konzervantov. Rýchla vstrebateľnosť a veľmi ľahká stráviteľnosť. Prirodzene ľahká rozpustnosť v teplých i studených nápojoch. V Powerlogy robíme maximum pre vývoj inovatívnych funkčných potravín, ktoré v sebe spájajú silu čistej chuti a funkčnosti. Cieľom je podpora nadpriemerného fyzického i mentálneho výkonu a kultivácia našej sily. Veríme, že kvalitné jedlo mení myslenie. Preto naše produkty spracovávame len minimálne a zachovávame tak ich vysokú výživovú hodnotu. V Powerlogy je našou vášňou progresívna a efektívna životospráva, ktorá však musí chutiť. Popis výrobku: Hydrolyzovaný hovädzí kolagén peptid s MCT tukmi a prírodnou vanilkovou arómou Hmotnosť: 300 g Zloženie: bielkovina z hydrolyzovaného hovädzieho kolagénu, inulín, MCT tuky v prášku, prírodná vanilková aróma, sladidlo: glykozidy steviolu zo stévie. Alergény: neobsahuje Vyrobené na: Slovensko",https://powerlogy.com/powerlogy-vanilla-collagen-300-g/3-pack/,Powerlogy,Powerlogy,https://media.powerlogy.com/1/live/20260910123108/490011-3-pack-v3.webp,in_stock,74.85 EUR,68.95 EUR,,,490011,new,Funkčná výživa > Kolagény > Kolagény na kosti a kĺby > Hovädzie kolagény na kĺby,,,https://powerlogy.com/,true,14,https://powerlogy.com/o-nakupe/vseobecne-obchodne-podmienky,false,4.89,19,SK,SK,supplement,hovädzie-kolagény-na-kĺby,in-stock,multipack,false
492967_3,Powerlogy Pistacchio Coconut Granola 3 x 350 g,"Bezlepková raňajková granola s pistáciami, kokosovými čipsami a kokosovým sirupom • Bez lepku, mlieka a rafinovaného cukru • Vhodné pre vegánov • Vhodné pre histaminikov • Balenie obsahuje cca 7 porcií (1 porcia = 50 g) • 4,23 g vlákniny na jednu porciu  Popis výrobku: Granola s chrumkavými pistáciami a kokosom sladená kokosovým sirupom Hmotnosť: 350 g Zloženie: bezlepkové ovsené vločky 50 %, kokos 17 %, kokosové chipsy 10 %, kokosový sirup, pistácie 7 %, kokosový olej, soľ. Alergény: Orechy Vyrobené v: Česko",https://powerlogy.com/powerlogy-pistacchio-coconut-granola-350-g/3-pack/,Powerlogy,Powerlogy,https://media.powerlogy.com/1/live/20260910123109/492967-3-pack-v3.webp,in_stock,25.65 EUR,23.55 EUR,,,492967,new,Zdravé potraviny > Granola a müsli > Granola s nízkym obsahom histamínu,,,https://powerlogy.com/,true,14,https://powerlogy.com/o-nakupe/vseobecne-obchodne-podmienky,true,4.90,62,SK,SK,food,granola-s-nízkym-obsahom-histamínu,in-stock,multipack,false
492969_3,Powerlogy Organic Cinnamon Granola 3 x 350 g,"Bezlepková BIO raňajková granola s jablkami, škoricou, pekanovými orechmi a javorovým sirupom • Bez lepku a mlieka • Vhodné pre vegánov a vegetariánov • Vhodné pre histaminikov • Balenie obsahuje cca 7 porcií (1 porcia = 50 g) • Len 5,2 g cukru na jednu porciu V čom je BIO škoricová granola jedinečná? Po veľkom úspechu našej najpredávanejšej BIO mandľovej granoly rozširujeme raňajkovú líniu o škoricovo-jablkovú novinku. Na trhu nám totiž chýbajú 100 % bezlepkové a zároveň poriadne chrumkavé raňajkové müsli, ktoré majú optimálne zloženie (menej cukru a viac vlákniny). Nová Organic Cinnamon Granola je navyše v BIO kvalite z udržateľného poľnohospodárstva v súlade s ochranou prírody. Výsledná receptúra je čisto rastlinného pôvodu a tak vhodná aj pre striktných vegetariánov či vegánov. Harmóniu čistej chuti sme dosiahli výberom prírodných ingrediencií. Vločky chrumkajú vďaka šetrnému pečeniu teplým vzduchom. V kombinácii s javorovým sirupom a škoricou má granola sladkú karamelovú dochuť. Tieto raňajky či rýchly snack si vás podmania chuťou pekanových orechov, voňavej škorice a sušených jabĺk. Popis výrobku: Granola s jablkami, pekanovými orechmi, škoricou a javorovým sirupom Hmotnosť: 350 g Zloženie: BIO bezlepkové ovsené vločky 50 %, BIO quinoa vločky, BIO tekvicové semienka, BIO sušené jablká 8 %, BIO javorový sirup, BIO pekanové orechy 7 %, BIO kokosový olej, BIO cejlónska škorica 2 %, himalájska soľ. Alergény: Orechy Vyrobené v: Česko",https://powerlogy.com/powerlogy-organic-cinnamon-granola-350-g/3-pack/,Powerlogy,Powerlogy,https://media.powerlogy.com/1/live/20260910123111/492969-3-pack-v3.webp,in_stock,29.85 EUR,27.55 EUR,,,492969,new,Zdravé potraviny > Granola a müsli > Granola s nízkym obsahom histamínu,,,https://powerlogy.com/,true,14,https://powerlogy.com/o-nakupe/vseobecne-obchodne-podmienky,true,4.92,38,SK,SK,food,granola-s-nízkym-obsahom-histamínu,in-stock,multipack,false
492971_3,Powerlogy Upgraded Keto Granola Strawberry 3 x 350 g,"Bezlepková keto granola s čakankovou vlákninou, kokosovými čipsami, orechmi a jahodami • Bez obilnín, lepku, mlieka a pridaného cukru • Vysoký obsah prebiotickej vlákniny • Príjemný pocit sýtosti a ľahké trávenie • Balenie obsahuje cca 7 porcií (1 porcia = 50 g) • Len 3,3 g cukru na jednu porciu  Popis výrobku: Keto granola bez obilnín s kokosovými chipsami, mandľami a mixom semienok Hmotnosť: 350 g Zloženie: kokosové chipsy, mandle, slnečnicové semienka, tekvicové semienka, čakanková vláknina, ľanové semienka, makadámiové oriešky, lyofilizované jahody, chia semienka, soľ. Alergény: Orechy Vyrobené v: Česko",https://powerlogy.com/upgraded-keto-granola/3-pack/,Powerlogy,Powerlogy,https://media.powerlogy.com/1/live/20260910123112/492971-3-pack-v3.webp,in_stock,29.85 EUR,24.95 EUR,,,492971,new,Zdravé potraviny > Granola a müsli > Keto granola,,,https://powerlogy.com/,true,14,https://powerlogy.com/o-nakupe/vseobecne-obchodne-podmienky,true,4.90,199,SK,SK,food,keto-granola,in-stock,multipack,false
494462_6,Powerlogy Upgraded Whey Protein Bar 6 x 50 g,"Tyčinka so srvátkovým proteínom, prebiotickou vlákninou, kokosom a horkou čokoládou • Bez lepku a orechov • Nízky obsah cukru a veľké množstvo vlákniny • Ľahké trávenie • Neobsahuje umelé sladidlá Zdravie nie je o maximalizácii proteínu Nová línia Powerlogy produktov s označením Upgraded je unikátna svojou receptúrou. Každý Powerlogy produkt v sebe spája skvelú chuť a vysokú výživovú hodnotu. Upgraded línia ide ešte ďalej. Receptúra týchto produktov je založená na moderných vedeckých poznatkoch a je vyladená do posledného detailu. Dodá vám extra energiu a je priamou posilou konkrétnych funkcií tela. S našou inovatívnou proteínovou tyčinkou máte zabezpečený extra príjem srvátkového proteínu (11 g v jednej tyčinke). K nemu sme pridali MCT olej a vysoký obsah vlákniny. Naším cieľom totiž nie je maximalizácia množstva proteínu, ale zdravé zloženie. Preto vám Upgraded Whey Protein Bar okrem regenerácie pomôže aj so zdravým pocitom sýtosti, optimálnou hladinou cukru v krvi a rýchlym zdrojom energie v podobe MCT tukov. A to všetko s veľmi nízkym obsahom cukru a bez záťaže trávenia. V produkte nenájdete žiadne umelé sladidlá. Namiesto toho sme skvelú „bounty“ chuť dosiahli polevou z horkej čokolády, čerstvým kokosom a malým množstvom prírodnej stévie. O extra energiu a šťavnatosť tyčinky sa postará MCT olej a vysokoprofesionálna výroba. Popis výrobku: Proteínová tyčinka s kokosom v horkej čokoláde. Hmotnosť: 50 g Zloženie: srvátkový bielkovinový koncentrát 24 % (srvátkový bielkovinový koncentrát, emulgátor: lecitíny), horká čokoláda 20 % (kakaová hmota, cukor, kakaový prášok so zníženým množstvom tuku, kakaové maslo, emulgátory: sójový lecitín; polyglycerolpolyricínoleát, extrakt z Bourbon vanilky), vláknina z čakanky Alergény: Mlieko, sójový lecitín Vyrobené na: Slovensko",https://powerlogy.com/powerlogy-upgraded-whey-protein-bar-50-g/6-pack/,Powerlogy,Powerlogy,https://media.powerlogy.com/1/live/20260910124817/494462-6-pack-w.webp,in_stock,17.70 EUR,16.55 EUR,,,494462,new,Funkčná výživa > Proteíny > Bezlepkové proteíny,,,https://powerlogy.com/,true,14,https://powerlogy.com/o-nakupe/vseobecne-obchodne-podmienky,true,4.95,21,SK,SK,food,bezlepkové-proteíny,in-stock,multipack,false
494463_6,Powerlogy Organic Vegan Protein Bar 6 x 50 g,"Certifikovaná BIO a VEGAN proteínová tyčinka s prebiotickou vlákninou, mandľami a škoricou Vlastnosti, vďaka ktorým sa na našu proteínovú tyčinku môžete spoľahnúť: 20 % obsah ľahko stráviteľného rastlinného proteínu. Vysoký obsah prírodnej vlákniny z čakanky a orieškov. Nízky obsah cukru a nízky glykemický index. Lahodná chuť mandľového krému, kešu krému a kvalitnej škorice. Šťavnatá textúra bez sypkej konzistencie a gumeného pocitu v ústach. Neobsahuje lepok, sóju ani umelé sladidlá ako maltitol či aspartam. V Powerlogy robíme maximum pre vývoj inovatívnych funkčných potravín, ktoré v sebe spájajú silu čistej chuti a funkčnosti. Cieľom je podpora nadpriemerného fyzického i mentálneho výkonu a kultivácia našej sily. Veríme, že kvalitné jedlo mení myslenie. Preto naše produkty spracovávame len minimálne a zachovávame tak ich vysokú výživovú hodnotu. V Powerlogy je našou vášňou progresívna a efektívna životospráva, ktorá však musí chutiť. V čom je Powerlogy VEGAN proteínová tyčinka iná? Prinášame nové riešenie rýchleho zdroja bielkovín v podobe snacku. Spájame kvalitné, funkčné zloženie so skvelou chuťou. Túto tyčinku tvoríme pre udržateľnú životosprávu aktívneho človeka, ktorému záleži na zdraví. Proteínové tyčinky sú populárnym zdrojom bielkovín a energie, dokonca zdravších sladkostí na cesty. Žiaľ, väčšina produktov na trhu nespĺňa štandardy kvalitného zloženia alebo lahodnej chuti, a tak nám neprinášajú svoj 100 % potenciál. Často sú plné sóje, nekvalitného proteínu a umelých sladidiel. Vo výsledku majú presladenú, umelú chuť a gumovú alebo sypkú konzistenciu. Taká tyčinka sa ťažko konzumuje s pôžitkom… Preto vám prinášame tyčinku s vyladenou konzistenciou, bez pocitu lepkavosti v ústach. Popis výrobku: Vegánska bielkovinová tyčinka s mandľami, kešu orieškami a škoricou Hmotnosť: 50 g Zloženie: BIO čakanková vláknina, BIO mandľová múka 20 %, BIO zmes rastlinných bielkovín (zo žltého hrachu, ryže a konopných semien), BIO bezlepkové ovsené vločky, BIO kešu krém 13 %, BIO mandle 8 %, BIO mandľový krém 5 %, BIO škorica 1,9 %, BIO kokosový olej, sladidlo: glykozidy steviolu zo stévie, himalájsk Alergény: Orechy Vyrobené v: Česko",https://powerlogy.com/powerlogy-organic-vegan-protein-bar-50-g/6-pack/,Powerlogy,Powerlogy,https://media.powerlogy.com/1/live/20260910124818/494463-6-pack-w.webp,in_stock,17.70 EUR,16.55 EUR,,,494463,new,Funkčná výživa > Proteínové tyčinky > Bezlepkové müsli tyčinky,,,https://powerlogy.com/,true,14,https://powerlogy.com/o-nakupe/vseobecne-obchodne-podmienky,true,4.38,24,SK,SK,food,bezlepkové-müsli-tyčinky,in-stock,multipack,false
494464_6,Powerlogy Upgraded Vegan Protein Bar 6 x 50 g,"VEGAN proteínová tyčinka s prebiotickou vlákninou, kokosom a horkou čokoládou • Bez lepku a mlieka • Nízky obsah cukru a veľké množstvo vlákniny • Ľahké trávenie • Neobsahuje umelé sladidlá Zdravie nie je o maximalizácii proteínu Nová línia Powerlogy produktov s označením Upgraded je unikátna svojou receptúrou. Každý Powerlogy produkt v sebe spája skvelú chuť a vysokú výživovú hodnotu. Upgraded línia ide ešte ďalej. Receptúra týchto produktov je založená na moderných vedeckých poznatkoch a je vyladená do posledného detailu. Dodá vám extra energiu a je priamou posilou konkrétnych funkcií tela. S našou inovatívnou proteínovou tyčinkou máte zabezpečený extra príjem rastlinného proteínu (10 g v jednej tyčinke). K nemu sme pridali MCT olej a vysoký obsah vlákniny. Naším cieľom totiž nie je maximalizácia množstva proteínu, ale zdravé zloženie. Preto vám Upgraded Vegan Protein Bar okrem regenerácie pomôže aj so zdravým pocitom sýtosti, optimálnou hladinou cukru v krvi a rýchlym zdrojom energie v podobe MCT tukov. A to všetko s veľmi nízkym obsahom cukru a bez záťaže trávenia. V produkte nenájdete žiadne umelé sladidlá. Namiesto toho sme skvelú „bounty“ chuť dosiahli polevou z horkej čokolády, čerstvým kokosom a malým množstvom prírodnej stévie. O extra energiu a šťavnatosť tyčinky sa postará MCT olej a vysokoprofesionálna výroba. Popis výrobku: Vegánska proteínová tyčinka s kokosom v horkej čokoláde. Hmotnosť: 50 g Zloženie: horká čokoláda 20 % (kakaová hmota, cukor, kakaový prášok so zníženým množstvom tuku, kakaové maslo, emulgátory: sójový lecitín, polyglycerolpolyricínoleát; extrakt Bourbon vanilky), vláknina z čakanky, ryžová bielkovina 17 %, strúhaný kokos 15 %, pasta z pražených kešu orieškov, zvlhčovadlo: glycer Alergény: Sójový lecitín, orechy Vyrobené na: Slovensko",https://powerlogy.com/powerlogy-upgraded-vegan-protein-bar-50-g/6-pack/,Powerlogy,Powerlogy,https://media.powerlogy.com/1/live/20260910124819/494464-6-pack-w.webp,in_stock,17.70 EUR,16.55 EUR,,,494464,new,Funkčná výživa > Proteíny > Bezlepkové proteíny,,,https://powerlogy.com/,true,14,https://powerlogy.com/o-nakupe/vseobecne-obchodne-podmienky,true,4.82,17,SK,SK,food,bezlepkové-proteíny,in-stock,multipack,false
494991_3,Powerlogy Upgraded Low Carb Granola Choco & Strawberry 3 x 350 g,"Bezlepková nízkosacharidová granola s čakankovou vlákninou, horkou čokoládou, kešu orechmi a jahodami • Bez lepku, mlieka a pridaného cukru • Vysoký obsah prebiotickej vlákniny • Príjemný pocit sýtosti a ľahké trávenie • Balenie obsahuje cca 7 porcií (1 porcia = 50 g) • Len 3 g cukru na jednu porciu  Popis výrobku: Granola s čokoládou, čakankovou vlákninou, kešu a jahodami Hmotnosť: 350 g Zloženie: bezlepkové ovsené vločky, horká čokoláda (kakaový prášok, kakaové maslo, vanilkový extrakt), čakanková vláknina, quinoa vločky, kokosové chipsy, lyofilizované jahody, kešu orechy, sezamové semienka, kokosový olej, kakao, soľ. Alergény: Orechy, sezam Vyrobené v: Česko",https://powerlogy.com/upgraded-low-carb-granola/3-pack/,Powerlogy,Powerlogy,https://media.powerlogy.com/1/live/20260910123115/494991-3-pack-v3.webp,in_stock,29.85 EUR,27.55 EUR,,,494991,new,Zdravé potraviny > Granola a müsli > Low carb granola,,,https://powerlogy.com/,true,14,https://powerlogy.com/o-nakupe/vseobecne-obchodne-podmienky,true,4.79,58,SK,SK,food,low-carb-granola,in-stock,multipack,false
495743_3,"Powerlogy Upgraded Power Coffee 3 x 10 x 3,5 g","BIO instantná káva s medicínskymi hubami Chaga a Lions Mane z Fínska • Bez lepku, mlieka a pridaného cukru • Silná podpora mozgu • Balenie obsahuje 10 porcií (1 porcia = 3,5 g) • Len 0,1 g cukru na jednu porciu Zakladateľ Powerlogy: Za Upgraded líniou stojí veda Prémiovú líniu Powerlogy Upgraded som vytvoril pre najnáročnejších zákazníkov, ktorí hľadajú maximálnu kvalitu a účinnosť. Upgraded produkty sú obohatené o inovatívne ingrediencie ako MCT olej, prebiotická vláknina, adaptogény či bioaktívne látky. Receptúry vyvíjam na základe najnovších vedeckých poznatkov. Kombinujem účinky rôznych zložiek, aby vám dodali energiu a podporili konkrétne funkcie tela – imunita, trávenie, regenerácia či fyzická a mentálna výkonnosť. Funkčné benefity konzultujem s odbornou vedeckou radou, s ktorou v Powerlogy úzko spolupracujeme. Upgraded produkty odporúčam ako riešenie pre ľudí, ktorí chcú spoľahlivý zdroj energie a výživy na každý deň. – Dušan Plichta, zakladateľ Powerlogy a tvorca produktov Popis výrobku: Instantná káva arabika v BIO kvalite obohatená o Kaapa Health Lion's Mane (Hericium erinaceus) a Chagu (Inonotus obliquus) pestovanú vo Fínsku Hmotnosť: 10 x 3,5 g Zloženie: BIO instantná káva arabica 91 %, BIO extrakt z húb 9 % (extrakt z Lion's Mane a Chaga v prášku, spolu 320 mg na dávku 3.5 g v pomere 5:3) Alergény: Neobsahuje Vyrobené na: Slovensko",https://powerlogy.com/upgraded-power-coffee-10-x-3-5g/3-pack/,Powerlogy,Powerlogy,https://media.powerlogy.com/1/live/20260910123117/495743-3-pack-v3.webp,out_of_stock,50.85 EUR,46.95 EUR,,,495743,new,Zdravé potraviny > Káva a kakao > Káva > Instantná káva,,,https://powerlogy.com/,true,14,https://powerlogy.com/o-nakupe/vseobecne-obchodne-podmienky,true,4.80,41,SK,SK,food,instantná-káva,out-of-stock,multipack,false
499965_3,Powerlogy Fizzy Collagen Orange 3 x 300 g,"Šumivý grass fed kolagén s vitamínom C a pomarančovou príchuťou  Vlastnosti, vďaka ktorým sa na náš prírodný kolagén v prášku môžete spoľahnúť: Výberový kolagén najvyššej kvality s čistým prírodným zložením. Žiadna pachuť ani zápach a to bez cukru, umelých sladidiel a konzervantov. 90 mg vitamínu C, ktorý prispieva k správnej tvorbe kolagénu a k správnej funkcii kostí a chrupaviek. Rýchla vstrebateľnosť a veľmi ľahká stráviteľnosť. Vysoký pomer esenciálnych aminokyselín a funkčného kolagénu. Prirodzene ľahká rozpustnosť v nápojoch. V Powerlogy robíme maximum pre vývoj inovatívnych funkčných potravín, ktoré v sebe spájajú silu čistej chuti a funkčnosti. Cieľom je podpora nadpriemerného fyzického i mentálneho výkonu a kultivácia našej sily. Veríme, že kvalitné jedlo mení myslenie. Preto naše produkty spracovávame len minimálne a zachovávame tak ich vysokú výživovú hodnotu. V Powerlogy je našou vášňou progresívna a efektívna životospráva, ktorá však musí chutiť. Popis výrobku: Šumivý kolagénový nápoj v prášku s hydrolyzovaným hovädzím proteínom a pomarančovou arómou Hmotnosť: 300 g Zloženie: hovädzí hydrolyzovaný peptid, hydrogénuhličitan sodný, kyselina jablčná, kyselina citrónová, prírodná pomarančová aróma, vitamín C (extrakt z plodov aceroly (Malpighia emarginata)), betakarotén, sladidlo: glykozidy steviolu zo stévie. Alergény: Neobsahuje Vyrobené na: Slovensko",https://powerlogy.com/fizzy-collagen-orange/3-pack/,Powerlogy,Powerlogy,https://media.powerlogy.com/1/live/20260910123119/499965-3-pack-v3.webp,in_stock,89.85 EUR,82.55 EUR,,,499965,new,Funkčná výživa > Kolagény > Kolagény na kosti a kĺby > Hovädzie kolagény na kĺby,,,https://powerlogy.com/,true,14,https://powerlogy.com/o-nakupe/vseobecne-obchodne-podmienky,false,4.87,93,SK,SK,supplement,hovädzie-kolagény-na-kĺby,in-stock,multipack,false
500751_3,Powerlogy Organic C8 MCT Oil 3 x 500 ml,"Prémiový BIO C8 MCT olej zložený len z kyseliny kaprylovej • Neobsahuje alergény • Vhodné pre vegánov a vegetariánov • Vhodné pre histaminikov • Balenie obsahuje cca 50 porcií (1 porcia = 10 ml) • Neobsahuje žiadny cukor Vlastnosti, vďaka ktorým sa na náš Organic C8 MCT olej môžete spoľahnúť: 99 % obsah C8 kyseliny kaprylovej (1% C10). 7-krát rýchlejšia vstrebateľnosť a efektivita v porovnaní s kokosovým olejom. Prémiová BIO kvalita . Priama podpora spaľovania tukov bez záťaže trávenia . Rýchla a stabilná energia pre vysoký mentálny a fyzický výkon. Prémiová kvalita 100 % kokosového pôvodu v skle. Čisté zloženie bez príchutí, palmového oleja, lepku, cukru a umelých konzervantov. V Powerlogy robíme maximum pre vývoj inovatívnych funkčných potravín, ktoré v sebe spájajú silu čistej chuti a funkčnosti. Cieľom je podpora nadpriemerného fyzického i mentálneho výkonu a kultivácia našej sily. Veríme, že kvalitné jedlo mení myslenie. Preto naše produkty spracovávame len minimálne a zachovávame tak ich vysokú výživovú hodnotu. Powerlogy Organic C8 MCT olej spĺňa najvyššie kritériá kvality. V Powerlogy je našou vášňou progresívna a efektívna životospráva, ktorá však musí chutiť. Popis výrobku: BIO rastlinný olej extrahovaný z kokosových orechov. Objem: 500 ml Zloženie: triglyceridy kyseliny kaprylovej z BIO kokosového oleja. Alergény: Neobsahuje Krajina pôvodu: India Vyrobené na: Nemecko",https://powerlogy.com/powerlogy-organic-c8-mct-oil-500-ml/3-pack/,Powerlogy,Powerlogy,https://media.powerlogy.com/1/live/20260910123120/500751-3-pack-v3.webp,in_stock,80.85 EUR,74.55 EUR,,,500751,new,Funkčná výživa > MCT olej > BIO MCT Oleje,,,https://powerlogy.com/,true,14,https://powerlogy.com/o-nakupe/vseobecne-obchodne-podmienky,true,4.95,167,SK,SK,food,bio-mct-oleje,in-stock,multipack,false
501722_3,Powerlogy Upgraded Organic Berries 3 x 250 g,"BIO superfood mix 5 druhov bobuľového ovocia a prebiotickej vlákniny • Bez lepku, mlieka a pridaného cukru • Výživa + podpora trávenia a mikrobiómu • Vhodné pre vegánov • Balenie obsahuje cca 25 porcií (1 porcia = 10 g) • Len 2,6 g cukru na jednu porciu  Popis výrobku: BIO nápoj v prášku z 5 druhov bobuľového ovocia obohatený o prebiotické oligosacharidy z koreňa čakanky Hmotnosť: 250 g Zloženie: prášok z BIO bobuľového ovocia (BIO lesné čučoriedky, BIO bobule goji, BIO maliny, BIO čierne ríbezle, BIO jahody), BIO čakanková oligofruktóza (čiastočne enzymaticky hydrolyzovaný inulín), prášok z BIO chia semienok, prášok z BIO ľanových semienok, BIO šípkový prášok, prášok z BIO červenej repy, si Alergény: Neobsahuje Vyrobené na: Slovensko",https://powerlogy.com/upgraded-organic-berries/3-pack/,Powerlogy,Powerlogy,https://media.powerlogy.com/1/live/20260910123121/501722-3-pack-v3.webp,in_stock,83.85 EUR,43.95 EUR,,,501722,new,Funkčná výživa > Superpotraviny > Bobuľové ovocie,,,https://powerlogy.com/,true,14,https://powerlogy.com/o-nakupe/vseobecne-obchodne-podmienky,true,4.93,84,SK,SK,food,bobuľové-ovocie,in-stock,multipack,false
502307_3,Powerlogy Upgraded Deep Sleep 3 x 60 kapsúl,"Komplex funkčných látok na upokojenie nervového systému a podporu kvalitného spánku Vlastnosti, vďaka ktorým sa na náš Upgraded Deep Sleep môžete spoľahnúť: Čisté zloženie a 100 % dôraz na funkčnú dávku. Vedecky dokázané účinky vybraných látok v synergickej kombinácii. GABA, 5-HTP, horčík a špeciálny komplex RelaxPLX® (Verbena). Priamy účinok na mozog a nervový systém cez optimalizáciu neurotransmiterov. Neobsahuje melatonín, ale cieli na jeho prekurzory, takže telo si melatonín vytvorí samé. Vegánske kapsule 100 % bez lepku, mlieka a alergénov. V Powerlogy robíme maximum pre vývoj inovatívnych funkčných potravín a doplnkov výživy, ktoré majú pomáhať kultivácii našej Human Power každý deň. Naším cieľom je podpora nadpriemerného fyzického i mentálneho výkonu, avšak bez obety zdravia. Veríme, že kvalitný spánok je kľúčovým predpokladom dlhodobého zdravia. Produkt spĺňa najvyššie kritériá kvality a prešiel laboratórnym aj osobným testovaním. Je určený na dlhodobé užívanie. V čom je Upgraded Deep Sleep unikátny Powerlogy Upgraded Deep Sleep sme vyvíjali a konzultovali s odborníkmi na výživu mozgu vyše roka. Naším cieľom bolo priniesť na trh naozaj funkčný, komplexný a efektívny doplnok výživy, ktorý prinesie každodenné benefity. Najmä pri regulácii nervového systému, znížení stavov úzkosti a stresu prameniaceho z prestimulovanej mysle. Svieže ráno bez omámenia Ide o spôsob relaxácie, ktorý nie je umelý. Doplnok neobsahuje melatonín alebo iné látky, ktoré by vás priamo „uspali“. Vďaka inovatívnemu zloženiu podporuje prirodzené procesy prispievajúce k zníženiu napätia a kvalitnému spánku. Nie sú návykové a ráno nespôsobujú vedľajšie účinky „omámenia“. Ak je vaším cieľom zlepšiť spánok v náročných dňoch so sviežim prebudením, Upgraded Deep Sleep je správne riešenie. Výber ingrediencií, kvalita a čistota sú pri doplnkoch výživy kritické parametre. Samozrejme, správna spánková rutina a eliminácia modrého svetla je základom. Trúfame si však povedať, že Powerlogy Upgraded Deep Sleep patrí práve vďaka unikátnemu zloženiu medzi najefektívnejšie riešenia bez obsahu melatonínu. Popis výrobku: Výživový doplnok. Balenie obsahuje 60 kapsúl. Denná dávka = 2 kapsuly ~1520 mg. Hmotnosť: 45,6 g Počet kapsúl: 60 ks Alergény: neobsahuje Vyrobené v: Česká republika",https://powerlogy.com/powerlogy-upgraded-deep-sleep-60-kapsul/3-pack/,Powerlogy,Powerlogy,https://media.powerlogy.com/1/live/20260910123125/502307-3-pack-v3.webp,in_stock,104.85 EUR,96.55 EUR,,,502307,new,Výživové doplnky > Nootropiká,,,https://powerlogy.com/,true,14,https://powerlogy.com/o-nakupe/vseobecne-obchodne-podmienky,false,4.90,10,SK,SK,supplement,nootropiká,in-stock,multipack,false
515277_3,Powerlogy Organic Cinnamon Oatmeal 3 x 350 g,"Bezlepková BIO raňajková kaša s jablkami, škoricou, chia semienkami a mandľami V čom je BIO škoricová kaša jedinečná? Po veľkom úspechu Powerlogy granoly rozširujeme raňajkovú ponuku o škoricovo-jablkovú raňajkovú kašu. Na trhu nám totiž chýbajú 100 % bezlepkové a zároveň kvalitatívne vyvážené raňajkové riešenia, ktoré majú optimálne nutričné zloženie bez pridaného cukru a s vysokým obsahom vlákniny. Nová kaša je navyše v BIO kvalite z udržateľného poľnohospodárstva. Receptúra je čisto rastlinného pôvodu a tak je vhodná aj pre striktných vegetariánov či vegánov. Harmóniu čistej chuti sme dosiahli výberom prírodných ingrediencií. Vločky sú jemné a ľahko sa vám okamžite premenia na lahodnú kašu, ktorú si môžete pripraviť na teplo, ale aj na studeno. Raňajky či rýchly snack si vás podmania chuťou mandlí, voňavej škorice, sušených jabĺk a časom prípravy, ktorý netrvá viac ako 3 minúty. Vlastnosti, vďaka ktorým sa môžete na našu BIO raňajkový kašu spoľahnúť: 100 % bezlepkové a bezmliečne ingrediencie v BIO kvalite. 100 % bez palmového oleja , emulzifikátorov a umelých konzervantov. 100 % prírodné suroviny bez rafinovaného cukru. Menej rýchlych cukrov a vysoký obsah vlákniny pre postupné uvoľňovanie energie. Laboratórne testy na kontrolu ochratoxínov, aflatoxínov a oxidácie orechov. Powerlogy Oatmeal vyrábame v ekologicky certifikovanej výrobe s najvyššími medzinárodnými BRC štandardami výroby a kvality . Receptúra je vyvinutá zakladateľom Powerlogy a špecialistom na funkčné potraviny Dušanom Plichtom, ktorý za svoje receptúry získali už viac ako 10 medzinárodných ocenení Great Taste Awards. Výživové hľadisko zloženia konzultujeme s odborníkmi z vedeckej rady Powerlogy. Z pohľadu precíznej výroby spĺňa táto raňajková kaša náročné kritériá nemeckej BIO kvality pre šetrné spracovanie surovín. Naším cieľom je nielen skvelá chuť, ale rovnako optimálny vplyv na organizmus a vysoká výživová hodnota. Veríme, že kvalitné jedlo mení myslenie, a preto je pre nás vývoj a kvalita každého jedného produktu dôležitou investíciou. A nie iba nevyhnutným nákladom. Popis výrobku: Bezlepkový raňajkový mix s mandľami, jablkami a škoricou. Hmotnosť: 350 g Zloženie: BIO bezlepkové ovsené vločky, BIO mandle, BIO datľový prášok, BIO sušené jablká, BIO tekvicové semienka, BIO quinoa, BIO chia semená (semená šalvie Salvia hispanica), BIO škorica, morská soľ. Vyrobené v: Česká republika Alergény: Orechy (mandle)",https://powerlogy.com/organic-cinnamon-oatmeal/3-pack/,Powerlogy,Powerlogy,https://media.powerlogy.com/1/live/20260910123126/515277-3-pack-v3.webp,in_stock,29.85 EUR,24.95 EUR,,,515277,new,Zdravé potraviny > Raňajkové ovsené kaše > BIO kaše,,,https://powerlogy.com/,true,14,https://powerlogy.com/o-nakupe/vseobecne-obchodne-podmienky,true,4.77,48,SK,SK,food,bio-kaše,in-stock,multipack,false
516335_3,Deortegas Organic Extra Virgin Olive Oil Coupage 3 x 2 l,"Extra panenský BIO olivový olej Coupage vo veľkom balení, vhodný aj na varenie Španielsky BIO extra panenský olivový olej Deortegas Coupage v praktickom bag-in-box balení. Zmes odrôd arbequina, picual, cornicabra a hojiblanca, s jemnou a sviežou chuťou a kyslosťou len 0,2 %. Ideálny na šaláty, ryby, mäso a omáčky. Lisovaný za studena pre zachovanie kvality. Vysoký obsah polyfenolov - 399,4 mg/kg. Deortegas Bag in Box 2L Coupage je výnimočný organický extra panenský olivový olej, ktorý kombinuje odrody arbequina, picual, cornicabra a hojiblanca, čím vytvára jedinečne vyváženú a sviežu chuť. Tento olej je výsledkom šetrného lisovania za studena, vďaka čomu si uchováva všetky dôležité živiny a charakteristické arómy – tóny zelenej paradajky, banánu a aromatických bylín. Má veľmi nízku kyslosť len 0,2 %, čo svedčí o jeho mimoriadnej kvalite. Vďaka tejto jemnosti a všestrannosti je ideálny na každodenné použitie – od šalátov cez ryby a mäso až po omáčky. Navyše, je vyrábaný s maximálnou úctou k prírode a rešpektom k tradičným postupom, čo z neho robí skutočne unikátny produkt pre gurmánov a milovníkov kvalitných surovín. Sme nadšení, že kvalita oleja sa niekoľkokrát potvrdila. Tento olivový olej získal zlatú medailu na súťaži FLOS OLEI 2019. Stal sa najlepším španielskym olivovým olejom a zaradil sa medzi TOP olivové oleje na celom svete. Odroda: arbequina, picual, cornicabra a hojiblanca. Lisovaný za studena z ekologického pestovania. Kyslosť: <0,2 %. Spracovaný s maximálnym rešpektom k životnému prostrediu. ?",https://powerlogy.com/deortegas-organic-extra-virgin-olive-oil-coupage-2l-bag-in-box/3-pack/,Powerlogy,Powerlogy,https://media.powerlogy.com/1/live/20260910123128/516335-3-pack-v3.webp,in_stock,164.85 EUR,156.55 EUR,,,516335,new,Zdravé potraviny > Oleje a ghee maslo > Olivové oleje,,,https://powerlogy.com/,true,14,https://powerlogy.com/o-nakupe/vseobecne-obchodne-podmienky,true,5.00,2,SK,SK,food,olivové-oleje,in-stock,multipack,false
518416_3,Powerlogy Upgraded Enzymes 3 x 60 kapsúl,"Komplex enzýmov na optimalizáciu trávenia a lepšie vstrebávanie živín Komplex 13 tráviacich enzýmov s trojfázovou proteázou a 900 mg betaínu HCl na dennú dávku. Pokrýva rozklad proteínov, tukov, sacharidov aj laktózy. Vegánske kapsuly bez mlieka, sladidiel a GMO. Upgraded Enzymes kombinuje tri skupiny aktívnych zložiek: trojfázovú proteázu pokrývajúcu rozklad proteínov pri rôznych hodnotách pH, širokú zmes 12 enzýmov pre tuky, sacharidy aj vlákninu, a betaín HCl pre podporu žalúdočnej kyslosti. Zatiaľ čo bežné tráviace doplnky ponúkajú jeden alebo dva enzýmy, Upgraded Enzymes idú hlbšie - betaín HCl vytvára správne prostredie, trojfázová proteáza rieši rozklad proteínov na viacerých úrovniach a bromelín ho dopĺňa z iného zdroja. Betaín HCl je zdrojom kyseliny chlorovodíkovej, ktorá je nevyhnutná na aktiváciu pepsínu a acidické prostredie optimálne pre rozklad proteínov. Denná dávka 3 kapsúl poskytuje 900 mg betaínu HCl - podstatne vyššie množstvo než bežné tráviace doplnky. Proteázy bývajú aktívne len v úzkom rozsahu pH. Trojfázová kombinácia (pH 3,0 + 4,5 + 6,0) pokrýva rozklad proteínov naprieč rôznymi fázami trávenia - od kyslého žalúdočného prostredia po neutrálnejšie črevné. Bromelín je proteolytický enzým z ananásu (Ananas comosus) s výnimočne vysokou enzymatickou aktivitou - 1 000 000 PU na kapsulu. Dopĺňa trojfázovú proteázu ako doplnkový zdroj proteolytickej aktivity z rastlinného pôvodu. Odporúčané dávkovanie sú 3 kapsuly denne. Kapsuly prehĺtajte vcelku a zapite dostatočným množstvom vody. Najlepšie je užívať ich priamo pred alebo po",https://powerlogy.com/upgraded-enzymes/3-pack/,Powerlogy,Powerlogy,https://media.powerlogy.com/1/live/20260910123129/518416-3-pack-v3.webp,in_stock,65.85 EUR,60.55 EUR,,,518416,new,Výživové doplnky > Vegánske vitamíny a doplnky stravy,,,https://powerlogy.com/,true,14,https://powerlogy.com/o-nakupe/vseobecne-obchodne-podmienky,false,5.00,5,SK,SK,supplement,vegánske-vitamíny-a-doplnky-stravy,in-stock,multipack,false
525218_3,"BONTHÉ Jasmine 3 x 16 x 2,5 g","BIO zelený jazmínový čaj s jemnou chuťou a vôňou, ideálny na chvíle relaxácie BIO zelený čaj s jemnou jazmínovou chuťou ponúka osviežujúci zážitok a príjemnú vôňu. Jazmínové čaje sa tradične vyrábajú tak, že čajové lístky sa premiešajú s kvetmi jazmínu, ktoré im odovzdajú svoju vôňu. Moderný postup však ponecháva jazmínové kvietky natrvalo premiešané s lístkami čaju , čím sa dosiahne nielen intenzívna vôňa, ale aj vizuálna atraktívnosť. Kvalitné zloženie zaručuje prirodzenú chuť, ideálnu na chvíle relaxácie a pohody. Je vyrobený z kvalitných surovín a balený v biodegradovateľných pyramídových vrecúškach , ktoré zachovávajú čerstvosť a hygienu. Keď som objavil značku Bonthé, okamžite som v nich spoznal spriazneného partnera. Rovnako ako my v Powerlogy, šíria myšlienku, že kvalita a starostlivosť o seba majú byť súčasťou každodenného života. Bonthé spája tradície čajových kultúr s moderným prístupom, čím prináša gurmánsky zážitok v spojení s harmóniou a vnútorným pokojom.",https://powerlogy.com/bonthe-jasmine-16-x-25-g/3-pack/,Powerlogy,Powerlogy,https://media.powerlogy.com/1/live/20260910123130/525218-3-pack-v3.webp,in_stock,26.85 EUR,25.55 EUR,,,525218,new,Zdravé potraviny > Čaje,,,https://powerlogy.com/,true,14,https://powerlogy.com/o-nakupe/vseobecne-obchodne-podmienky,true,5.00,1,SK,SK,food,čaje,in-stock,multipack,false
525282_3,Wild & Coco BIO Coconut Milk (17%) 3 x 400 ml,"BIO kokosové mlieko so 17 % podielom tuku Organické kokosové mlieko so 17 % podielom tuku poslúži ako dokonalá náhrada za živočíšne mlieko s lahodnou kokosovou chuťou a vôňou. Prirodzene neobsahuje laktózu, vďaka čomu je vhodné pre vegánov aj ľudí s laktózovou intoleranciou. Vyrobené na Slovensku. Wild & Coco, česká značka založená v roku 2015 biohackerom Atreyom a manželkou Kateřinou Rae , vznikla s jasnou víziou – odhaliť a využiť skrytý potenciál kokosu. Táto na prvý pohľad nenápadná surovina sa stala základom produktov, ktoré prirodzene zapadnú do bežného jedálnička a ponúkajú nové, originálne chuťové a výživové zážitky. Atrey a jeho tím dbajú na každý detail – od výberu organických ingrediencií až po precízne spracovanie. Ich produkty oslovujú vedomých spotrebiteľov, ktorí hľadajú prírodné a efektívne riešenia na skvalitnenie každodenného života. Skladujte pri izbovej teplote (20 - 30 °C). Chráňte pred priamym slnečným svetlom alebo inými zdrojmi tepla. V chladných podmienkach (pod 20 °C) má kokosové mlieko prirodzenú tendenciu tuhnúť. Po otvorení prelejte do nekovovej nádoby, uchovávajte v chladničke a spotrebujte do 3 dní.",https://powerlogy.com/wild-and-coco-bio-coconut-milk-17-400-ml/3-pack/,Powerlogy,Powerlogy,https://media.powerlogy.com/1/live/20260910123131/525282-3-pack-v3.webp,in_stock,8.85 EUR,8.55 EUR,,,525282,new,Zdravé potraviny > Rastlinné mlieka a nápoje,,,https://powerlogy.com/,true,14,https://powerlogy.com/o-nakupe/vseobecne-obchodne-podmienky,true,,,SK,SK,food,rastlinné-mlieka-a-nápoje,in-stock,multipack,false
525283_3,Wild & Coco BIO Virgin Coconut Oil 3 x 300 ml,"BIO panenský RAW kokosový olej Panenský RAW kokosový olej v biokvalite lisovaný za studena vyrobený odstreďovaním. Má univerzálne využitie v kuchyni, ale aj v starostlivosti o vlasy, nechty či pokožku. Wild & Coco, česká značka založená v roku 2015 biohackerom Atreyom a manželkou Kateřinou Rae , vznikla s jasnou víziou – odhaliť a využiť skrytý potenciál kokosu. Táto na prvý pohľad nenápadná surovina sa stala základom produktov, ktoré prirodzene zapadnú do bežného jedálnička a ponúkajú nové, originálne chuťové a výživové zážitky. Atrey a jeho tím dbajú na každý detail – od výberu organických ingrediencií až po precízne spracovanie. Ich produkty oslovujú vedomých spotrebiteľov, ktorí hľadajú prírodné a efektívne riešenia na skvalitnenie každodenného života.",https://powerlogy.com/wild-and-coco-bio-virgin-coconut-oil-300-ml/3-pack/,Powerlogy,Powerlogy,https://media.powerlogy.com/1/live/20260910123135/525283-3-pack-v3.webp,out_of_stock,22.65 EUR,21.55 EUR,,,525283,new,Zdravé potraviny > Oleje a ghee maslo > Kokosové oleje,,,https://powerlogy.com/,true,14,https://powerlogy.com/o-nakupe/vseobecne-obchodne-podmienky,true,5.00,2,SK,SK,food,kokosové-oleje,out-of-stock,multipack,false
525316_3,Wild & Coco BIO Coconut Milk (22%) 3 x 400 ml,"BIO kokosové mlieko s 22 % tuku Organické kokosové mlieko s 22 % tuku ako skvelá náhrada živočíšnej smotany. Obsahuje veľké množstvo MCT tukov , ktoré sú zdravým a rýchlym zdrojom energie. Je vyrobené na Slovensku a vhodné pre vegánov, ľudí s intoleranciou na laktózu aj tých, ktorí majú problém s trávením tukov. Wild & Coco, česká značka založená v roku 2015 biohackerom Atreyom a manželkou Kateřinou Rae , vznikla s jasnou víziou – odhaliť a využiť skrytý potenciál kokosu. Táto na prvý pohľad nenápadná surovina sa stala základom produktov, ktoré prirodzene zapadnú do bežného jedálnička a ponúkajú nové, originálne chuťové a výživové zážitky. Atrey a jeho tím dbajú na každý detail – od výberu organických ingrediencií až po precízne spracovanie. Ich produkty oslovujú vedomých spotrebiteľov, ktorí hľadajú prírodné a efektívne riešenia na skvalitnenie každodenného života.",https://powerlogy.com/wild-and-coco-bio-coconut-milk-22-400-ml/3-pack/,Powerlogy,Powerlogy,https://media.powerlogy.com/1/live/20260910123136/525316-3-pack-v3.webp,in_stock,10.05 EUR,9.55 EUR,,,525316,new,Zdravé potraviny > Rastlinné mlieka a nápoje,,,https://powerlogy.com/,true,14,https://powerlogy.com/o-nakupe/vseobecne-obchodne-podmienky,true,5.00,3,SK,SK,food,rastlinné-mlieka-a-nápoje,in-stock,multipack,false
525318_3,Wild & Coco BIO Dried coconut milk 3 x 300 g,"BIO sušené kokosové mlieko Sušené kokosové mlieko v prášku s lahodnou chuťou a vôňou . Je dokonalou náhradou živočíšneho mlieka aj smotany, pretože prirodzene neobsahuje laktózu . Skvelý pomocník do každej kuchyne nielen pre jeho široké využitie, ale aj trvanlivosť a skladnosť. Vyrobené na Slovensku. Wild & Coco, česká značka založená v roku 2015 biohackerom Atreyom a manželkou Kateřinou Rae , vznikla s jasnou víziou – odhaliť a využiť skrytý potenciál kokosu. Táto na prvý pohľad nenápadná surovina sa stala základom produktov, ktoré prirodzene zapadnú do bežného jedálnička a ponúkajú nové, originálne chuťové a výživové zážitky. Atrey a jeho tím dbajú na každý detail – od výberu organických ingrediencií až po precízne spracovanie. Ich produkty oslovujú vedomých spotrebiteľov, ktorí hľadajú prírodné a efektívne riešenia na skvalitnenie každodenného života.",https://powerlogy.com/wild-and-coco-bio-dried-coconut-milk-300-g/3-pack/,Powerlogy,Powerlogy,https://media.powerlogy.com/1/live/20260910123137/525318-3-pack-v3.webp,in_stock,23.85 EUR,22.55 EUR,,,525318,new,Zdravé potraviny > Rastlinné mlieka a nápoje,,,https://powerlogy.com/,true,14,https://powerlogy.com/o-nakupe/vseobecne-obchodne-podmienky,true,5.00,5,SK,SK,food,rastlinné-mlieka-a-nápoje,in-stock,multipack,false
525327_3,Puori Omega 3 tekutý 3 x 150 ml,"Vysoko koncentrovaný tekutý rybí olej Rybí olej z ančovičiek s prírodnou citrónovou arómou a vysokou koncentráciou EPA a DHA. Zabezpečuje optimálnu rovnováhu mastných kyselín v tele, čím prispieva k zdraviu srdca, mozgu a znižuje zápalové procesy. Dánska značka Puori vznikla v roku 2009 vďaka dvom biohackerským vizionárom, ktorých som mal česť stretnúť na výstave Organic Nordic Foods v Malmö. Oliver Amdrup-Chamby a Julius Heslet zdieľajú hodnoty kvality a inovácie podobné Powerlogy. Omega-3 mastné kyseliny sú esenciálne živiny, ktoré si telo nedokáže vyrobiť samo, no sú kľúčové pre zdravie mozgu, srdca a celkovú rovnováhu organizmu. Väčšina stravy obsahuje vysoký pomer omega-6 mastných kyselín, čo môže viesť k zápalom. Puori O3 dopĺňa omega-3 mastné kyseliny EPA a DHA. EPA a DHA prispievajú k správnej funkcii srdca. Puori O3L pochádza z ančovičiek lovených udržateľnými metódami v Tichom oceáne. Olej prechádza šetrným čistením na odstránenie ťažkých kovov a iných nečistôt. Prírodná citrónová aróma eliminuje rybiu pachuť, vďaka čomu je doplnok príjemný na konzumáciu. Julius Heslet a Oliver Amdrup sú nadšenci pre čisté a udržateľné zdravie. Ich poslaním je vytvárať prémiové doplnky výživy z tých najčistejších prírodných ingrediencií, ktoré podporujú zdravie, výkon a rovnováhu. Veria, že transparentnosť a kvalita sú kľúčom k zdraviu a lepšiemu životu.",https://powerlogy.com/puori-omega-3-tekuty-150-ml/3-pack/,Powerlogy,Powerlogy,https://media.powerlogy.com/1/live/20260910123138/525327-3-pack-v3.webp,in_stock,119.85 EUR,113.95 EUR,,,525327,new,Výživové doplnky > Omega-3 kyseliny,,,https://powerlogy.com/,true,14,https://powerlogy.com/o-nakupe/vseobecne-obchodne-podmienky,false,,,SK,SK,supplement,omega-3-kyseliny,in-stock,multipack,false
525328_3,Puori Magnesium complex 3 x 120 kapsúl,"Komplex magnézia, zinku a vitamínu B6 Kombinácia ľahko vstrebateľného magnézia, zinku a vitamínu B6 z prírodných zdrojov. Podporuje regeneráciu svalov, zmierňuje stres a únavu a je nevyhnutný pre správnu funkciu nervovej sústavy. Dánska značka Puori vznikla v roku 2009 vďaka dvom biohackerským vizionárom, ktorých som mal česť stretnúť na výstave Organic Nordic Foods v Malmö. Oliver Amdrup-Chamby a Julius Heslet zdieľajú hodnoty kvality a inovácie podobné Powerlogy. Magnézium je esenciálny minerál , ktorý sa podieľa na viac ako 300 biochemic ký ch procesoch v tele. Zohráva kľúčovú úlohu pri správnom fungovaní nervovej sústavy, svalovej kontrakcii a energetickom metabolizme . Jeho dostatočný príjem je nevyhnutný pre reguláciu krvného tlaku, zdravie srdca a prevenciu svalových kŕčov . Nedostatok magnézia môže viesť k únave, podráždenosti, svalovým kŕčom, problémom so spánkom a zhoršenej koncentrácii . Moderná strava často obsahuje nízke množstvo tohto minerálu, preto je vhodné ho dopĺňať prostredníctvom kvalitných foriem. Puori M3 je vyrobený z prírodných a vysoko vstrebateľných foriem minerálov , ktoré zabezpečujú ich maximálnu účinnosť v tele. Magnézium pochádza z morskej vody a spodnej pôdy , pričom obsahuje dve chelatované formy – citrát a bisglycinát, ktoré sú známe pre svoju vynikajúcu absorpciu a šetrnosť k tráviacemu systému. Julius Heslet a Oliver Amdrup sú nadšenci pre čisté a udržateľné zdravie. Ich poslaním je vytvárať prémiové doplnky výživy z tých najčistejších prírodných ingrediencií, ktoré podporujú",https://powerlogy.com/puori-magnesium-complex-120-kapsul/3-pack/,Powerlogy,Powerlogy,https://media.powerlogy.com/1/live/20260910123139/525328-3-pack-v3.webp,in_stock,107.85 EUR,102.55 EUR,,,525328,new,Výživové doplnky > Horčík > Horčík pre deti,,,https://powerlogy.com/,true,14,https://powerlogy.com/o-nakupe/vseobecne-obchodne-podmienky,false,,,SK,SK,supplement,horčík-pre-deti,in-stock,multipack,false
525329_3,Puori Vitamin D3 3 x 120 kapsúl,"Vitamín D3 2500IU Vitamín D3 extrahovaný z lanolínu , zmiešaný s organickým kokosovým olejom pre lepšiu vstrebateľnosť. Vitamín D prispieva k udržaniu zdravých kostí a zubov, k správnej funkcii svalov a k správnemu fungovaniu imunitného systému. Dánska značka Puori vznikla v roku 2009 vďaka dvom biohackerským vizionárom, ktorých som mal česť stretnúť na výstave Organic Nordic Foods v Malmö. Oliver Amdrup-Chamby a Julius Heslet zdieľajú hodnoty kvality a inovácie podobné Powerlogy. Vitamín D prispieva k udržaniu zdravých kostí a k správnemu fungovaniu imunitného systému. V našom podnebnom pásme je jeho prirodzená produkcia obmedzená, najmä počas zimných mesiacov, preto je dopĺňanie vitamínu D3 dôležité pre udržanie optimálneho zdravia. Puori D3 obsahuje vitamín D3 získaný z lanolínu, prírodnej zložky ovčej vlny , a je zmiešaný s organickým panenským kokosovým olejom pre lepšiu vstrebateľnosť. Produkt neobsahuje umelé prísady a je vhodný pre vegetariánov . Julius Heslet a Oliver Amdrup sú nadšenci pre čisté a udržateľné zdravie. Ich poslaním je vytvárať prémiové doplnky výživy z tých najčistejších prírodných ingrediencií, ktoré podporujú zdravie, výkon a rovnováhu. Veria, že transparentnosť a kvalita sú kľúčom k zdraviu a lepšiemu životu.",https://powerlogy.com/puori-vitamin-d3-120-kapsul/3-pack/,Powerlogy,Powerlogy,https://media.powerlogy.com/1/live/20260910123141/525329-3-pack-v3.webp,in_stock,71.85 EUR,68.55 EUR,,,525329,new,Výživové doplnky > Vitamín D,,,https://powerlogy.com/,true,14,https://powerlogy.com/o-nakupe/vseobecne-obchodne-podmienky,false,,,SK,SK,supplement,vitamín-d,in-stock,multipack,false
525330_3,Puori Vitamin C 3 x 20 šumivých tabliet,"Prírodný šumivý vitamín C Osviežujúci šumivý nápoj, ktorý kombinuje prírodný vitamín C zo šípok, goji a aceroly s výťažkami z ginkgo biloba a yerba mate. Neobsahuje umelé farbivá ani sladidlá a má jedinečné pomalé rozpúšťanie. Dánska značka Puori vznikla v roku 2009 vďaka dvom biohackerským vizionárom, ktorých som mal česť stretnúť na výstave Organic Nordic Foods v Malmö. Oliver Amdrup-Chamby a Julius Heslet zdieľajú hodnoty kvality a inovácie podobné Powerlogy. Vitamín C je esenciálny vitamín, ktorý si naše telo nedokáže samo vyrobiť. Podporuje imunitný systém, prispieva k regenerácii tkanív a pôsobí ako antioxidant . Jeho dostatočný príjem je kľúčový pre celkové zdravie a vitalitu. Puori C3 obsahuje vitamín C z prírodných zdrojov, ako sú šípky, goji a acerola . Nápoj je ochutený extraktom z manga a pomaranča a sladený stéviou. Pomalé rozpúšťanie je dosiahnuté použitím inulínu a prírodných škrobov namiesto umelých chemických látok. Julius Heslet a Oliver Amdrup sú nadšenci pre čisté a udržateľné zdravie. Ich poslaním je vytvárať prémiové doplnky výživy z tých najčistejších prírodných ingrediencií, ktoré podporujú zdravie, výkon a rovnováhu. Veria, že transparentnosť a kvalita sú kľúčom k zdraviu a lepšiemu životu.",https://powerlogy.com/puori-vitamin-c-20-sumivych-tabliet/3-pack/,Powerlogy,Powerlogy,https://media.powerlogy.com/1/live/20260910123144/525330-3-pack-v3.webp,in_stock,50.85 EUR,48.55 EUR,,,525330,new,Výživové doplnky > Vitamín C,,,https://powerlogy.com/,true,14,https://powerlogy.com/o-nakupe/vseobecne-obchodne-podmienky,false,,,SK,SK,supplement,vitamín-c,in-stock,multipack,false
525331_3,Puori B-Complex Pure Energy 3 x 60 kapsúl,"Komplex vitamínov skupiny B Komplex vitamínov skupiny B v bioaktívnych formách na podporu energie, nervového systému a metabolizmu. Pomáha udržiavať duševnú pohodu , podporuje premenu živín na energiu a je nevyhnutný pre zdravie mozgu a svalov. Dánska značka Puori vznikla v roku 2009 vďaka dvom biohackerským vizionárom, ktorých som mal česť stretnúť na výstave Organic Nordic Foods v Malmö. Oliver Amdrup-Chamby a Julius Heslet zdieľajú hodnoty kvality a inovácie podobné Powerlogy. Vitamíny skupiny B sú nevyhnutné pre mnoho telesných funkcií, vrátane produkcie energie, nervového zdravia a metabolizmu . Ich dostatočný príjem je dôležitý najmä pri zvýšenej fyzickej či psychickej záťaži. Puori B-Complex je navrhnutý tak, aby poskytoval osem esenciálnych vitamínov skupiny B v ich aktívnych formách, čo zvyšuje ich biologickú dostupnosť a účinnosť. Tento doplnok je formulovaný bez zbytočných prísad, umelých farbív či konzervantov , čím sa zabezpečuje jeho čistota a kvalita. Julius Heslet a Oliver Amdrup sú nadšenci pre čisté a udržateľné zdravie. Ich poslaním je vytvárať prémiové doplnky výživy z tých najčistejších prírodných ingrediencií, ktoré podporujú zdravie, výkon a rovnováhu. Veria, že transparentnosť a kvalita sú kľúčom k zdraviu a lepšiemu životu.",https://powerlogy.com/puori-b-complex-pure-energy-60-kapsul/3-pack/,Powerlogy,Powerlogy,https://media.powerlogy.com/1/live/20260910123145/525331-3-pack-v3.webp,in_stock,83.85 EUR,79.55 EUR,,,525331,new,Výživové doplnky > Vitamín B > Vitamín B1,,,https://powerlogy.com/,true,14,https://powerlogy.com/o-nakupe/vseobecne-obchodne-podmienky,false,5.00,1,SK,SK,supplement,vitamín-b1,in-stock,multipack,false
525332_3,Puori Multivitamin & Minerals 3 x 60 kapsúl,"Multivitamín s minerálmi Vyvážený multivitamín s bioaktívnymi formami vitamínov a minerálov , ktorý dopĺňa výživové nedostatky z bežnej stravy. Obsahuje esenciálne živiny potrebné pre energiu, zdravé kosti, pokožku a imunitný systém , pričom je vyrobený bez umelých aditív. Dánska značka Puori vznikla v roku 2009 vďaka dvom biohackerským vizionárom, ktorých som mal česť stretnúť na výstave Organic Nordic Foods v Malmö. Oliver Amdrup-Chamby a Julius Heslet zdieľajú hodnoty kvality a inovácie podobné Powerlogy. Aj pri pestrej strave môže byť náročné získať všetky potrebné živiny v optimálnych množstvách. Puori V poskytuje vyvážené spektrum vitamínov a minerálov v ľahko vstrebateľných formách pre maximálnu účinnosť. Multivitamín Puori V obsahuje len vysokokvalitné bioaktívne formy vitamínov a minerálov z prírodných zdrojov. Neobsahuje umelé farbivá, konzervanty ani syntetické prísady. Kapsula v Puori V je vegánska a vyrobená z rastlinných vlákien, pričom sýta fialová farba pochádza z fialovej mrkvy, ktorá sa extrahuje a pridáva do kapsuly. Julius Heslet a Oliver Amdrup sú nadšenci pre čisté a udržateľné zdravie. Ich poslaním je vytvárať prémiové doplnky výživy z tých najčistejších prírodných ingrediencií, ktoré podporujú zdravie, výkon a rovnováhu. Veria, že transparentnosť a kvalita sú kľúčom k zdraviu a lepšiemu životu.",https://powerlogy.com/puori-multivitamin-minerals-60-kapsul/3-pack/,Powerlogy,Powerlogy,https://media.powerlogy.com/1/live/20260910123146/525332-3-pack-v3.webp,out_of_stock,116.85 EUR,110.95 EUR,,,525332,new,Výživové doplnky > Multivitamíny,,,https://powerlogy.com/,true,14,https://powerlogy.com/o-nakupe/vseobecne-obchodne-podmienky,false,,,SK,SK,supplement,multivitamíny,out-of-stock,multipack,false
525333_3,Puori Creatine+ 3 x 300 g,"Kreatín monohydrát a taurín Kombinácia vysoko kvalitného kreatínu monohydrátu a taurínu pre zlepšenie fyzickej výkonnosti a regenerácie . Podporuje nárast svalovej hmoty, zvyšuje silu a vytrvalosť, čím je ideálny pre športovcov aj aktívnych jedincov. Dánska značka Puori vznikla v roku 2009 vďaka dvom biohackerským vizionárom, ktorých som mal česť stretnúť na výstave Organic Nordic Foods v Malmö. Oliver Amdrup-Chamby a Julius Heslet zdieľajú hodnoty kvality a inovácie podobné Powerlogy. Kreatín je jednou z najviac preskúmaných a účinných látok na podporu športového výkonu . Pomáha rýchlejšie obnovovať energetické zásoby v svaloch a zlepšuje silu, výkon a regeneráciu po cvičení . Navyše v kombinácii s taurínom podporujú hydratáciu aj svalovú vytrvalosť. Puori Creatine obsahuje iba čistý kreatín monohydrát a taurín , bez pridaných farbív, sladidiel alebo iných nežiaducich látok. Produkt je bez lepku, laktózy a vhodný pre vegetariánov . Julius Heslet a Oliver Amdrup sú nadšenci pre čisté a udržateľné zdravie. Ich poslaním je vytvárať prémiové doplnky výživy z tých najčistejších prírodných ingrediencií, ktoré podporujú zdravie, výkon a rovnováhu. Veria, že transparentnosť a kvalita sú kľúčom k zdraviu a lepšiemu životu.",https://powerlogy.com/puori-creatine-300-g/3-pack/,Powerlogy,Powerlogy,https://media.powerlogy.com/1/live/20260910124828/525333-3-pack-w.webp,in_stock,101.85 EUR,96.95 EUR,,,525333,new,Výživové doplnky > Kreatín > Kreatín v akcii,,,https://powerlogy.com/,true,14,https://powerlogy.com/o-nakupe/vseobecne-obchodne-podmienky,false,5.00,1,SK,SK,supplement,kreatín-v-akcii,in-stock,multipack,false
525334_3,"Puori Synbiotics 3 x 30 x 4,5 g","Puori SB3 - probiotiká a prebiotiká s vitamínom C Objavte rovnováhu a podporu imunity s Puori SB3 – kombináciou probiotík, prebiotík a vitamínu C . Obsahuje 13 miliárd živých probiotických baktérií z kmeňov Bifidobacterium BB-12® a Lactobacillus fermentum PCC®, ktoré sú podporené prebiotickou vlákninou a 200 mg vitamínu C. Dánska značka Puori vznikla v roku 2009 vďaka dvom biohackerským vizionárom, ktorých som mal česť stretnúť na výstave Organic Nordic Foods v Malmö. Oliver Amdrup-Chamby a Julius Heslet zdieľajú hodnoty kvality a inovácie podobné Powerlogy. Zdravé črevá sú základom silnej imunity a celkového zdravia. Probiotiká a prebiotiká v Puori SB3 pomáhajú udržiavať optimálnu rovnováhu črevnej mikroflóry , čím podporujú trávenie, vstrebávanie živín a prirodzenú obranyschopnosť organizmu. Vitamín C navyše prispieva k zníženiu únavy a ochrane buniek pred oxidačným stresom. Puori SB3 obsahuje len starostlivo vybrané prírodné zložky bez umelých prísad . Probiotické kultúry Bifidobacterium BB-12® a Lactobacillus fermentum PCC® sú klinicky testované na účinnosť a prebiotická vláknina znižuje nepriaznivé účinky nerovnováhy v črevách. Produkt je testovaný nezávislými organizáciami na čistotu a kvalitu, čím zaručuje maximálnu transparentnosť. Julius Heslet a Oliver Amdrup sú nadšenci pre čisté a udržateľné zdravie. Ich poslaním je vytvárať prémiové doplnky výživy z tých najčistejších prírodných ingrediencií, ktoré podporujú zdravie, výkon a rovnováhu. Veria, že transparentnosť a kvalita sú kľúčom k zdraviu a lepšiemu životu.",https://powerlogy.com/puori-synbiotics-30-x-45-g/3-pack/,Powerlogy,Powerlogy,https://media.powerlogy.com/1/live/20260910141738/525334-3-pack-v4.webp,in_stock,149.85 EUR,142.55 EUR,,,525334,new,Výživové doplnky > Probiotiká,,,https://powerlogy.com/,true,14,https://powerlogy.com/o-nakupe/vseobecne-obchodne-podmienky,false,,,SK,SK,supplement,probiotiká,in-stock,multipack,false
525486_3,"BONTHÉ Mate Lemon 3 x 16 x 2,5 g","Osviežujúci juhoamerický čaj s citrónovou chuťou, ktorý podporuje bdelosť, zvyšuje koncentráciu a zmierňuje únavu Maté Lemon je moderný a štýlový nápoj s výraznou osviežujúcou chuťou citrónov. Pochádza z Južnej Ameriky, kde sa používa ako prirodzený stimulant a náhrada kávy. Tento čaj výborne zmierňuje únavu, zvyšuje koncentráciu a podporuje bdelosť. Obsahuje množstvo vitamínov a minerálov, vďaka čomu prispieva k celkovému zdraviu a kondícii. Je vyrobený z kvalitných surovín a balený v biodegradovateľných pyramídových vrecúškach , ktoré zachovávajú čerstvosť a hygienu. Keď som objavil značku Bonthé, okamžite som v nich spoznal spriazneného partnera. Rovnako ako my v Powerlogy, šíria myšlienku, že kvalita a starostlivosť o seba majú byť súčasťou každodenného života. Bonthé spája tradície čajových kultúr s moderným prístupom, čím prináša gurmánsky zážitok v spojení s harmóniou a vnútorným pokojom.",https://powerlogy.com/bonthe-mate-lemon-16-x-25-g/3-pack/,Powerlogy,Powerlogy,https://media.powerlogy.com/1/live/20260910123148/525486-3-pack-v3.webp,in_stock,26.85 EUR,25.55 EUR,,,525486,new,Zdravé potraviny > Čaje > Bylinkové čaje,,,https://powerlogy.com/,true,14,https://powerlogy.com/o-nakupe/vseobecne-obchodne-podmienky,true,,,SK,SK,food,bylinkové-čaje,in-stock,multipack,false
525487_3,"BONTHÉ Pai Mu Tan 3 x 16 x 2,5 g","Jemný čínsky biely čaj s plnou chuťou orieškov a mandlí, šetrne spracovaný pre zachovanie antioxidantov Pai Mu Tan, známy aj ako Biela pivonka, je slávny čínsky biely čaj s plnou chuťou orieškov a mandlí. Tento čaj patrí medzi najprírodnejšie druhy čajov, pretože je šetrne spracovaný a zachováva vysoký obsah antioxidantov. Vďaka svojej jemnej, no zároveň bohatej chuti je výbornou voľbou pre tých, ktorým nevyhovuje zelený ani čierny čaj. Je vyrobený z kvalitných surovín a balený v biodegradovateľných pyramídových vrecúškach , ktoré zachovávajú čerstvosť a hygienu. Keď som objavil značku Bonthé, okamžite som v nich spoznal spriazneného partnera. Rovnako ako my v Powerlogy, šíria myšlienku, že kvalita a starostlivosť o seba majú byť súčasťou každodenného života. Bonthé spája tradície čajových kultúr s moderným prístupom, čím prináša gurmánsky zážitok v spojení s harmóniou a vnútorným pokojom.",https://powerlogy.com/bonthe-pai-mu-tan-16-x-25-g/3-pack/,Powerlogy,Powerlogy,https://media.powerlogy.com/1/live/20260910123149/525487-3-pack-v3.webp,in_stock,26.85 EUR,25.55 EUR,,,525487,new,Zdravé potraviny > Čaje,,,https://powerlogy.com/,true,14,https://powerlogy.com/o-nakupe/vseobecne-obchodne-podmienky,true,,,SK,SK,food,čaje,in-stock,multipack,false
525490_3,"BONTHÉ Aloe 3 x 16 x 2,5 g","Juhoafrický čaj s citrusovou chuťou a vysokým obsahom antioxidantov Rooibos je jedinečný juhoafrický čaj, ktorý je známy svojou lahodnou citrusovou chuťou a vysokým obsahom antioxidantov . Zelený Rooibos, na rozdiel od červeného, si vďaka špeciálnemu spracovaniu zachováva viac živín a sviežosti. Neobsahuje kofeín, a preto je vhodný na každodenné pitie pre deti aj dospelých. Tento čaj osvieži telo a zároveň podporí trávenie a imunitu. Je vyrobený z kvalitných surovín a balený v biodegradovateľných pyramídových vrecúškach , ktoré zachovávajú čerstvosť a hygienu. Keď som objavil značku Bonthé, okamžite som v nich spoznal spriazneného partnera. Rovnako ako my v Powerlogy, šíria myšlienku, že kvalita a starostlivosť o seba majú byť súčasťou každodenného života. Bonthé spája tradície čajových kultúr s moderným prístupom, čím prináša gurmánsky zážitok v spojení s harmóniou a vnútorným pokojom.",https://powerlogy.com/bonthe-aloe-16-x-25-g/3-pack/,Powerlogy,Powerlogy,https://media.powerlogy.com/1/live/20260910123150/525490-3-pack-v3.webp,out_of_stock,26.85 EUR,25.55 EUR,,,525490,new,Zdravé potraviny > Čaje > Bylinkové čaje,,,https://powerlogy.com/,true,14,https://powerlogy.com/o-nakupe/vseobecne-obchodne-podmienky,true,5.00,2,SK,SK,food,bylinkové-čaje,out-of-stock,multipack,false
525491_3,BONTHÉ Mint 3 x 13 x 2 g,"Bylinkový čaj s osviežujúcou chuťou mäty piepornej na podporu trávenia a relaxáciu Mäta pieporná je bylinkový čaj s typicky sviežou a chladivou chuťou, ktorá osvieži telo aj myseľ . Je ideálny na podporu trávenia, relaxáciu a celkové posilnenie imunity. Tento čaj je vhodný na každodennú konzumáciu, a to kedykoľvek počas dňa, pretože neobsahuje kofeín. Je vyrobený z kvalitných surovín a balený v biodegradovateľných pyramídových vrecúškach , ktoré zachovávajú čerstvosť a hygienu. Keď som objavil značku Bonthé, okamžite som v nich spoznal spriazneného partnera. Rovnako ako my v Powerlogy, šíria myšlienku, že kvalita a starostlivosť o seba majú byť súčasťou každodenného života. Bonthé spája tradície čajových kultúr s moderným prístupom, čím prináša gurmánsky zážitok v spojení s harmóniou a vnútorným pokojom.",https://powerlogy.com/bonthe-mint-13-x-2-g/3-pack/,Powerlogy,Powerlogy,https://media.powerlogy.com/1/live/20260910123153/525491-3-pack-v3.webp,in_stock,23.85 EUR,22.55 EUR,,,525491,new,Zdravé potraviny > Čaje > Bylinkové čaje,,,https://powerlogy.com/,true,14,https://powerlogy.com/o-nakupe/vseobecne-obchodne-podmienky,true,,,SK,SK,food,bylinkové-čaje,in-stock,multipack,false
525493_3,"BONTHÉ Soothing balsam 3 x 16 x 2,5 g","Bylinný čaj s levanduľou a mätou na upokojenie, zmiernenie stresu a podporu spánku Balzam na nervy je bylinná čajová zmes s príjemnou uvoľňujúcou chuťou voňavej levandule a sviežej mäty. Tento čaj je ideálny na upokojenie počas hektického dňa alebo na podporu dobrého spánku. Jeho jedinečné zloženie môže napomáhať pri uvoľňovaní stresu, psychického napätia a bolestiach hlavy. Je vyrobený z kvalitných surovín a balený v biodegradovateľných pyramídových vrecúškach , ktoré zachovávajú čerstvosť a hygienu. Keď som objavil značku Bonthé, okamžite som v nich spoznal spriazneného partnera. Rovnako ako my v Powerlogy, šíria myšlienku, že kvalita a starostlivosť o seba majú byť súčasťou každodenného života. Bonthé spája tradície čajových kultúr s moderným prístupom, čím prináša gurmánsky zážitok v spojení s harmóniou a vnútorným pokojom.",https://powerlogy.com/bonthe-soothing-balsam-16-x-25-g/3-pack/,Powerlogy,Powerlogy,https://media.powerlogy.com/1/live/20260910123155/525493-3-pack-v3.webp,in_stock,26.85 EUR,25.55 EUR,,,525493,new,Zdravé potraviny > Čaje,,,https://powerlogy.com/,true,14,https://powerlogy.com/o-nakupe/vseobecne-obchodne-podmienky,true,,,SK,SK,food,čaje,in-stock,multipack,false
525495_3,BONTHÉ Forest Fruit 3 x 16 x 4 g,"Ovocný čaj s intenzívnou chuťou červeného ovocia, ideálny na relaxáciu a oddych Forest Fruit je ovocný čaj plný intenzívnej chuti červeného ovocia. Jeho podmanivá vôňa a lahodná chuť oslovia všetkých milovníkov ovocných čajov. Tento čaj je ideálny na chvíle oddychu a relaxácie. Obsahuje veľké kúsky sušeného ovocia, ktoré môžete po vylúhovaní aj skonzumovať. Je vyrobený z kvalitných surovín a balený v biodegradovateľných pyramídových vrecúškach , ktoré zachovávajú čerstvosť a hygienu. Keď som objavil značku Bonthé, okamžite som v nich spoznal spriazneného partnera. Rovnako ako my v Powerlogy, šíria myšlienku, že kvalita a starostlivosť o seba majú byť súčasťou každodenného života. Bonthé spája tradície čajových kultúr s moderným prístupom, čím prináša gurmánsky zážitok v spojení s harmóniou a vnútorným pokojom.",https://powerlogy.com/bonthe-forest-fruit-16-x-4-g/3-pack/,Powerlogy,Powerlogy,https://media.powerlogy.com/1/live/20260910123156/525495-3-pack-v3.webp,out_of_stock,26.85 EUR,25.55 EUR,,,525495,new,Zdravé potraviny > Čaje > Ovocné čaje,,,https://powerlogy.com/,true,14,https://powerlogy.com/o-nakupe/vseobecne-obchodne-podmienky,true,,,SK,SK,food,ovocné-čaje,out-of-stock,multipack,false
525496_3,"BONTHÉ Earl Grey 3 x 16 x 2,5 g","Čierny čaj Earl Grey s jemnou arómou bergamotu je ideálny na osvieženie a povzbudenie počas dňa Earl Grey je jedným z najobľúbenejších čajov na svete , známy svojou nezameniteľnou arómou a chuťou. Jeho základ tvorí jemný čierny čaj lahodne doplnený o citrusovú arómu bergamotu , ktorý vám dodá energiu a povzbudí myseľ. Bergamot je citrusové, osviežujúce ovocie, ktoré v závislosti od stupňa zrelosti pripomína limetku alebo citrón. Práve jeho jedinečná aróma a chuť odlišuje Earl Grey od ostatných čiernych čajov. Je vyrobený z kvalitných surovín a balený v biodegradovateľných pyramídových vrecúškach , ktoré zachovávajú čerstvosť a hygienu. Keď som objavil značku Bonthé, okamžite som v nich spoznal spriazneného partnera. Rovnako ako my v Powerlogy, šíria myšlienku, že kvalita a starostlivosť o seba majú byť súčasťou každodenného života. Bonthé spája tradície čajových kultúr s moderným prístupom, čím prináša gurmánsky zážitok v spojení s harmóniou a vnútorným pokojom.",https://powerlogy.com/bonthe-earl-grey-16-x-25-g/3-pack/,Powerlogy,Powerlogy,https://media.powerlogy.com/1/live/20260910123158/525496-3-pack-v3.webp,in_stock,26.85 EUR,25.55 EUR,,,525496,new,Zdravé potraviny > Čaje,,,https://powerlogy.com/,true,14,https://powerlogy.com/o-nakupe/vseobecne-obchodne-podmienky,true,,,SK,SK,food,čaje,in-stock,multipack,false
525508_3,BONTHÉ Chamomile Bio 3 x 13 x 2 g,"BIO čaj s jemnou jazmínovou chuťou, príjemnou vôňou a vizuálnou atraktivitou pre chvíle relaxácie BIO čaj s jemnou jazmínovou chuťou ponúka osviežujúci zážitok a príjemnú vôňu. Jazmínové čaje sa tradične vyrábajú tak, že čajové lístky sa premiešajú s kvetmi jazmínu, ktoré im odovzdajú svoju vôňu. Moderný postup však ponecháva jazmínové kvietky natrvalo premiešané s lístkami čaju , čím sa dosiahne nielen intenzívna vôňa, ale aj vizuálna atraktívnosť. Kvalitné zloženie zaručuje prirodzenú chuť, ideálnu na chvíle relaxácie a pohody. Keď som objavil značku Bonthé, okamžite som v nich spoznal spriazneného partnera. Rovnako ako my v Powerlogy, šíria myšlienku, že kvalita a starostlivosť o seba majú byť súčasťou každodenného života. Bonthé spája tradície čajových kultúr s moderným prístupom, čím prináša gurmánsky zážitok v spojení s harmóniou a vnútorným pokojom.",https://powerlogy.com/bonthe-chamomile-bio-13-x-2-g/3-pack/,Powerlogy,Powerlogy,https://media.powerlogy.com/1/live/20260910123159/525508-3-pack-v3.webp,out_of_stock,23.85 EUR,22.55 EUR,,,525508,new,Zdravé potraviny > Čaje > Bylinkové čaje,,,https://powerlogy.com/,true,14,https://powerlogy.com/o-nakupe/vseobecne-obchodne-podmienky,true,,,SK,SK,food,bylinkové-čaje,out-of-stock,multipack,false
525509_3,BONTHÉ Cinnamon & Apple 3 x 16 x 4 g,"Ovocný čaj s kombináciou sladkých jabĺk a hrejivej škorice Cinnamon & Apple je tradičný ovocný čaj, ktorý spája sladkú šťavnatosť jabĺk s hrejivou arómou škorice . Táto lahodná kombinácia vytvára dokonale vyváženú chuť, ktorá je ideálna na zahriatie počas chladných dní alebo ako príjemný dezertný čaj. Je vyrobený z kvalitných surovín a balený v biodegradovateľných pyramídových vrecúškach , ktoré zachovávajú čerstvosť a hygienu. Keď som objavil značku Bonthé, okamžite som v nich spoznal spriazneného partnera. Rovnako ako my v Powerlogy, šíria myšlienku, že kvalita a starostlivosť o seba majú byť súčasťou každodenného života. Bonthé spája tradície čajových kultúr s moderným prístupom, čím prináša gurmánsky zážitok v spojení s harmóniou a vnútorným pokojom.",https://powerlogy.com/bonthe-cinnamon-apple-16-x-4-g/3-pack/,Powerlogy,Powerlogy,https://media.powerlogy.com/1/live/20260910123200/525509-3-pack-v3.webp,out_of_stock,26.85 EUR,25.55 EUR,,,525509,new,Zdravé potraviny > Čaje > Ovocné čaje,,,https://powerlogy.com/,true,14,https://powerlogy.com/o-nakupe/vseobecne-obchodne-podmienky,true,,,SK,SK,food,ovocné-čaje,out-of-stock,multipack,false
525510_3,"BONTHÉ Tuareg 3 x 16 x 2,5 g","Mätový čaj zo zeleného čaju Gunpowder a nana mäty, ktorý osvieži a povzbudí Tuareg, známy aj ako Marocký mätový čaj, je slávny nápoj zo zeleného čaju Gunpowder a nana mäty . Tento čaj je obľúbený v severozápadnej Afrike, kde sa stal symbolom tradície a pohostinnosti. Jeho výrazná mätová chuť spojená so sviežosťou a jemnou sladkosťou zeleného čaju osvieži počas horúcich dní a povzbudí telo aj myseľ. Je vyrobený z kvalitných surovín a balený v biodegradovateľných pyramídových vrecúškach, ktoré zachovávajú čerstvosť a hygienu. Keď som objavil značku Bonthé, okamžite som v nich spoznal spriazneného partnera. Rovnako ako my v Powerlogy, šíria myšlienku, že kvalita a starostlivosť o seba majú byť súčasťou každodenného života. Bonthé spája tradície čajových kultúr s moderným prístupom, čím prináša gurmánsky zážitok v spojení s harmóniou a vnútorným pokojom.",https://powerlogy.com/bonthe-tuareg-16-x-25-g/3-pack/,Powerlogy,Powerlogy,https://media.powerlogy.com/1/live/20260910123204/525510-3-pack-v3.webp,in_stock,26.85 EUR,25.55 EUR,,,525510,new,Zdravé potraviny > Čaje,,,https://powerlogy.com/,true,14,https://powerlogy.com/o-nakupe/vseobecne-obchodne-podmienky,true,5.00,1,SK,SK,food,čaje,in-stock,multipack,false
525512_3,BONTHÉ Ceremonial Matcha Bio 3 x 30 g,"Tradičný japonský čaj na povzbudenie a detoxikáciu Ceremonial Matcha Bio je unikátny japonský práškový čaj s jemnou chuťou a intenzívnou dochuťou pripomínajúcou mladé vlašské oriešky. Tento čaj je vynikajúcim prostriedkom na povzbudenie, podporu koncentrácie a detoxikáciu organizmu. Vďaka svojej vysokej kvalite a bohatej tradícii je ideálny nielen na každodenné pitie, ale aj na prípravu v rámci tradičných čajových obradov. Je vyrobený z kvalitných surovín a balený vo vákuovo uzavretej plechovici, ktorá zachováva čerstvosť a autentickú chuť. Keď som objavil značku Bonthé, okamžite som v nich spoznal spriazneného partnera. Rovnako ako my v Powerlogy, šíria myšlienku, že kvalita a starostlivosť o seba majú byť súčasťou každodenného života. Bonthé spája tradície čajových kultúr s moderným prístupom, čím prináša gurmánsky zážitok v spojení s harmóniou a vnútorným pokojom. Matcha má špecifický spôsob prípravy, ktorý si vyžaduje dodržiavanie niekoľkých krokov:",https://powerlogy.com/bonthe-ceremonial-matcha-bio-30-g/3-pack/,Powerlogy,Powerlogy,https://media.powerlogy.com/1/live/20260910123205/525512-3-pack-v3.webp,in_stock,68.85 EUR,65.55 EUR,,,525512,new,Zdravé potraviny > Čaje > Matcha,,,https://powerlogy.com/,true,14,https://powerlogy.com/o-nakupe/vseobecne-obchodne-podmienky,true,,,SK,SK,food,matcha,in-stock,multipack,false
525513_3,"BONTHÉ Ginger & Lemon 3 x 16 x 2,5 g","Bylinný čaj s ostrou chuťou zázvoru a sviežimi tónmi citróna, ideálny na zahriatie a osvieženie Ginger & Lemon je bylinná zmes s ostrou chuťou zázvoru a sviežimi tónmi citróna . Tento čaj je výbornou voľbou počas zimných dní na zahriatie, no zároveň osvieži a povzbudí. Má široké spektrum priaznivých účinkov, od podpory trávenia až po zmiernenie príznakov nachladnutia. Je vyrobený z kvalitných surovín a balený v biodegradovateľných pyramídových vrecúškach , ktoré zachovávajú čerstvosť a hygienu. Keď som objavil značku Bonthé, okamžite som v nich spoznal spriazneného partnera. Rovnako ako my v Powerlogy, šíria myšlienku, že kvalita a starostlivosť o seba majú byť súčasťou každodenného života. Bonthé spája tradície čajových kultúr s moderným prístupom, čím prináša gurmánsky zážitok v spojení s harmóniou a vnútorným pokojom.",https://powerlogy.com/bonthe-ginger-lemon-16-x-25-g/3-pack/,Powerlogy,Powerlogy,https://media.powerlogy.com/1/live/20260910123207/525513-3-pack-v3.webp,out_of_stock,26.85 EUR,25.55 EUR,,,525513,new,Zdravé potraviny > Čaje,,,https://powerlogy.com/,true,14,https://powerlogy.com/o-nakupe/vseobecne-obchodne-podmienky,true,,,SK,SK,food,čaje,out-of-stock,multipack,false
527441_3,Powerlogy Upgraded Keto Rosemary Granola 3 x 350 g,"Bezlepková slaná keto granola s čakankovou vlákninou, kokosovými čipsami a orechmi Slaná Upgraded Keto Granola Rosemary rieši keto-snackovú dilemu . Či už ťa čaká maratón meetingov, dlhá cesta vlakom alebo zaslúžený oddych pri filme, už si nemusíš odriekať čipsy. Vychutnaj si ju priamo z balenia, nasyp na šalát alebo na krémovú polievku. Bez vločiek, zato plná pražených orechov, kokosu a semienok prevoňaných rozmarínom a olivovým olejom. Chrumkavá, výživná, nabitá zdravými tukmi a vlákninou. Výskumy potvrdzujú, že vysoký obsah vlákniny v dennom stravovaní podporuje mikrobióm 1-2 . Zároveň zabezpečí zdravú sýtosť 3 a stabilnú hladinu cukru v krvi. 4 Navyše prebiotická čakanková vláknina pomáha s významným znížením celkového aj LDL cholesterolu. 4-5 Sušený rozmarín pre aromatickú bylinkovú chuť a stredomorskú nôtu. Extrémne nízky obsah sacharidov dosahujeme vďaka úplnému vynechaniu obilnín. Namiesto nich kombinácia prémiových surovin, ktoré dodávajú zdravé tuky, bielkoviny a vlákninu pre dlhotrvajúcu sýtosť. Bežné cereálie a slané snacky stoja na rýchlych sacharidoch – energia vrcholí už do 30–60 minút a následne klesá. Upgraded Keto Rosemary Granola s nízkym obsahom sacharidov (10,9 g) a vysokým podielom bielkovín (14,9 g) doplneným o tuky mení jej uvoľňovanie – nástup energie je plynulejší a priebeh stabilnejší, bez výrazného poklesu. 1-3 Sladké cereálie a cukrové raňajky Bežné slané snacky a cereálie Upgraded Keto Rosemary Granola https://www.youtube.com/shorts/BFNahdWT5oE Čo je prebiotická vláknina? Prebiotická vláknina je typ vlákniny, ktorú ľudský organ",https://powerlogy.com/upgraded-keto-rosemary-granola-350g/3-pack/,Powerlogy,Powerlogy,https://media.powerlogy.com/1/live/20260910123208/527441-3-pack-v3.webp,in_stock,29.85 EUR,27.55 EUR,,,527441,new,Zdravé potraviny > Granola a müsli > Keto granola,,,https://powerlogy.com/,true,14,https://powerlogy.com/o-nakupe/vseobecne-obchodne-podmienky,true,4.85,26,SK,SK,food,keto-granola,in-stock,multipack,false
528298_3,"BONTHÉ Strawberry 3 x 16 x 2,5 g","Biely čaj s jemnou ovocnou chuťou lesných jahôd a sviežim dotykom aloe, ideálny na osvieženie a relaxáciu BIO biely čaj s lahodnou chuťou lesných jahôd a sviežeho aloe ponúka harmonickú kombináciu ovocnej sladkosti a jemnej čajovej arómy. Biely čaj patrí medzi najmenej spracované druhy čaju, čím si zachováva vysoký obsah antioxidantov a prirodzenú sviežosť. Moderný výrobný proces umožňuje zachovanie intenzívnej vône a chuti čerstvých jahôd a aloe, čím vzniká osviežujúci a príjemný čajový zážitok. Kvalitné zloženie zabezpečuje čistotu a autentickosť každej šálky, pričom čaj je balený v biodegradovateľných pyramídových vrecúškach , ktoré zachovávajú čerstvosť a hygienu. Keď som objavil značku Bonthé, okamžite som v nich spoznal spriazneného partnera. Rovnako ako my v Powerlogy, šíria myšlienku, že kvalita a starostlivosť o seba majú byť súčasťou každodenného života. Bonthé spája tradície čajových kultúr s moderným prístupom, čím prináša gurmánsky zážitok v spojení s harmóniou a vnútorným pokojom.",https://powerlogy.com/bonthe-strawberry-16-x-25-g/3-pack/,Powerlogy,Powerlogy,https://media.powerlogy.com/1/live/20260910123209/528298-3-pack-v3.webp,in_stock,26.85 EUR,25.55 EUR,,,528298,new,Zdravé potraviny > Čaje > Ovocné čaje,,,https://powerlogy.com/,true,14,https://powerlogy.com/o-nakupe/vseobecne-obchodne-podmienky,true,,,SK,SK,food,ovocné-čaje,in-stock,multipack,false
528999_3,Powerlogy Upgraded Protein Oatmeal Strawberry 3 x 350 g,"Bezlepková raňajková kaša s vegánskym proteínom, MCT tukmi, prebiotickou vlákninou a chia semienkami Proteínové raňajky pre tých najaktívnejších. 21 g rastlinného proteínu zo zmesi hrachu, konope a ryže pre regeneráciu a svalovú syntézu. Palatinose™ zabezpečí stabilnú energiu bez výkyvu na 3–4 hodiny. Bez palmového oleja, emulgátorov a umelých prísad. Vyrobené na Slovensku. Lyofilizované jahody pre prirodzenú ovocnú sviežosť bez pridaného cukru. Konopné semienka pre chrumkavú textúru, kompletný proteín a zdravé omega-3 tuky. Kokosové lupienky pre jemnú exotickú chuť a rýchlo dostupnú energiu. Glukóza a maltodextrín — sacharidy používané v bežných raňajkách — sa vstrebávajú rýchlo a spôsobujú prudký nárast a následný pokles energie. Upgraded Protein Oatmeal využíva Palatinose™, ktorý telo spaľuje pomalšie a rovnomerne — energia nastupuje plynulo a vydrží bez poklesu celé ráno. 1–3 Glukóza Maltodextrín Palatinose™ Zloženie, ktoré má zmysel Každá ingrediencia má konkrétnu funkciu. Bez plnív, emulgátorov, umelých aróm ani palmového oleja. Laboratórne testované na mykotoxíny a ďalšie kontaminanty. DIAAS (Digestible Indispensable Amino Acid Score) je najmodernejšia metodika hodnotenia kvality bielkovín podľa WHO/FAO. Oproti zastaranej metóde PDCAAS zohľadňuje skutočnú stráviteľnosť každej aminokyseliny. Kombináciou hrachu, konope a ryže dosahujeme výrazne vyšší profil — takmer na úrovni živočíšnych proteínov. Odporúčaná porcia je 50 g. Ovsenú kašu si môžete pripraviť teplú aj studenú — podľa chuti a času. Prémiovú líniu Powerlogy Upgraded som vytvoril pre najnáročnejších zákazníko",https://powerlogy.com/powerlogy-upgraded-protein-oatmeal-strawberry-350-g/3-pack/,Powerlogy,Powerlogy,https://media.powerlogy.com/1/live/20260910123210/528999-3-pack-v3.webp,in_stock,29.85 EUR,27.55 EUR,,,528999,new,Zdravé potraviny > Raňajkové ovsené kaše > Proteínové kaše,,,https://powerlogy.com/,true,14,https://powerlogy.com/o-nakupe/vseobecne-obchodne-podmienky,true,4.73,11,SK,SK,food,proteínové-kaše,in-stock,multipack,false
529043_3,Powerlogy Fizzy Collagen Green Apple 3 x 300 g,"Šumivý grass fed kolagén s vitamínom C a jablkovou príchuťou 100 % čistý, hydrolyzovaný grass fed kolagén z európskeho zdroja sme vylepšili o vitamín C a trochu šumivosti. Dennú dávku kolagénu si tak ľahko vychutnáte vo forme osviežujúceho nápoja s prírodnou príchuťou zeleného jablka. Jedna denná dávka (10 g) obsahuje 6 600 mg čistého kolagénu, ktorý efektívne vyživí vašu pokožku, vlasy, nechty, šľachy a kĺby. Kolagén typu I a III, bez cukru, lepku, mlieka a umelých sladidiel. 1-2 Fizzy Collagen stojí na dvoch zložkách, ktoré majú zmysel — grass-fed hovädzí kolagén a prírodný vitamín C z aceroly. Šumivý formát je len spôsob, ako si tento rituál dopriať každý deň s radosťou. Kvalita finálneho kolagénu začína už na pastvine. Surovinu získavame od certifikovaných európskych dodávateľov s overeným etickým chovom a plnou dohľadateľnosťou šarží. Fyzický efekt Fizzy Collagenu nie je len v chuti. Každý prvok receptúry má vedecké opodstatnenie — od spôsobu spracovania kolagénu až po úlohu vitamínu C. Enzymaticky hydrolyzované peptidy s nízkou molekulárnou hmotnosťou sa vstrebávajú efektívnejšie než celý proteín a dostávajú sa priamo do tkanív. 1 Vitamín C z aceroly je nevyhnutný kofaktor enzýmov prolyl a lysyl hydroxylázy — bez neho telo nedokáže správne skladať nové kolagénové vlákna. 2 Klinické štúdie s hydrolyzovaným kolagénom merajú štatisticky významné zmeny pokožky, vlasov a kĺbov v okne 8 až 12 týždňov pravidelného užívania. 3–4 1 odmerka (10 g) v 200–250 ml studenej alebo izbovej vody. Zamiešajte, nechajte prešumiť a vypite ihneď. Kedyk",https://powerlogy.com/powerlogy-fizzy-collagen-green-apple-300-g/3-pack/,Powerlogy,Powerlogy,https://media.powerlogy.com/1/live/20260910123214/529043-3-pack-v3.webp,in_stock,89.85 EUR,73.95 EUR,,,529043,new,Funkčná výživa > Kolagény > Kolagény na kosti a kĺby > Hovädzie kolagény na kĺby,,,https://powerlogy.com/,true,14,https://powerlogy.com/o-nakupe/vseobecne-obchodne-podmienky,false,4.14,14,SK,SK,supplement,hovädzie-kolagény-na-kĺby,in-stock,multipack,false
532139_3,The Buttery Pure Cream 3 x 350 g,"Jemné arašidové maslo z kvalitných sucho pražených hi-oleic arašidov Jemné arašidové maslo vyrobené remeselným spôsobom z jemne mletých sucho pražených hi-oleic arašidov. Extra krémové, bez pridaného cukru, palmového oleja a konzervantov. Ideálny zdroj rastlinných tukov a energie pre každého, kto žije aktívne. Arašidové maslo mám rád, ale dlhé roky mi prekážal vysoký obsah omega-6, ktoré podporujú zápaly. V The Buttery to vyriešili – vďaka špeciálnej odrode arašidov má maslo menej omega-6 a zároveň si drží vysokú kvalitu surovín, čisté zloženie a prísnu kontrolu oxidácie. Značka The Buttery vznikla z jednoduchej túžby: priniesť do Európy poriadne chutné a zároveň výživné arašidové maslo. Po rokoch nosenia kvalitných novozélandských masiel v kufroch späť do Španielska sa Zander a Bri rozhodli vybudovať vlastnú značku v srdci Barcelony – s láskou, ručne a poctivo. Skvelé do kaší, smoothies, toastov aj dezertov. Ideálne na raňajky alebo ako rýchly snack pred či po tréningu.",https://powerlogy.com/the-buttery-pure-cream/3-pack/,Powerlogy,Powerlogy,https://media.powerlogy.com/1/live/20260910123215/532139-3-pack-v3.webp,in_stock,23.85 EUR,22.55 EUR,,,532139,new,Zdravé potraviny > Orieškové krémy a maslá > Arašidové > Arašidové maslá bez pridaného cukru,,,https://powerlogy.com/,true,14,https://powerlogy.com/o-nakupe/vseobecne-obchodne-podmienky,true,4.88,8,SK,SK,food,arašidové-maslá-bez-pridaného-cukru,in-stock,multipack,false
532934_6,Powerlogy Dark Chocolate Almonds 6 x 100 g,"Chrumkavé pražené mandle v bean-to-bar 70 % čokoláde s MCT olejom a morskou soľou Pražené mandle obalené vo výberovej a unikátnej 70% Bean-to-Bar čokoláde vyrábané priamo z kakaových bôbov odrody Criollo s MCT olejom a štipkou morskej soli pre komplexný chuťový zážitok. Bez palmového oleja, mlieka, lepku, umelých sladidiel a konzervantov. Vyrobená na Slovensku podľa najvyšších medzinárodných noriem kvality a kontroly hygieny. BRC - Certified. V Powerlogy sa snažíme urobiť maximum pre vývoj produktov, ktoré v sebe spájajú silu čistej chuti a funkčnosti pre extra energiu a nadpriemerný fyzický i mentálny výkon. Veríme, že kvalitné jedlo mení myslenie, a preto majú všetky naše produkty vysokú výživovú hodnotu . V Powerlogy chceme pomôcť zlepšovať stravovacie návyky rodín a to hlavne v prípade raňajok a snackov. Čokoláda je jednou z najobľúbenejších sladkostí, no bohužiaľ často nie je v kvalite a štandardoch, ktorými by mohla naozaj prispieť k vylepšenej životospráve . Po dlhom vývoji a testovaní napokon vznikla nová receptúra unikátnej 70 % bean-to-bar čokolády s MCT olejom a trstinovým cukrom. Vďaka prvotriednym ingredienciam v prírodnej kvalite tak získate signifikantné množstvo prírodnej prebiotickej vlákniny, magnézia a teobromínu pre podporu energie a sýtosti na každý deň. Spoľahnite sa tak na optimálne zloženie skvelej chuti , ktoré si môžete dopriať bez výčitiek. Ako alternatíva k nezdravým sladkostiam alebo dezertom. Konzumáciou mandlí v čokoláde uspokojíte chuť na sladké, zatiaľ čo získate aj živiny ako vlákninu, zdravé tuky a proteíny z mandlí. Sú v",https://powerlogy.com/powerlogy-dark-chocolate-almonds-100-g/6-pack/,Powerlogy,Powerlogy,https://media.powerlogy.com/1/live/20260910123217/532934-6-pack-v3.webp,in_stock,37.50 EUR,28.95 EUR,,,532934,new,Zdravé potraviny > Čokoláda a snacky > Bezlepkové tyčinky,,,https://powerlogy.com/,true,14,https://powerlogy.com/o-nakupe/vseobecne-obchodne-podmienky,true,5.00,6,SK,SK,food,bezlepkové-tyčinky,in-stock,multipack,false
532941_6,Powerlogy Dark Chocolate Cranberries 6 x 100 g,"Výberové sušené brusnice sladené jablčnou šťavou v bean-to-bar 70 % čokoláde s MCT olejom Výberové sušené brusnice sladené jablčnou šťavou v výberovej a unikátnej 70% Bean-to-Bar čokoláde z Columbie vyrobenej priamo z kakaových bôbov odrody Criollo s MCT olejom a posypom z lyofilizovanej višne a maliny pre komplexný chuťový zážitok. Bez palmového oleja, mlieka, lepku, umelých sladidiel a konzervantov. Vyrobená na Slovensku podľa najvyšších medzinárodných noriem kvality a kontroly hygieny. BRC - Certified. V Powerlogy sa snažíme urobiť maximum pre vývoj produktov, ktoré v sebe spájajú silu čistej chuti a funkčnosti pre extra energiu a nadpriemerný fyzický i mentálny výkon. Veríme, že kvalitné jedlo mení myslenie, a preto majú všetky naše produkty vysokú výživovú hodnotu . V Powerlogy chceme pomôcť zlepšovať stravovacie návyky rodín a to hlavne v prípade raňajok a snackov. Čokoláda je jednou z najobľúbenejších sladkostí, no bohužiaľ často nie je v kvalite a štandardoch, ktorými by mohla naozaj prispieť k vylepšenej životospráve . Po dlhom vývoji a testovaní napokon vznikla nová receptúra unikátnej 70 % bean-to-bar čokolády s MCT olejom a trstinovým cukrom. Vďaka prvotriednym ingredienciam v prírodnej kvalite tak získate signifikantné množstvo prírodnej prebiotickej vlákniny, magnézia a teobromínu pre podporu energie a sýtosti na každý deň. Spoľahnite sa tak na optimálne zloženie skvelej chuti , ktoré si môžete dopriať bez výčitiek. Sú skvelou alternatívou k bežným sladkostiam. Uspokoja chuť na sladké a zároveň dodajú telu vlákninu, prírodné cukry a antioxidanty z br",https://powerlogy.com/powerlogy-dark-chocolate-cranberries-100-g/6-pack/,Powerlogy,Powerlogy,https://media.powerlogy.com/1/live/20260910123218/532941-6-pack-v3.webp,in_stock,37.50 EUR,34.55 EUR,,,532941,new,Zdravé potraviny > Čokoláda a snacky > Bezlepkové tyčinky,,,https://powerlogy.com/,true,14,https://powerlogy.com/o-nakupe/vseobecne-obchodne-podmienky,true,4.70,10,SK,SK,food,bezlepkové-tyčinky,in-stock,multipack,false
532942_6,Powerlogy Dark Chocolate Quinoa Bites 6 x 100 g,"Chrumkavá quinoa a kokosové lupienky v 70 % čokoláde bean-to-bar s MCT olejom Chrumkavá quinoa a kokosové lupienky v výberovej a unikátnej 70% Bean-to-Bar čokoláde z Columbie vyrobenej priamo z kakaových bôbov odrody Criollo s MCT olejom pre komplexný chuťový zážitok. Bez palmového oleja, mlieka, lepku, umelých sladidiel a konzervantov. Vyrobená na Slovensku podľa najvyšších medzinárodných noriem kvality a kontroly hygieny. BRC - Certified. V Powerlogy sa snažíme urobiť maximum pre vývoj produktov, ktoré v sebe spájajú silu čistej chuti a funkčnosti pre extra energiu a nadpriemerný fyzický i mentálny výkon. Veríme, že kvalitné jedlo mení myslenie, a preto majú všetky naše produkty vysokú výživovú hodnotu . V Powerlogy chceme pomôcť zlepšovať stravovacie návyky rodín a to hlavne v prípade raňajok a snackov. Čokoláda je jednou z najobľúbenejších sladkostí, no bohužiaľ často nie je v kvalite a štandardoch, ktorými by mohla naozaj prispieť k vylepšenej životospráve . Po dlhom vývoji a testovaní napokon vznikla nová receptúra unikátnej 70 % bean-to-bar čokolády s MCT olejom a trstinovým cukrom. Vďaka prvotriednym ingredienciam v prírodnej kvalite tak získate signifikantné množstvo prírodnej prebiotickej vlákniny, magnézia a teobromínu pre podporu energie a sýtosti na každý deň. Spoľahnite sa tak na optimálne zloženie skvelej chuti , ktoré si môžete dopriať bez výčitiek. Lahodná a výživná alternatíva k bežným sladkostiam. Uspokojí chuť na sladké a zároveň dodá telu vlákninu, zdravé tuky a minerály. Kombinácia chrumkavej quinoi, kokosu a horkej čokolády posky",https://powerlogy.com/powerlogy-dark-chocolate-quinoa-bites-100-g/6-pack/,Powerlogy,Powerlogy,https://media.powerlogy.com/1/live/20260910123219/532942-6-pack-v3.webp,in_stock,37.50 EUR,34.55 EUR,,,532942,new,Zdravé potraviny > Čokoláda a snacky > Bezlepkové tyčinky,,,https://powerlogy.com/,true,14,https://powerlogy.com/o-nakupe/vseobecne-obchodne-podmienky,true,5.00,15,SK,SK,food,bezlepkové-tyčinky,in-stock,multipack,false
533490_3,The Buttery Cream & Crunch 3 x 350 g,"Chrumkavé arašidové maslo z kvalitných sucho pražených hi-oleic arašidov Vyrobené z kvalitných sucho pražených hi-oleic arašidov s jemným mletím a štipkou morskej soli. Bohaté na prirodzené tuky podobné tým z olivového oleja či avokáda – dokonalá chuť, krémová textúra a poctivá výživa v každej lyžičke. Arašidové maslo mám rád, ale dlhé roky mi prekážal vysoký obsah omega-6, ktoré podporujú zápaly. V The Buttery to vyriešili – vďaka špeciálnej odrode arašidov má maslo menej omega-6 a zároveň si drží vysokú kvalitu surovín, čisté zloženie a prísnu kontrolu oxidácie. Značka The Buttery vznikla z jednoduchej túžby: priniesť do Európy poriadne chutné a zároveň výživné arašidové maslo. Po rokoch nosenia kvalitných novozélandských masiel v kufroch späť do Španielska sa Zander a Bri rozhodli vybudovať vlastnú značku v srdci Barcelony – s láskou, ručne a poctivo. Skvelé do kaší, smoothies, toastov aj dezertov. Ideálne na raňajky alebo ako rýchly snack pred či po tréningu.",https://powerlogy.com/the-buttery-cream-crunch/3-pack/,Powerlogy,Powerlogy,https://media.powerlogy.com/1/live/20260910123220/533490-3-pack-v3.webp,in_stock,23.85 EUR,22.55 EUR,,,533490,new,Zdravé potraviny > Orieškové krémy a maslá > Arašidové > Arašidové maslá bez pridaného cukru,,,https://powerlogy.com/,true,14,https://powerlogy.com/o-nakupe/vseobecne-obchodne-podmienky,true,5.00,3,SK,SK,food,arašidové-maslá-bez-pridaného-cukru,in-stock,multipack,false
533803_3,Powerlogy Dark Chocolate Granola 3 x 700 g,"XXL Bezlepková raňajková granola s banánmi, kešu a kúskami čokolády Lahodná kombinácia jemne pečených bezlepkových vločiek, čokoládových čipsov , kešu orechov a lyofilizovaných banánov. Chrumkavá granola sladená prírodným kokosovým sirupom s 2× nižším glykemickým indexom (35) ako bežné sirupy. Neobsahuje lepok, mlieko, palmový olej ani umelé sladidlá. Dezertný zážitok bez kompromisov v zložení. Čokoládové čipsy — prémiová tmavá čokoláda (kakaová hmota, kakaové maslo, vanilka Bourbon Madagascar) bez lacných náhrad. Intenzívna horká čokoládová chuť v každom súste. Lyofilizovaný banán — prirodzená ovocná sladkosť zachovaná bez cukru a konzervantov. Lyofilizácia uchováva vitamíny, draslík aj charakteristickú banánovú chuť. Kešu orechy — krémová chuť a jemnosť, ktorá vyvažuje intenzitu čokolády. Bohaté na horčík, zinok a nenasýtené mastné kyseliny. Každá surovina v tejto granole je tu z konkrétneho dôvodu. Žiadne plnivá, žiadne zbytočné prísady — iba prémiové ingrediencie pre dokonalý čokoládový zážitok. Glykemický index (GI) meria, ako rýchlo sladidlo zvyšuje hladinu cukru v krvi po konzumácii. Referenčnou hodnotou je glukóza (GI 100). Čím nižší GI, tým pomalšie a stabilnejšie uvoľňovanie energie — bez náhlych výkyvov a následného poklesu. Kokosový sirup s GI 35 poskytuje viac ako 2× stabilnejšiu energiu ako rafinovaný cukor. 1 Každá dávka Dark Chocolate Granoly prechádza pomalým pečením horúcim vzduchom pri presne nastavenej teplote. Nie vyprážaním, nie skratkami. Práve toto šetrné pečenie zachováva kvalitu čokoládových čipsov a dodáva vločkám t",https://powerlogy.com/powerlogy-dark-chocolate-granola-700-g/3-pack/,Powerlogy,Powerlogy,https://media.powerlogy.com/1/live/20260910123224/533803-3-pack-v3.webp,in_stock,47.85 EUR,43.95 EUR,,,533803,new,Zdravé potraviny > Granola a müsli > Low sugar granola,,,https://powerlogy.com/,true,14,https://powerlogy.com/o-nakupe/vseobecne-obchodne-podmienky,true,4.73,119,SK,SK,food,low-sugar-granola,in-stock,multipack,false
533809_3,Powerlogy Upgraded Low Carb Granola Choco & Strawberry 3 x 700 g,"XXL Bezlepková nízkosacharidová granola s čakankovou vlákninou, horkou čokoládou, kešu a jahodami Prémiové raňajkové cereálie pre tých najnáročnejších. Výskumy potvrdzujú, že vysoký obsah vlákniny v raňajkách podporuje mikrobióm 1-2 . Zároveň zabezpečí zdravú sýtosť 3 a stabilnú hladinu cukru v krvi. 4 Zažite ľahké trávenie vďaka čistému zloženiu bez pridaného cukru, lepku, mlieka a umelých sladidiel. Vychutnajte si skvelú chuť horkej čokolády, kokosu, kešu orieškov, sezamu a lyofilizovaných jahôd. Horká čokoláda pre intenzívnu kakaovú chuť bez pridaného cukru. Nízky obsah sacharidov dosahujeme vynechaním pridaného cukru a kombináciou bezlepkových ovsených vločiek s quinoou, prebiotickou vlákninou a prémiovými orechmi. Výsledok: dlhotrvajúca sýtosť, stabilná energia a čistá chuť bez kompromisov. Bežné cereálie stoja na pridanom cukre a rýchlych sacharidoch – energia vrcholí už do 30–60 minút a následne klesá. Low Carb Granola Choco & Strawberry vďaka vysokému podielu vlákniny (17 g) a úplnej absencii pridaného cukru mení uvoľňovanie energie – nástup je plynulejší a priebeh stabilnejší, bez výrazného poklesu. 1-3 Sladké cereálie a cukrové raňajky Bežné müsli alebo cereálie Upgraded Low Carb Granola Choco & Strawberry Čo je prebiotická vláknina? Prebiotická vláknina je typ vlákniny, ktorú ľudský organizmus nedokáže stráviť, no slúži ako potrava pre prospešné baktérie v črevách. Čakanková vláknina z koreňa čakanky (inulín – získavaný z rastliny na obrázku) v tejto granole podporuje rast dobrých baktérií a prispieva k zdravému mikrobiómu. Bežné müsli má 1,5× viac sacharidov a",https://powerlogy.com/powerlogy-upgraded-low-carb-granola-700-g/3-pack/,Powerlogy,Powerlogy,https://media.powerlogy.com/1/live/20260910123226/533809-3-pack-v3.webp,in_stock,56.85 EUR,52.55 EUR,,,533809,new,Zdravé potraviny > Granola a müsli > Low carb granola,,,https://powerlogy.com/,true,14,https://powerlogy.com/o-nakupe/vseobecne-obchodne-podmienky,true,4.79,58,SK,SK,food,low-carb-granola,in-stock,multipack,false
533810_3,Powerlogy Upgraded Keto Granola Strawberry 3 x 700 g,"XXL Bezlepková keto granola s čakankovou vlákninou, kokosovými čipsami, orechmi a jahodami Profesionálne raňajkové cereálie pre tých najnáročnejších. Výskumy potvrdzujú, že vysoký obsah vlákniny v raňajkách podporuje mikrobióm 1-2 . Zároveň zabezpečí zdravú sýtosť 3 a stabilnú hladinu cukru v krvi. 4 Zažite ľahké trávenie vďaka čistému zloženiu bez pridaného cukru, lepku, mlieka a umelých sladidiel. Vychutnajte si skvelú chuť kokosu, mandlí, makadamiových orieškov, semiačok a lyofilizovaných jahôd. Extrémne nízky obsah sacharidov dosahujeme vďaka úplnému vynechaniu obilnín. Namiesto nich kombinácia prémiových surovin, ktoré dodávajú zdravé tuky, bielkoviny a vlákninu pre dlhotrvajúcu sýtosť. Bežné cereálie stoja na rýchlych sacharidoch – energia vrcholí už do 30–60 minút a následne klesá. Keto Granola Strawberry s nízkym obsahom sacharidov (8 g) a vysokým podielom vlákniny (14 g) doplneným o tuky mení jej uvoľňovanie – nástup energie je plynulejší a priebeh stabilnejší, bez výrazného poklesu. 1-3 Sladké cereálie a cukrové raňajky Bežné müsli alebo cereálie Upgraded Keto Granola Čo je prebiotická vláknina? Prebiotická vláknina je typ vlákniny, ktorú ľudský organizmus nedokáže stráviť, no slúži ako potrava pre prospešné baktérie v črevách. Čakanková vláknina z koreňa čakanky (inulín – získavaný z rastliny na obrázku) v tejto granole podporuje rast dobrých baktérií a prispieva k zdravému mikrobiómu. Odporúčaná porcia je 35 g. Granola je pripravená na konzumáciu priamo z vrecka alebo v kombinácii s vašimi obľúbenými prísadami. Prémiovú líniu Powerlogy Upgraded som vytv",https://powerlogy.com/powerlogy-upgraded-keto-granola-700-g/3-pack/,Powerlogy,Powerlogy,https://media.powerlogy.com/1/live/20260910123227/533810-3-pack-v3.webp,in_stock,56.85 EUR,52.55 EUR,,,533810,new,Zdravé potraviny > Granola a müsli > Keto granola,,,https://powerlogy.com/,true,14,https://powerlogy.com/o-nakupe/vseobecne-obchodne-podmienky,true,4.90,199,SK,SK,food,keto-granola,in-stock,multipack,false
534981_3,Powerlogy Natural Collagen 3 x 10 g,"Cestovné balenie, hydrolyzovaného grass fed kolagénu z európskeho zdroja 100 % čistý hydrolyzovaný hovädzí kolagén z grass-fed európskeho zdroja. Jediná zložka, spracovaná enzymatickou hydrolýzou pre maximálnu vstrebateľnosť. Bez príchute, bez sladidiel, bez alergénov. Jedna dávka (10 g) obsahuje 9 000 mg čistého kolagénu typov I a III — základu pokožky, kĺbov, šliach, kostí a vlasov. 1-2 Natural Collagen je jednozložkový produkt. Čím menej plnív, aróm a sladidiel, tým viac priestoru pre čistú bielkovinu — a tým ľahšie sa telo dostane k tomu, čo z produktu potrebuje. Kvalita finálneho kolagénu začína už na pastvine. Surovinu získavame od certifikovaných európskych dodávateľov s overeným etickým chovom a plnou dohľadateľnosťou šarží. Spôsob spracovania rozhoduje o tom, či sa kolagén v tele skutočne využije. Natural Collagen je preto hydrolyzovaný enzymaticky, s peptidmi pripravenými na okamžité vstrebanie. Peptidy pod 5 kDa pripravené na rýchlu absorpciu — bez teplotnej degradácie aminokyselín. 1 Najvyšší možný podiel bielkovín v balení — žiadne plnivá ani aromatické nosiče, len čistý hydrolyzovaný kolagén. Klinické štúdie s hydrolyzovaným kolagénom hodnotia zmeny v pokožke a kĺboch v okne 8 až 12 týždňov pravidelného užívania. 2 Keď som pred rokmi hľadal čistý kolagén bez kompromisov v kvalite, našiel som ho u európskych grass-fed dodávateľov, s ktorými pracujeme dodnes. Žiadne príchute, žiadne plnivá — len bielkovina, ktorá v tele pracuje. Pre mňa a moju rodinu je to základ — do rannej kávy, po tréningu, pri regenerácii. Ak hľadáte zložitejšiu re",https://powerlogy.com/powerlogy-natural-collagen-10-g/3-pack/,Powerlogy,Powerlogy,https://media.powerlogy.com/1/live/20260910141739/534981-3-pack-v4.webp,in_stock,3.75 EUR,3.55 EUR,,,534981,new,Funkčná výživa > Kolagény > Kolagény na kosti a kĺby > Hovädzie kolagény na kĺby,,,https://powerlogy.com/,true,14,https://powerlogy.com/o-nakupe/vseobecne-obchodne-podmienky,false,4.65,584,SK,SK,supplement,hovädzie-kolagény-na-kĺby,in-stock,multipack,false
534984_3,Powerlogy Upgraded Keto Granola Choco & Banana 3 x 350 g,"Bezlepková keto granola s čakankovou vlákninou, kokosovými čipsami, horkou čokoládou a banánom Profesionálne raňajkové cereálie pre tých najnáročnejších. Výskumy potvrdzujú, že vysoký obsah vlákniny v raňajkách podporuje mikrobióm 1-2 . Zároveň zabezpečí zdravú sýtosť 3 a stabilnú hladinu cukru v krvi. 4 Zažite ľahké trávenie vďaka čistému zloženiu bez pridaného cukru, lepku, mlieka a umelých sladidiel. Vychutnajte si skvelú chuť kokosu, kešu, makadamiových orieškov, semiačok, horkej čokolády a lyofilizovaných banánov. Makadámiové a kešu orechy pre krémovú chuť a prémiový zážitok. Extrémne nízky obsah sacharidov dosahujeme vďaka úplnému vynechaniu obilnín. Namiesto nich kombinácia prémiových surovin, ktoré dodávajú zdravé tuky, bielkoviny a vlákninu pre dlhotrvajúcu sýtosť. Bežné cereálie stoja na rýchlych sacharidoch – energia vrcholí už do 30–60 minút a následne klesá. Upgraded Keto Granola Choco & Banana s nízkym obsahom sacharidov (12 g) a vysokým podielom vlákniny (16 g) doplneným o tuky mení jej uvoľňovanie – nástup energie je plynulejší a priebeh stabilnejší, bez výrazného poklesu. 1-3 Sladké cereálie a cukrové raňajky Bežné müsli alebo cereálie Upgraded Keto Granola Choco & Banana Čo je prebiotická vláknina? Prebiotická vláknina je typ vlákniny, ktorú ľudský organizmus nedokáže stráviť, no slúži ako potrava pre prospešné baktérie v črevách. Čakanková vláknina z koreňa čakanky (inulín – získavaný z rastliny na obrázku) v tejto granole podporuje rast dobrých baktérií a prispieva k zdravému mikrobiómu. Bežné müsli má 5× viac sacharidov ako naša Keto Choco & Banana",https://powerlogy.com/powerlogy-upgraded-keto-granola-choco-banana-350-g/3-pack/,Powerlogy,Powerlogy,https://media.powerlogy.com/1/live/20260910123228/534984-3-pack-v3.webp,in_stock,29.85 EUR,27.55 EUR,,,534984,new,Zdravé potraviny > Granola a müsli > Keto granola,,,https://powerlogy.com/,true,14,https://powerlogy.com/o-nakupe/vseobecne-obchodne-podmienky,true,4.83,18,SK,SK,food,keto-granola,in-stock,multipack,false
537022_3,Powerlogy Upgraded Protein Oatmeal Cacao & Peanut 3 x 350 g,"Bezlepková raňajková kaša s vegánskym proteínom, MCT tukmi, prebiotickou vlákninou a kakaom Proteínové raňajky pre tých najaktívnejších. 21 g rastlinného proteínu zo zmesi hrachu, konope a ryže pre regeneráciu a svalovú syntézu. Palatinose™ zabezpečí stabilnú energiu bez výkyvu na 3–4 hodiny. Intenzívna chuť kakaa a arašidov bez pridaného cukru. Bez palmového oleja, emulgátorov a umelých prísad. Vyrobené na Slovensku. Arašidový prášok pre intenzívnu orieškovú hĺbku a prirodzený zdroj bielkovín. Odtučnené kakao pre bohatú čokoládovú chuť bez pridaného cukru. Kokosové lupienky pre chrumkavú textúru a rýchlo dostupnú energiu. Glukóza a maltodextrín — sacharidy používané v bežných raňajkách — sa vstrebávajú rýchlo a spôsobujú prudký nárast a následný pokles energie. Upgraded Protein Oatmeal využíva Palatinose™, ktorý telo spaľuje pomalšie a rovnomerne — energia nastupuje plynulo a vydrží bez poklesu celé ráno. 1–3 Glukóza Maltodextrín Palatinose™ Zloženie, ktoré má zmysel Každá ingrediencia má konkrétnu funkciu. Bez plnív, emulgátorov, umelých aróm ani palmového oleja. Laboratórne testované na mykotoxíny a ďalšie kontaminanty. DIAAS (Digestible Indispensable Amino Acid Score) je najmodernejšia metodika hodnotenia kvality bielkovín podľa WHO/FAO. Oproti zastaranej metóde PDCAAS zohľadňuje skutočnú stráviteľnosť každej aminokyseliny. Kombináciou hrachu, konope a ryže dosahujeme výrazne vyšší profil — takmer na úrovni živočíšnych proteínov. MCT tuky sa vstrebávajú rýchlejšie ako bežné tuky a pečeň ich priamo premieňa na ketóny – čistý zdroj energie pre mozog aj svaly. 4 C8",https://powerlogy.com/powerlogy-upgraded-protein-oatmeal-cacao-peanut-350-g/3-pack/,Powerlogy,Powerlogy,https://media.powerlogy.com/1/live/20260910123230/537022-3-pack-v3.webp,in_stock,29.85 EUR,24.95 EUR,,,537022,new,Zdravé potraviny > Raňajkové ovsené kaše > Proteínové kaše,,,https://powerlogy.com/,true,14,https://powerlogy.com/o-nakupe/vseobecne-obchodne-podmienky,true,4.40,5,SK,SK,food,proteínové-kaše,in-stock,multipack,false
537083_3,Powerlogy Upgraded Organic Liver Complex 3 x 250 g,"BIO bylinný mix 5 superpotravín a prebiotickej vlákniny na podporu pečene a trávenia Popis výrobku: BIO bylinný mix s prebiotikami — mäta, pestrec mariánsky, konopné semená, čakanková vláknina, koreň púpavy, zázvor a citrónový olej. Hmotnosť: 250 g (25 dávok × 10 g) Zloženie: BIO prášok z listov mäty (Mentha piperita) 21,5 %, BIO prášok zo semien pestreca mariánskeho (Silybum marianum) 21,5 %, BIO prášok z konopných semien 21,5 %, BIO čakanková koreňová oligofruktóza 21,5 %, BIO prášok z koreňa púpavy (Taraxacum officinale) 10,8 %, BIO prášok z koreňa zázvoru 3 %, BIO ci Alergény: Neobsahuje. Vyrába sa v prevádzke, kde sa spracúva sója, arašidy a orechy — môže obsahovať ich stopy. Vyrobené na: Slovensko",https://powerlogy.com/upgraded-organic-liver-complex/3-pack/,Powerlogy,Powerlogy,https://media.powerlogy.com/1/live/20260915191914/powerlogy-upgraded-organic-liver-complex-250g-3-pack.webp,in_stock,74.85 EUR,44.55 EUR,,,537083,new,Funkčná výživa > Superpotraviny,,,https://powerlogy.com/,true,14,https://powerlogy.com/o-nakupe/vseobecne-obchodne-podmienky,true,,,SK,SK,food,superpotraviny,in-stock,multipack,false
537754_3,Powerlogy Upgraded Collagen Complex Apple 3 x 300 g,"Multikolagénový komplex s extra glycínom, vitamínom C a jablkovou príchuťou Základ tvoria 4 klinicky overené 1–4 zdroje kolagénu : hovädzí, rybací, vajíčkový a morský – spolu prinášajú 5 typov kolagénu I, II, III, V a X . Receptúru sme doplnili o extra protizápalový 5–6 L-glycín a vitamín C z aceroly . Podľa najnovších vedeckých štúdií môže táto kombinácia zvýšiť tvorbu kolagénu až o 153 % 7 . Jedna denná dávka 15 g obsahuje 13 200 mg kolagénu . Každá zložka má v receptúre jasnú funkciu. Nie je to len zmes kolagénu, ale cielená kombinácia peptidov, glycínu a vitamínu C pre pokožku, kĺby aj spojivové tkanivá. Pri výskumnej praxi bolo identifikovaných približne 28 typov kolagénu. Líšia sa spôsobom zostavenia molekúl a miestom využitia v tele. Typ I: Tvorí 90 % kolagénu v tele. Zabezpečuje štruktúru kože, kostí, šliach a väzov. Typ II: Nachádza sa v elastickej chrupavke a poskytuje oporu kĺbom. Typ V: Najmä v rohovke očí, niektorých vrstvách kože, vlasoch a placente. Hydrolyzované peptidy, glycín a vitamín C vytvárajú premyslenú cestu od vstrebávania až po tvorbu a ukladanie kolagénu v tkanivách. Hydrolyzované kolagénové peptidy (<5 kDa) sa vstrebávajú efektívnejšie než celý proteín. 1 Glycín dodáva kľúčový substrát a vitamín C zabezpečuje stabilitu nových kolagénových vlákien. 5-8 Nový kolagén sa ukladá v chrupavkách, derme, šľachách a väzive pre dlhodobú štrukturálnu podporu. NATICOL® — certifikovaný rybí kolagén v Upgraded Complex Apple — bol testovaný v randomizovanej double-blind, placebom kontrolovanej štúdii. Výsledky po 8 týždňoch pravidelného u",https://powerlogy.com/upgraded-collagen-complex-green-apple/3-pack/,Powerlogy,Powerlogy,https://media.powerlogy.com/1/live/20260910123231/537754-3-pack-v3.webp,in_stock,113.85 EUR,87.55 EUR,,,537754,new,Funkčná výživa > Kolagény > Kolagény na kosti a kĺby > Hovädzie kolagény na kĺby,,,https://powerlogy.com/,true,14,https://powerlogy.com/o-nakupe/vseobecne-obchodne-podmienky,false,4.38,8,SK,SK,supplement,hovädzie-kolagény-na-kĺby,in-stock,multipack,false
538311_3,Powerlogy Fizzy Collagen Berries 3 x 300 g,"Šumivý grass fed kolagén s vitamínom C a príchuťou bobuľového ovocia 100 % čistý, hydrolyzovaný grass fed kolagén z európskeho zdroja sme vylepšili o vitamín C a trochu šumivosti. Dennú dávku kolagénu si tak ľahko vychutnáte vo forme osviežujúceho nápoja s s prírodnou príchuťou bobuľového ovocia . Jedna denná dávka (10 g) obsahuje 6 600 mg čistého kolagénu, ktorý efektívne vyživí vašu pokožku, vlasy, nechty, šľachy a kĺby. Kolagén typu I a III, bez cukru, lepku, mlieka a umelých sladidiel. 1-2 Fizzy Collagen stojí na dvoch zložkách, ktoré majú zmysel — grass-fed hovädzí kolagén a prírodný vitamín C z aceroly. Šumivý formát je len spôsob, ako si tento rituál dopriať každý deň s radosťou. Kvalita finálneho kolagénu začína už na pastvine. Surovinu získavame od certifikovaných európskych dodávateľov s overeným etickým chovom a plnou dohľadateľnosťou šarží. Fyzický efekt Fizzy Collagenu nie je len v chuti. Každý prvok receptúry má vedecké opodstatnenie — od spôsobu spracovania kolagénu až po úlohu vitamínu C. Enzymaticky hydrolyzované peptidy s nízkou molekulárnou hmotnosťou sa vstrebávajú efektívnejšie než celý proteín a dostávajú sa priamo do tkanív. 1 Vitamín C z aceroly je nevyhnutný kofaktor enzýmov prolyl a lysyl hydroxylázy — bez neho telo nedokáže správne skladať nové kolagénové vlákna. 2 Klinické štúdie s hydrolyzovaným kolagénom merajú štatisticky významné zmeny pokožky, vlasov a kĺbov v okne 8 až 12 týždňov pravidelného užívania. 3–4 Prvý šumivý práškový kolagén na Slovensku v troch príchutiach. 1 odmerka (10 g) v 200–250 ml studenej ale",https://powerlogy.com/powerlogy-fizzy-collagen-berries-300-g/3-pack/,Powerlogy,Powerlogy,https://media.powerlogy.com/1/live/20260910123235/538311-3-pack-v3.webp,in_stock,89.85 EUR,82.55 EUR,,,538311,new,Funkčná výživa > Kolagény > Kolagény na kosti a kĺby > Hovädzie kolagény na kĺby,,,https://powerlogy.com/,true,14,https://powerlogy.com/o-nakupe/vseobecne-obchodne-podmienky,false,5.00,8,SK,SK,supplement,hovädzie-kolagény-na-kĺby,in-stock,multipack,false
538660_6,Powerlogy Protein Nougat Snack 6 x 90 g,"Proteínový lieskovo-orieškový krém s kolagénom, MCT olejom a kakaom v praktickom vytláčacom balení Hľadáte výživný a praktický snack na cesty alebo podporu športového výkonu? Prinášame vám ľahko stráviteľný orieškový krém s kolagénom a MCT tukmi pre stabilnú energiu bez prudkých výkyvov glykémie. Predstavte si lahodnú alternatívu k energetickým tyčinkám a gélom – čisté zloženie s 22 % proteínu , s prírodným trstinovým cukrom a bez éčok. V praktickom vytláčacom balení s dvoma dávkami, ideálne na cestovanie, šport či zdravú desiatu pre deti. Bez lepku, mlieka, palmového oleja a fruktózy. Powerlogy orechové krémy spĺňajú najvyššie kritériá kvality a ich cieľom je nielen výnimočná chuť , ale aj vysoká výživová hodnota . V Powerlogy sa snažíme urobiť maximum pre vývoj produktov, ktoré v sebe spájajú silu čistej chuti a funkčnosti pre extra energiu a nadpriemerný fyzický i mentálny výkon. Veríme, že kvalitné jedlo mení myslenie, a preto majú všetky naše produkty vysokú výživovú hodnotu.",https://powerlogy.com/powerlogy-protein-nougat-snack-90-g/6-pack/,Powerlogy,Powerlogy,https://media.powerlogy.com/1/live/20260910123236/538660-6-pack-v3.webp,in_stock,24.90 EUR,22.95 EUR,,,538660,new,Funkčná výživa > Proteíny > Bezlepkové proteíny,,,https://powerlogy.com/,true,14,https://powerlogy.com/o-nakupe/vseobecne-obchodne-podmienky,true,4.90,10,SK,SK,food,bezlepkové-proteíny,in-stock,multipack,false
538744_6,Powerlogy Protein Almond Snack 6 x 90 g,"Proteínový mandľový krém s kolagénom, MCT olejom a škoricou v praktickom vytláčacom balení Hľadáte výživný a praktický snack na cesty alebo podporu športového výkonu? Prinášame vám ľahko stráviteľný orieškový krém s kolagénom a MCT tukmi pre stabilnú energiu bez prudkých výkyvov glykémie. Predstavte si lahodnú alternatívu k energetickým tyčinkám a gélom – čisté zloženie s 24 % proteínu , s prírodným trstinovým cukrom a bez éčok. V praktickom vytláčacom balení s dvoma dávkami, ideálne na cestovanie, šport či zdravú desiatu pre deti. Bez lepku, mlieka, palmového oleja a fruktózy. Powerlogy orechové krémy spĺňajú najvyššie kritériá kvality a ich cieľom je nielen výnimočná chuť , ale aj vysoká výživová hodnota . V Powerlogy sa snažíme urobiť maximum pre vývoj produktov, ktoré v sebe spájajú silu čistej chuti a funkčnosti pre extra energiu a nadpriemerný fyzický i mentálny výkon. Veríme, že kvalitné jedlo mení myslenie, a preto majú všetky naše produkty vysokú výživovú hodnotu.",https://powerlogy.com/powerlogy-protein-almond-snack-90-g/6-pack/,Powerlogy,Powerlogy,https://media.powerlogy.com/1/live/20260910123237/538744-6-pack-v3.webp,in_stock,24.90 EUR,22.95 EUR,,,538744,new,Funkčná výživa > Proteíny > Bezlepkové proteíny,,,https://powerlogy.com/,true,14,https://powerlogy.com/o-nakupe/vseobecne-obchodne-podmienky,true,4.60,10,SK,SK,food,bezlepkové-proteíny,in-stock,multipack,false
538745_6,Powerlogy Protein Strawberry Snack 6 x 90 g,"Proteínový kešu-kokos krém s kolagénom, MCT olejom a jahodami v praktickom vytláčacom balení Hľadáte výživný a praktický snack na cesty alebo podporu športového výkonu? Prinášame vám ľahko stráviteľný orieškový krém s kolagénom a MCT tukmi pre stabilnú energiu bez prudkých výkyvov glykémie. Predstavte si lahodnú alternatívu k energetickým tyčinkám a gélom – čisté zloženie s 21 % proteínu , s prírodným trstinovým cukrom a bez éčok. V praktickom vytláčacom balení s dvoma dávkami, ideálne na cestovanie, šport či zdravú desiatu pre deti. Bez lepku, mlieka, palmového oleja a fruktózy. Powerlogy orechové krémy spĺňajú najvyššie kritériá kvality a ich cieľom je nielen výnimočná chuť , ale aj vysoká výživová hodnota . V Powerlogy sa snažíme urobiť maximum pre vývoj produktov, ktoré v sebe spájajú silu čistej chuti a funkčnosti pre extra energiu a nadpriemerný fyzický i mentálny výkon. Veríme, že kvalitné jedlo mení myslenie, a preto majú všetky naše produkty vysokú výživovú hodnotu.",https://powerlogy.com/powerlogy-protein-strawberry-snack-90-g/6-pack/,Powerlogy,Powerlogy,https://media.powerlogy.com/1/live/20260910123239/538745-6-pack-v3.webp,in_stock,24.90 EUR,22.95 EUR,,,538745,new,Funkčná výživa > Proteíny > Bezlepkové proteíny,,,https://powerlogy.com/,true,14,https://powerlogy.com/o-nakupe/vseobecne-obchodne-podmienky,true,4.92,13,SK,SK,food,bezlepkové-proteíny,in-stock,multipack,false
538774_3,Powerlogy Protein Almond Cream 3 x 300 g,"Proteínový mandľový krém s kolagénom, MCT olejom a škoricou Hľadáte výživný a chutný spôsob, ako podporiť svoj každodenný životný štýl alebo športový výkon? Tento orieškový krém s vysokým obsahom bielkovín a MCT tukov vám poskytne stabilnú energiu bez prudkých výkyvov glykémie . Predstavte si lahodnú alternatívu k sladkým nátierkam – čisté zloženie s 24 % bielkovín , prírodným trstinovým cukrom a bez éčiek. Bez lepku, mlieka, palmového oleja a fruktózy. Powerlogy orechové krémy spĺňajú najvyššie kritériá kvality a ich cieľom je nielen výnimočná chuť , ale aj vysoká výživová hodnota . V Powerlogy sa snažíme urobiť maximum pre vývoj produktov, ktoré v sebe spájajú silu čistej chuti a funkčnosti pre extra energiu a nadpriemerný fyzický i mentálny výkon. Veríme, že kvalitné jedlo mení myslenie, a preto majú všetky naše produkty vysokú výživovú hodnotu.",https://powerlogy.com/powerlogy-protein-almond-cream-300-g/3-pack/,Powerlogy,Powerlogy,https://media.powerlogy.com/1/live/20260910141742/538774-3-pack-v4.webp,in_stock,29.85 EUR,27.55 EUR,,,538774,new,Zdravé potraviny > Orieškové krémy a maslá > Mandľové,,,https://powerlogy.com/,true,14,https://powerlogy.com/o-nakupe/vseobecne-obchodne-podmienky,true,4.56,9,SK,SK,food,mandľové,in-stock,multipack,false
538775_3,Powerlogy Protein Strawberry Cream 3 x 300 g,"Proteínový kešu-kokos krém s kolagénom, MCT olejom a jahodami Hľadáte výživný a chutný spôsob, ako podporiť váš každodenný životný štýl alebo športový výkon? Tento orieškový krém s vysokým obsahom proteínu a MCT tukmi vám poskytne stabilnú energiu bez prudkých výkyvov glykémie. Predstavte si lahodnú alternatívu k sladkým nátierkam – čisté zloženie s 21 % proteínu , prírodným trstinovým cukrom a bez éčok. Bez lepku, mlieka, palmového oleja a fruktózy. Powerlogy orechové krémy spĺňajú najvyššie kritériá kvality a ich cieľom je nielen výnimočná chuť , ale aj vysoká výživová hodnota . V Powerlogy sa snažíme urobiť maximum pre vývoj produktov, ktoré v sebe spájajú silu čistej chuti a funkčnosti pre extra energiu a nadpriemerný fyzický i mentálny výkon. Veríme, že kvalitné jedlo mení myslenie, a preto majú všetky naše produkty vysokú výživovú hodnotu.",https://powerlogy.com/powerlogy-protein-strawberry-cream-300-g/3-pack/,Powerlogy,Powerlogy,https://media.powerlogy.com/1/live/20260910141743/538775-3-pack-v4.webp,in_stock,29.85 EUR,27.55 EUR,,,538775,new,Zdravé potraviny > Orieškové krémy a maslá > Kešu,,,https://powerlogy.com/,true,14,https://powerlogy.com/o-nakupe/vseobecne-obchodne-podmienky,true,4.86,7,SK,SK,food,kešu,in-stock,multipack,false
538776_3,Powerlogy Protein Nougat Cream 3 x 300 g,"Proteínový lieskovo-orieškový krém s kolagénom, MCT olejom a kakaom Hľadáte výživný a chutný spôsob, ako podporiť váš každodenný životný štýl alebo športový výkon? Tento orieškový krém s vysokým obsahom proteínu a MCT tukmi vám poskytne stabilnú energiu bez prudkých výkyvov glykémie. Predstavte si lahodnú alternatívu k sladkým nátierkam – čisté zloženie s 22 % proteínu , prírodným trstinovým cukrom a bez éčok. Bez lepku, mlieka, palmového oleja a fruktózy. Powerlogy orechové krémy spĺňajú najvyššie kritériá kvality a ich cieľom je nielen výnimočná chuť , ale aj vysoká výživová hodnota . V Powerlogy sa snažíme urobiť maximum pre vývoj produktov, ktoré v sebe spájajú silu čistej chuti a funkčnosti pre extra energiu a nadpriemerný fyzický i mentálny výkon. Veríme, že kvalitné jedlo mení myslenie, a preto majú všetky naše produkty vysokú výživovú hodnotu.",https://powerlogy.com/powerlogy-protein-nougat-cream-300-g/3-pack/,Powerlogy,Powerlogy,https://media.powerlogy.com/1/live/20260910141745/538776-3-pack-v4.webp,in_stock,29.85 EUR,27.55 EUR,,,538776,new,Zdravé potraviny > Orieškové krémy a maslá > Nugátové,,,https://powerlogy.com/,true,14,https://powerlogy.com/o-nakupe/vseobecne-obchodne-podmienky,true,4.71,7,SK,SK,food,nugátové,in-stock,multipack,false
539740_3,Powerlogy Zinc Complex 3 x 60 kapsúl,"Komplex minerálov pre imunitu, metabolizmus cukrov a ochranu buniek 15 mg zinku vo forme bisglycinátu (150 % NRV) spolu so selénom, meďou, chrómom a extraktom cejlónskej škorice v jednej vegánskej kapsule. Štyri minerály v chelátových formách a jeden botanický extrakt. Bez lepku, laktózy a GMO. Zinc Complex stavia na štyroch mineráloch v chelátových organických formách a jednom botanickom extrakte. Chelátové formy (bisglycináty, selenometionín, pikolinát) sa v literatúre popisujú ako oveľa lepšie vstrebateľné než ich anorganické ekvivalenty. Minerály v lacnejších doplnkoch sa najčastejšie vyskytujú vo forme oxidov a anorganických solí - sú lacnejšie na výrobu, no majú nižší absorpčný profil. Zinc Complex stavia výlučne na chelátových a organických formách s lepšou toleranciou tráviacim systémom. Chelátová forma zinku viazaná na glycín. V literatúre sa popisuje výrazne vyšší absorpčný profil než u oxidu zinočnatého, ktorý stále dominuje lacnejším produktom. Organická forma selénu viazaná na aminokyselinu metionín. Patrí medzi najlepšie vstrebateľné formy selénu dostupné v doplnkoch a je považovaná za štandard v klinických štúdiách so selénom. Extrakt z Cinnamomum verum - pravej cejlónskej škorice, nie lacnejšej kassiovej. Koncentrácia 4:1 znamená, že 25 mg extraktu zodpovedá 100 mg prášku zo škoricovej kôry. Odporúčaná denná dávka je 1 kapsula. Kapsulu prehĺtajte vcelku a zapite dostatočným množstvom vody. Odporúčame užívať s jedlom pre lepšiu toleranciu tráviacim systémom.",https://powerlogy.com/powerlogy-zinc-complex-60-kapsul/3-pack/,Powerlogy,Powerlogy,https://media.powerlogy.com/1/live/20260910123240/539740-3-pack-v3.webp,in_stock,50.85 EUR,46.95 EUR,,,539740,new,Výživové doplnky > Vegánske vitamíny a doplnky stravy,,,https://powerlogy.com/,true,14,https://powerlogy.com/o-nakupe/vseobecne-obchodne-podmienky,false,4.20,5,SK,SK,supplement,vegánske-vitamíny-a-doplnky-stravy,in-stock,multipack,false
539745_3,Powerlogy Magnesium Complex 3 x 90 kapsúl,"Komplex piatich foriem horčíka a vitamínu B6 pre nervy, svaly a pokojný spánok Komplex piatich organických foriem horčíka doplnený o aktívny vitamín B6 (P-5-P). 300 mg elementárneho horčíka na dennú dávku (3 kapsuly). Vegánske kapsuly bez lepku, laktózy a GMO. Päť organických foriem horčíka v jednej kapsule - každá s vlastným profilom vstrebávania a pôsobenia v tele. Doplnené aktívnou formou vitamínu B6, ktorá horčíku pomáha dostať sa tam, kde má pracovať. Nie každá forma horčíka sa vstrebáva rovnako. Organické chelátové formy (viazané na aminokyseliny alebo organické kyseliny) sú v odbornej literatúre popisované ako oveľa lepšie vstrebateľné než anorganický oxid horčíka, ktorý sa stále objavuje v lacnejších doplnkoch. 1-2 Odporúčaná denná dávka sú 3 kapsuly. Kapsuly prehĺtajte vcelku a zapite dostatočným množstvom vody. Odporúčame rozložiť dávku počas dňa - s raňajkami, obedom a večerou.",https://powerlogy.com/powerlogy-magnesium-complex-90-kapsul/3-pack/,Powerlogy,Powerlogy,https://media.powerlogy.com/1/live/20260910123241/539745-3-pack-v3.webp,in_stock,71.85 EUR,65.95 EUR,,,539745,new,Výživové doplnky > Horčík > Horčík pre deti,,,https://powerlogy.com/,true,14,https://powerlogy.com/o-nakupe/vseobecne-obchodne-podmienky,false,5.00,3,SK,SK,supplement,horčík-pre-deti,in-stock,multipack,false
539746_3,Powerlogy D3+K2 Complex 3 x 60 kapsúl,"Synergia vitamínov D3 a K2 pre imunitu, zdravé kosti a metabolizmus vápnika Kombinácia vitamínu D3 (5 000 IU) a K2 vo forme MK-7 (150 µg) v jednej vegánskej kapsule. Lepšia biologická dostupnosť a vstrebateľnosť. Bez lepku, laktózy a GMO. Vitamín D3 zvyšuje vstrebávanie vápnika zo stravy. Vitamín K2 vo forme MK-7 aktivuje bielkoviny, ktoré riadia jeho distribúciu - smerujú vápnik do kostí a zubov. Kombinácia oboch vitamínov sa preto v odborných zdrojoch uvádza ako zmysluplná voľba pri dlhodobom dopĺňaní D3. D3+K2 Complex stavia na dvoch vitamínoch s jasne definovanými zdrojmi a formami. D3 pochádza z lanolínu - prirodzeného živočíšneho zdroja, K2 sa získava fermentáciou a ide o formu MK-7 s dlhším polčasom v tele než bežná MK-4. Vitamín D3 (cholekalciferol) z lanolínu dopĺňame o vitamín K2 v aktívnej forme MK-7 (menachinón získaný fermentáciou). Táto kombinácia pomáha podporiť zdravie kostí, srdca a imunitného systému. 1-3 Zvolená forma zároveň zabezpečuje dobrú biologickú dostupnosť a vstrebateľnosť . Odporúčaná denná dávka je 1 kapsula. Kapsulu prehĺtajte vcelku a zapite dostatočným množstvom vody. Najlepšie sa vstrebáva pri jedle obsahujúcom tuk - vitamín D3 je lipofilný.",https://powerlogy.com/powerlogy-d3-k2-complex-60-kapsul/3-pack/,Powerlogy,Powerlogy,https://media.powerlogy.com/1/live/20260910123244/539746-3-pack-v3.webp,in_stock,71.85 EUR,58.55 EUR,,,539746,new,Výživové doplnky > Vápnik,,,https://powerlogy.com/,true,14,https://powerlogy.com/o-nakupe/vseobecne-obchodne-podmienky,false,5.00,4,SK,SK,supplement,vápnik,in-stock,multipack,false
539747_3,Powerlogy Upgraded Omega 3 3 x 60 kapsúl,"Komplex protizápalových omega-3 mastných kyselín a astaxantínu pre mozog, srdce a oči Prémiový olej z arktického zooplanktónu Calanus finmarchicus - s omega-3 mastnými kyselinami vo forme voskových esterov, prirodzeným astaxantínom a certifikovanou čistotou TOTOX ≤3. Bez rybieho zápachu a bez pridaných antioxidantov. Vyrobené v Nórsku. Calanus® je registrovaná obchodná značka oleja z Calanus finmarchicus - drobného arktického zooplanktónu. Olej obsahuje omega-3 mastné kyseliny v prirodzenej forme voskových esterov, čo ho odlišuje od štandardných rybacích olejov na báze triglyceridov. Štandardný rybací olej obsahuje omega-3 vo forme triglyceridov - výsledku priemyselného spracovania. Calanus® olej ich obsahuje vo forme voskových esterov, tak ako ich Calanus finmarchicus prirodzene syntetizuje. Táto forma sa vyznačuje pomalším, ale stabilnejším uvoľňovaním a výrazne nižšou náchylnosťou na oxidáciu. Omega-3 v Calanus® oleji sú viazané vo forme voskových esterov - prírodnej molekulárnej matici, v akej ich Calanus finmarchicus prirodzene ukladá ako zásobu energie. Bežný rybací olej používa triglyceridovú formu, ktorá vzniká priemyselným spracovaním. TOTOX je index celkovej oxidácie tuku - nižšie číslo znamená čerstvejší, menej oxidovaný olej. Calanus® má certifikovaný TOTOX ≤3. Štandardný rybací olej pri predaji bežne dosahuje hodnoty 20-50+. Oxidovaný olej môže spôsobovať nepríjemný zápach a reflux. Calanus finmarchicus je drobný morský kôrovec z arktických nórskych vôd. Pre svoju malú veľkosť a nízku pozíciu v potravinovom reťazci má výrazne nižšiu bioakumuláciu",https://powerlogy.com/powerlogy-upgraded-omega-3-60-kapsul/3-pack/,Powerlogy,Powerlogy,https://media.powerlogy.com/1/live/20260910123246/539747-3-pack-v3.webp,in_stock,104.85 EUR,85.95 EUR,,,539747,new,Výživové doplnky > Omega-3 kyseliny,,,https://powerlogy.com/,true,14,https://powerlogy.com/o-nakupe/vseobecne-obchodne-podmienky,false,5.00,4,SK,SK,supplement,omega-3-kyseliny,in-stock,multipack,false
540941_3,Kaapa Organic Mushrooms Chaga 3 x 50 ml,"Duálne extrahovaný BIO výťažok z huby Chaga, bez lepku a prísad Stačí pridať kvapku do rannej kávy či čaju. Ide o čistý výťažok z plodníc húb Chaga získaný dvojitou extrakciou. Produkt neobsahuje lepok, škrob či umelé prísady a je vhodný aj pre vegánov. Čaga sibírska alebo Rezavec šikmý je huba rastúca na brezách. Hríb čaga možno poznáte pod prezývkou „hríb nesmrteľnosti“. Je bohatý na mnoho druhov polysacharidov, najmä na beta-glukány. Obsahuje aj triterpény, ako aj betulín a betulínové kyseliny, ktoré huba čaga získava z brezy, na ktorej rastie. Obsahuje aj fenoly a fenolové zlúčeniny, melanín a celý rad vitamínov skupiny B a D aj betakarotén. Čo sa týka minerálov a stopových prvkov, nechýba horčík, sodík, vápnik, železo, meď, zinok, mangán a germánium. Je to proces, ktorým sa získavajú z húb kľúčové živiny. Sušené plodnice sú podrobené dvojnásobnej extrakcii – horúcou vodou a alkoholom v pomere 1:5. Alkohol sa využíva na uvoľnenie látok, ktoré sú vo vode nerozpustné. Vďaka tomu je tinktúra tak bohatá na účinné látky. Samotný produkt je vyrábaný z plodníc, nie z mycélia (podhubie). Všetky prospešné látky sa totiž nachádzajú v tejto časti huby, ktorá rastie nad povrchom. Niektorí výrobcovia používajú mycélium vypestované v laboratóriách a ich výrobky preto môžu postrádať niektoré účinné látky. Maximálna odporúčaná denná dávka je 2 ml. 1 pipeta obsahuje 0,6 ml tinktúry. Ideálne je používať 1-3 pipety , 1-3-krát denne. Kvapky môžete aplikovať priamo pod jazyk a prehltnúť, alebo pridať do vody, čaju, kávy alebo smoothie a vypiť.",https://powerlogy.com/kaapa-mushrooms-chaga-50-ml/3-pack/,Kaapa,Powerlogy,https://media.powerlogy.com/1/live/20260910123247/540941-3-pack-v3.webp,in_stock,98.85 EUR,93.95 EUR,,,540941,new,Výživové doplnky > Vitálne huby > Chaga,,,https://powerlogy.com/,true,14,https://powerlogy.com/o-nakupe/vseobecne-obchodne-podmienky,false,5.00,2,SK,SK,supplement,chaga,in-stock,multipack,false
540943_3,Kaapa Organic Mushrooms Lions Mane 3 x 50 ml,"Duálne extrahovaný BIO výťažok z huby Lion's Mane, bez lepku a prísad Čistý výťažok z huby Lion's Mane v BIO kvalite. Lion's Mane je hubou 21. storočia. Produkt neobsahuje lepok, škrob či umelé prísady a je vhodný aj pre vegánov. Lion’s Mane, v preklade „levia hriva“ nesie svoj názov právom práve vďaka jej vzhľadu, ktorý pripomína korunu kráľa zvierat. Na Slovensku ju poznáme pod názvom Koralovec ježovitý. Používa sa v Ázii už od dávnych čias. Vyslúžila si prezývku „huba 21. storočia“. Medzi najvýznamnejšie zlúčeniny, ktoré obsahuje, patria treitol, D-arabinitol a kyselina palmitová. Je to proces, ktorým sa získavajú z húb kľúčové živiny. Sušené plodnice sú podrobené dvojnásobnej extrakcii – horúcou vodou a alkoholom v pomere 1:5. Alkohol sa využíva na uvoľnenie látok, ktoré sú vo vode nerozpustné. Vďaka tomu je tinktúra tak bohatá na účinné látky. Samotný produkt je vyrábaný z plodníc, nie z mycélia (podhubie). Všetky prospešné látky sa totiž nachádzajú v tejto časti huby, ktorá rastie nad povrchom. Niektorí výrobcovia používajú mycélium vypestované v laboratóriách a ich výrobky preto môžu postrádať niektoré účinné látky. Maximálna odporúčaná denná dávka je 2 ml. 1 pipeta obsahuje 0,6 ml tinktúry. Ideálne je používať 1-3 pipety , 1-3-krát denne. Kvapky môžete aplikovať priamo pod jazyk a prehltnúť, alebo pridať do vody, čaju, kávy alebo smoothie a vypiť.",https://powerlogy.com/kaapa-mushrooms-lions-mane-50-ml/3-pack/,Kaapa,Powerlogy,https://media.powerlogy.com/1/live/20260910123248/540943-3-pack-v3.webp,in_stock,110.85 EUR,105.55 EUR,,,540943,new,Výživové doplnky > Vitálne huby > Lion's Mane,,,https://powerlogy.com/,true,14,https://powerlogy.com/o-nakupe/vseobecne-obchodne-podmienky,false,,,SK,SK,supplement,lion's-mane,in-stock,multipack,false
540951_3,The Buttery Pure Cream 3 x 800 g,"Jemné arašidové maslo z kvalitných sucho pražených hi-oleic arašidov Jemné arašidové maslo vyrobené remeselným spôsobom z jemne mletých sucho pražených hi-oleic arašidov. Extra krémové, bez pridaného cukru, palmového oleja a konzervantov. Ideálny zdroj rastlinných tukov a energie pre každého, kto žije aktívne. Arašidové maslo mám rád, ale dlhé roky mi prekážal vysoký obsah omega-6, ktoré podporujú zápaly. V The Buttery to vyriešili – vďaka špeciálnej odrode arašidov má maslo menej omega-6 a zároveň si drží vysokú kvalitu surovín, čisté zloženie a prísnu kontrolu oxidácie. Značka The Buttery vznikla z jednoduchej túžby: priniesť do Európy poriadne chutné a zároveň výživné arašidové maslo. Po rokoch nosenia kvalitných novozélandských masiel v kufroch späť do Španielska sa Zander a Bri rozhodli vybudovať vlastnú značku v srdci Barcelony – s láskou, ručne a poctivo. Skvelé do kaší, smoothies, toastov aj dezertov. Ideálne na raňajky alebo ako rýchly snack pred či po tréningu.",https://powerlogy.com/the-buttery-pure-cream-2/3-pack/,Powerlogy,Powerlogy,https://media.powerlogy.com/1/live/20260910123249/540951-3-pack-v3.webp,in_stock,47.85 EUR,45.55 EUR,,,540951,new,Zdravé potraviny > Orieškové krémy a maslá > Arašidové > Arašidové maslá bez pridaného cukru,,,https://powerlogy.com/,true,14,https://powerlogy.com/o-nakupe/vseobecne-obchodne-podmienky,true,4.88,8,SK,SK,food,arašidové-maslá-bez-pridaného-cukru,in-stock,multipack,false
540960_3,The Buttery Cream & Crunch 3 x 800 g,"Chrumkavé arašidové maslo z kvalitných sucho pražených hi-oleic arašidov Vyrobené z kvalitných sucho pražených hi-oleic arašidov s jemným mletím a štipkou morskej soli. Bohaté na prirodzené tuky podobné tým z olivového oleja či avokáda – dokonalá chuť, krémová textúra a poctivá výživa v každej lyžičke. Arašidové maslo mám rád, ale dlhé roky mi prekážal vysoký obsah omega-6, ktoré podporujú zápaly. V The Buttery to vyriešili – vďaka špeciálnej odrode arašidov má maslo menej omega-6 a zároveň si drží vysokú kvalitu surovín, čisté zloženie a prísnu kontrolu oxidácie. Značka The Buttery vznikla z jednoduchej túžby: priniesť do Európy poriadne chutné a zároveň výživné arašidové maslo. Po rokoch nosenia kvalitných novozélandských masiel v kufroch späť do Španielska sa Zander a Bri rozhodli vybudovať vlastnú značku v srdci Barcelony – s láskou, ručne a poctivo. Skvelé do kaší, smoothies, toastov aj dezertov. Ideálne na raňajky alebo ako rýchly snack pred či po tréningu.",https://powerlogy.com/the-buttery-cream-crunch-2/3-pack/,Powerlogy,Powerlogy,https://media.powerlogy.com/1/live/20260910123250/540960-3-pack-v3.webp,in_stock,47.85 EUR,45.55 EUR,,,540960,new,Zdravé potraviny > Orieškové krémy a maslá > Arašidové > Arašidové maslá bez pridaného cukru,,,https://powerlogy.com/,true,14,https://powerlogy.com/o-nakupe/vseobecne-obchodne-podmienky,true,5.00,3,SK,SK,food,arašidové-maslá-bez-pridaného-cukru,in-stock,multipack,false
542125_6,Powerlogy Upgraded Collagen Bar Strawberry 6 x 50 g,"Tyčinka so hydrolyzovaným kolagénom, prebiotickou vlákninou, kokosom a lyofilizovanými jahodami Proteínová tyčinka s hydrolyzovaným kolagénom, nízkym obsahom cukru a poriadnou porciou vlákniny (13 g v jednej tyčinke). Výskumy potvrdzujú, že vysoký príjem prebiotickej vlákniny podporuje mikrobióm. 1-2 Zabezpečí zdravú sýtosť 3 , stabilnú hladinu cukru v krvi 4 a pomáha so znížením hladín cholesterolu. 4-5 Receptúru završuje extra MCT olej, ktorý funguje ako rýchle ""palivo"" na tvorbu energie. 6-7 Užite si lahodnú kombináciu kokosu a lyofilizovaných jahôd pre osviežujúcu a prirodzene sladkú chuť. Bez lepku, mlieka, palmového oleja a umelých sladidiel. Prémiovú líniu Powerlogy Upgraded som vytvoril pre najnáročnejších zákazníkov, ktorí hľadajú maximálnu kvalitu a účinnosť. Upgraded produkty sú obohatené o inovatívne ingrediencie ako MCT olej, prebiotická vláknina, adaptogény či bioaktívne látky. Receptúry vyvíjam na základe najnovších vedeckých poznatkov. Kombinujem účinky rôznych zložiek, aby vám dodali energiu a podporili konkrétne funkcie tela – imunita, trávenie, regenerácia či fyzická a mentálna výkonnosť. Funkčné benefity konzultujem s odbornou vedeckou radou, s ktorou v Powerlogy úzko spolupracujeme. Upgraded produkty odporúčam ako riešenie pre ľudí, ktorí chcú spoľahlivý zdroj energie a výživy na každý deň. Túto inovatívnu kolagénovú tyčinku s nízkym obsahom cukru sme vytvorili pre náročných zákazníkov. Pre ľudí, ktorí chcú mať naozaj deň plný energie a nechcú vyhladnúť do 2 hodín. A zároveň si veľmi dobre uvedomujú, že každé jedlo má potenciál byť kvalitnou vyživou",https://powerlogy.com/powerlogy-upgraded-collagen-bar-strawberry-50-g/6-pack/,Powerlogy,Powerlogy,https://media.powerlogy.com/1/live/20260910124837/542125-6-pack-w.webp,out_of_stock,17.70 EUR,16.55 EUR,,,542125,new,Funkčná výživa > Kolagény > Kolagény na kosti a kĺby > Hovädzie kolagény na kĺby,,,https://powerlogy.com/,true,14,https://powerlogy.com/o-nakupe/vseobecne-obchodne-podmienky,false,,,SK,SK,supplement,hovädzie-kolagény-na-kĺby,out-of-stock,multipack,false
544739_3,NoordCode Creatine Pro 3 x 150 g,"Kombinácia najčistejšieho kreatín monohydrátu (Creapure®) so špeciálnym rastlinným extraktom AstraGin NoordCode Creatine Pro je prémiový kreatín monohydrát Creapure® obohatený o extrakt AstraGin®. Ide o čisto prírodný doplnok bez prísad, vyrábaný vo Holandsku. Pomáha zlepšiť športový výkon, naberať svalovú hmotu a zároveň podporuje vstrebateľnosť ďalších živín. Vhodný aj pre vegánov. Ideálny základ vášho športového stacku – overený, účinný, bezpečný. NoordCode Creatine Pro je vysoko kvalitný kreatín monohydrát Creapure® , doplnený o patentovaný rastlinný extrakt AstraGin® . Creapure® je vyrábaný v Nemecku firmou AlzChem Trostberg GmbH a patrí medzi najčistejšie formy kreatínu na trhu – s minimálnym obsahom vedľajších produktov ako kreatinín, DCD alebo DHT . Produkcia prebieha bez použitia živočíšnych zložiek, je teda vhodná aj pre vegánov , zároveň má Halal a Kosher certifikáciu. AstraGin® je štandardizovaný extrakt z koreňov rastlín Panax notoginseng a Astragalus membranaceus , ktorý bol klinicky skúmaný na podporu vstrebávania živín v črevách. V kombinácii s kreatínom zvyšuje potenciál doplnku pri podpore športového výkonu, rastu svalovej hmoty a efektívnosti iných suplementov. Produkt je bez pridaných látok , plnív alebo sladidiel – obsahuje iba Creapure® kreatín monohydrát a AstraGin® , v práškovej forme pre jednoduché dávkovanie. Každá dávka (5 g) obsahuje odporúčanú dennú dávku kreatínu, ktorého účinnosť je podložená desiatkami klinických štúdií . NoordCode Creatine Pro je zároveň NZVT certifikovaný , čo znamená, že každá šarža je testovaná na prítomnosť zakázaných láto",https://powerlogy.com/powerlogy-noordcode-creatine-pro-150g/3-pack/,NoordCode,Powerlogy,https://media.powerlogy.com/1/live/20260910124839/544739-3-pack-w.webp,in_stock,53.85 EUR,50.95 EUR,,,544739,new,Výživové doplnky > Kreatín > Kreatín v akcii,,,https://powerlogy.com/,true,14,https://powerlogy.com/o-nakupe/vseobecne-obchodne-podmienky,false,4.67,3,SK,SK,supplement,kreatín-v-akcii,in-stock,multipack,false
544838_3,NoordCode Daily Electrolytes Berries 3 x 180 g,"Denné elektrolyty bez cukru s draslíkom, horčíkom a stopovými minerálmi pre optimálnu hydratáciu NoordCode Daily Electrolytes Berries je jemne ovocná zmes elektrolytov na každodenné doplnenie draslíka a horčíka. Obsahuje 350 mg draslíka z citrátu draselného, 100 mg horčíka z morských minerálov (Aquamin™) a iba 35 mg sodíka z nerafinovanej morskej soli. Čisto prírodné zloženie bez cukru, s jemnou chuťou lesných plodov. Vhodné pre vegánov, pri keto aj pôste. Ideálna voľba pre bežnú hydratáciu a funkciu svalov či nervov. Elektrolyty sú nabité častice (často minerály), ktoré v tele plnia dôležité funkcie. Známe elektrolyty sú sodík, draslík, horčík, vápnik a chloridy. Tieto látky najčastejšie získavame z rôznych potravín a vylučované sú močom. V prípade nedostatku týchto minerálov je praktické siahnuť po doplnkoch, akými sú napríklad NoordCode Electrolytes. ENERGIA - Horčík prispieva k zvýšeniu energie a zároveň pomáha zmierniť pocit vyčerpania a únavy. Funkcia svalov a nervov - Draslík a horčík sú nevyhnutné pre správne fungovanie svalov a nervových buniek. Tieto minerály podporujú normálnu činnosť nervového systému, pričom horčík zohráva kľúčovú úlohu pri prenose nervových impulzov. Okrem toho magnézium taktiež prispieva k udržaniu optimálnej mentálnej kapacity. Krvný tlak a ďalšie výhody - Draslík je dôležitý pre udržiavanie normálneho krvného tlaku, zatiaľ čo horčík podporuje správnu rovnováhu vody a minerálov v tele. Okrem toho horčík prispieva k pevnosti kostí a zubov, zohráva významnú úlohu pri raste a vývoji tkanív a pomáha pri tvorbe telesných bielkovín. 1 dávka Noo",https://powerlogy.com/powerlogy-noordcode-daily-electrolytes-berries-180-g/3-pack/,NoordCode,Powerlogy,https://media.powerlogy.com/1/live/20260910124842/544838-3-pack-w.webp,in_stock,80.85 EUR,76.95 EUR,,,544838,new,Výživové doplnky > Draslík,,,https://powerlogy.com/,true,14,https://powerlogy.com/o-nakupe/vseobecne-obchodne-podmienky,false,4.00,1,SK,SK,supplement,draslík,in-stock,multipack,false
544839_3,NoordCode Daily Electrolytes Passionfruit Papaya 3 x 180 g,"Funkčná zmes elektrolytov so sodíkom, draslíkom a horčíkom. Príchuť marakuje a papáje NoordCode Daily Electrolytes Passionfruit Papaya je jemne ovocná zmes elektrolytov na každodenné doplnenie draslíka a horčíka. Obsahuje 350 mg draslíka z citrátu draselného, 100 mg horčíka z morských minerálov (Aquamin™) a iba 35 mg sodíka z nerafinovanej morskej soli. Čisto prírodné zloženie bez cukru, s jemnou chuťou exotického ovocia. Vhodné pre vegánov, pri keto aj pôste. Ideálna voľba pre bežnú hydratáciu a funkciu svalov či nervov. Elektrolyty sú nabité častice (často minerály), ktoré v tele plnia dôležité funkcie. Známe elektrolyty sú sodík, draslík, horčík, vápnik a chloridy. Tieto látky najčastejšie získavame z rôznych potravín a vylučované sú močom. V prípade nedostatku týchto minerálov je praktické siahnuť po doplnkoch, akými sú napríklad NoordCode Electrolytes. ENERGIA - Horčík prispieva k zvýšeniu energie a zároveň pomáha zmierniť pocit vyčerpania a únavy. Funkcia svalov a nervov - Draslík a horčík sú nevyhnutné pre správne fungovanie svalov a nervových buniek. Tieto minerály podporujú normálnu činnosť nervového systému, pričom horčík zohráva kľúčovú úlohu pri prenose nervových impulzov. Okrem toho magnézium taktiež prispieva k udržaniu optimálnej mentálnej kapacity. Krvný tlak a ďalšie výhody - Draslík je dôležitý pre udržiavanie normálneho krvného tlaku, zatiaľ čo horčík podporuje správnu rovnováhu vody a minerálov v tele. Okrem toho horčík prispieva k pevnosti kostí a zubov, zohráva významnú úlohu pri raste a vývoji tkanív a pomáha pri tvorbe telesných bielkov",https://powerlogy.com/noordcode-daily-electrolytes-passsionfruit-papaya/3-pack/,NoordCode,Powerlogy,https://media.powerlogy.com/1/live/20260910124844/544839-3-pack-w.webp,in_stock,80.85 EUR,76.95 EUR,,,544839,new,Výživové doplnky > Draslík,,,https://powerlogy.com/,true,14,https://powerlogy.com/o-nakupe/vseobecne-obchodne-podmienky,false,,,SK,SK,supplement,draslík,in-stock,multipack,false
544848_3,NoordCode Performance Electrolytes Forest Berries 3 x 200 g,"Funkčná zmes elektrolytov so sodíkom, draslíkom a horčíkom s príchuťou lesných plodov Vlastnosti, vďaka ktorým sa môžete na NoordCode elektrolyty spoľahnúť: Hydratácia organizmu a udržiavanie priaznivej rovnováhy vody v tele. Podpora funkcie svalov. Zlepšenie fungovania nervovej sústavy a podpora psychickej odolnosti. Pomáha udržiavať normálny krvný tlak. Prémiové zloženie bez pridaných látok. Optimálny pomer elektrolytov. Prírodná, citrónovo-pomarančová príchuť. Vhodné pre vegánov, ale aj pri keto a paleo stravovaní. Význam konkrétnych elektrolytov pre organizmus Energia Horčík prispieva k zvýšeniu energie a zároveň pomáha zmierniť pocit vyčerpania a únavy. Funkcia svalov a nervov Draslík a horčík sú nevyhnutné pre správne fungovanie svalov a nervových buniek. Tieto minerály podporujú normálnu činnosť nervového systému, pričom horčík zohráva kľúčovú úlohu pri prenose nervových impulzov. Okrem toho magnézium taktiež prispieva k udržaniu optimálnej mentálnej kapacity. Krvný tlak a ďalšie výhody Draslík je dôležitý pre udržiavanie normálneho krvného tlaku, zatiaľ čo horčík podporuje správnu rovnováhu vody a minerálov v tele. Okrem toho horčík prispieva k pevnosti kostí a zubov, zohráva významnú úlohu pri raste a vývoji tkanív a pomáha pri tvorbe telesných bielkovín. Prečo sú elektrolyty dôležité? Elektrolyty sú nabité častice (často minerály), ktoré v tele plnia dôležité funkcie. Známe elektrolyty sú sodík, draslík, horčík, vápnik a chloridy. Tieto látky najčastejšie získavame z rôznych potravín a vylučované sú močom. V prípade nedostatku týchto minerálov je praktické siahnuť po doplnkoch, akými sú napríklad NoordCode Electrolytes. Kedy NoordCode Electrolytes užívať Ráno po prebudení, vďaka čomu začnete deň so správnou hydratáciou. Sodík z morskej soli, ktorý sa nachádza v tejto zmesi, pomáha vode lepšie sa vstrebávať. Preto voda s obsahom elektrolytov hydratuje lepšie ako tá bežná. Pri nadmernom potení počas športovania alebo v horúčavách. Potením sa z nášho tela vylučuje voda a s ňou aj množstvo minerálov. Preto je ideálne prijímať vodu obohatenú o elektrolyty. Počas ketogénnej či nízkosacharidovej diéty. Ak denne konzumujete sacharidy, vaše telo zadržiava viac soli. Preto pri nízkom príjme sacharidov strácate elektrolyty rýchlejšie. Keď konzumujete prevažne čerstvé, nespracované potraviny, ktoré často neobsahujú dostatok soli. Použitie NoordCode Electrolytes 2 odmerky (8 g) rozpustite v 1 litri vody pomocou mixéra alebo šejkra. V prípade, že sa vám nápoj bude zdať príliš slaný, pridajte vodu. Vrecúško s vysušovadlom nechajte v nádobe a vždy medzi jednotlivými použitiami rýchlo a dôkladne zatvorte veko, aby ste zabránili zhlukovaniu. Popis výrobku: Funkčná zmes elektrolytov so sodíkom, draslíkom a horčíkom s citrusovou príchuťou. Hmotnosť: 250 g Zloženie: Nerafinovaná soľ, citrát draselný, horčík z morských minerálov, kyselina jablčná, kyselina citrónová, glykozidy steviolu zo stévie. Alergény: Môže obsahovať stopy mlieka. Vyrobené v: Holandsko",https://powerlogy.com/noordcode-performance-electrolytes-forest-berries/3-pack/,NoordCode,Powerlogy,https://media.powerlogy.com/1/live/20260910124845/544848-3-pack-w.webp,in_stock,89.85 EUR,85.55 EUR,,,544848,new,Výživové doplnky > Elektrolyty,,,https://powerlogy.com/,true,14,https://powerlogy.com/o-nakupe/vseobecne-obchodne-podmienky,false,5.00,4,SK,SK,supplement,elektrolyty,in-stock,multipack,false
546818_3,Powerlogy Shaker 3 x 400 ml,"Štýlový shaker s kovovou špirálou a praktickým pútkom – ideálny na proteín, kolagén či greens Powerlogy Shaker je praktický, odolný a 100 % BPA free . Ideálny na proteín , kolagén , Greens alebo Power Coffee s MCT – doma aj na cestách. Objem 400 ml, kovová špirála pre hladké miešanie, tesniace viečko , ktoré nepretečie, a praktické pútko na jednoduché nosenie. Ľahký, kompaktný a vždy pripravený na tvoj nápoj. Jednoducho sa čistí, nezadržiava pachy a má čistý dizajn v štýle Powerlogy, ktorý ťa bude baviť používať každý deň.",https://powerlogy.com/powerlogy-shaker-400-ml/3-pack/,Powerlogy,Powerlogy,https://media.powerlogy.com/1/live/20260910123253/546818-3-pack-v3.webp,in_stock,14.85 EUR,13.55 EUR,,,546818,new,Funkčná výživa > Keto nápoje,,,https://powerlogy.com/,true,14,https://powerlogy.com/o-nakupe/vseobecne-obchodne-podmienky,true,4.00,2,SK,SK,food,keto-nápoje,in-stock,multipack,false
546929_3,Powerlogy Whey Protein Coconut & Almond 3 x 1 kg,"100 % čistý grass-fed srvátkovo-ryžový proteín s príchuťou kokos-mandľa bez umelých sladidiel Prírodný srvátkovo-ryžový proteín v grass-fed kvalite s jemnou kokosovo-mandľovou chuťou. Jedna dávka obsahuje 23 g bielkovín , kompletný profil 18 aminokyselín vrátane BCAA a čisté zloženie bez umelých sladidiel, sóje a pridaného cukru. Prírodná aróma kokosu a mandlí — krémový, jemne orieškový profil bez umelých nosičov. Kombinácia whey a ryžového proteínu predlžuje čas, počas ktorého sú v krvi zvýšené hladiny esenciálnych aminokyselín. V praxi to znamená dlhšie okno dodávky stavebného materiálu pre svaly než pri samostatnom zdroji bielkovín. Väčšina proteínov na trhu používa lacnejšie suroviny, syntetické arómy a agresívne sladidlá, aby výsledok pôsobil výraznejšie a lacnejšie na výrobu. Powerlogy Whey Coconut & Almond stavia na srvátke z kráv kŕmených trávou, doplnenej ryžovým proteínom a jemnou prírodnou chuťou kokosu a mandlí. Žiadne skratky, len funkčný proteín s chuťou, ktorú chcete piť dlhodobo. DIAAS skóre meria kvalitu bielkovín podľa aktuálnej metodiky WHO/FAO - zohľadňuje stráviteľnosť aj kompletnosť aminokyselinového profilu. Srvátkový proteín z kráv kŕmených trávou vykazuje prirodzene vyšší obsah leucínu, kľúčovej aminokyseliny pre syntézu svalových bielkovín. Každá odmerka Whey Coconut & Almond obsahuje kompletný profil 18 aminokyselín vrátane BCAA - leucínu, izoleucínu a valínu pre rast a ochranu svalov. Blend srvátkového a ryžového proteínu zároveň prináša vyváženejší aminokyselinový profil a výbornú použiteľnosť po tréningu aj počas dňa. Každá 30 g odmerka o",https://powerlogy.com/whey-protein-coconut-almond/3-pack/,Powerlogy,Powerlogy,https://media.powerlogy.com/1/live/20260910123255/546929-3-pack-v3.webp,in_stock,119.85 EUR,108.55 EUR,,,546929,new,Funkčná výživa > Proteíny > Srvátkové proteíny > Srvátkové proteíny na chudnutie,,,https://powerlogy.com/,true,14,https://powerlogy.com/o-nakupe/vseobecne-obchodne-podmienky,true,3.70,10,SK,SK,food,srvátkové-proteíny-na-chudnutie,in-stock,multipack,false
547043_3,Powerlogy Whey Protein Dark Chocolate 3 x 1 kg,"100 % čistý grass-fed srvátkovo-ryžový proteín s príchuťou tmavej čokolády bez umelých sladidiel Prírodný srvátkovo-ryžový proteín z mlieka kráv kŕmených trávou s chuťou horkej čokolády. 21 g bielkovín na dávku, kompletný profil 18 aminokyselín vrátane BCAA - bez umelých sladidiel, lepku a s zníženým obsahom laktózy. Pravý kakaový prášok — plná čokoládová chuť, nie aróma zo skúmavky. Kombinácia whey a ryžového proteínu predlžuje čas, počas ktorého sú v krvi zvýšené hladiny esenciálnych aminokyselín. V praxi to znamená dlhšie okno dodávky stavebného materiálu pre svaly než pri samostatnom zdroji bielkovín. Väčšina proteínov na trhu používa srvátku z priemyselne chovaných kráv, zahustenú umelými sladidlami a syntetickými príchuťami. Powerlogy Whey Protein Dark Chocolate je iný: srvátka pochádza z kráv kŕmených trávou, chuť tvorí pravý kakaový prášok a sladkosť dodáva výlučne stévia. Žiadne skratky - len proteín s účelom. DIAAS skóre meria kvalitu bielkovín podľa aktuálnej metodiky WHO/FAO - zohľadňuje stráviteľnosť aj kompletnosť aminokyselinového profilu. Srvátkový proteín z kráv kŕmených trávou vykazuje prirodzene vyšší obsah leucínu, kľúčovej aminokyseliny pre syntézu svalových bielkovín. Každá odmerka Whey Protein Dark Chocolate obsahuje kompletný profil 18 aminokyselín vrátane BCAA - leucínu, izoleucínu a valínu pre rast a ochranu svalov. Blend srvátkového a ryžového proteínu zabezpečuje vyváženejší aminokyselinový profil ako samotná srvátka. Každá 30 g odmerka obsahuje 21 g bielkovín (83 %), 2 g sacharidov (8 %) a 2,4 g tuku (9 %). Makrá sú optimalizované pre maximál",https://powerlogy.com/whey-protein-dark-chocolate/3-pack/,Powerlogy,Powerlogy,https://media.powerlogy.com/1/live/20260910123256/547043-3-pack-v3.webp,in_stock,119.85 EUR,110.55 EUR,,,547043,new,Funkčná výživa > Proteíny > Srvátkové proteíny > Srvátkové proteíny na chudnutie,,,https://powerlogy.com/,true,14,https://powerlogy.com/o-nakupe/vseobecne-obchodne-podmienky,true,4.36,11,SK,SK,food,srvátkové-proteíny-na-chudnutie,in-stock,multipack,false
547746_3,Powerlogy Organic Vegan Protein Cinnamon & Vanilla 3 x 500 g,"BIO certifikovaný VEGAN rastlinný proteín s vanilkovo-škoricovou príchuťou Organický vegánsky proteín z hrachu, ryže a konope s prírodnou škoricovo-vanilkovou príchuťou. 19 g bielkovín na dávku, kompletný profil 18 aminokyselín, čisté BIO zloženie - bez umelých sladidiel, lepku ani mlieka. DIAAS skóre meria kvalitu bielkovín podľa najmodernejšej metodiky WHO/FAO. Kombináciou troch zdrojov dosahujeme takmer kompletný profil. BIO cejlónska škorica a vanilkový extrakt — pravé suroviny, žiadne syntetické arómy. Kokosový nektár — prírodné sladidlo s nízkym glykemickým indexom. Aminokyseliny sú základné stavebné kamene bielkovín a zohrávajú kľúčovú úlohu pri raste, regenerácii a správnom fungovaní organizmu. Každá odmerka obsahuje profil 18 aminokyselín vrátane BCAA (leucín, izoleucín, valín) pre rast a ochranu svalov, lyzínu a metionínu pre imunitu a metabolizmus, či tryptofánu a tyrozínu na podporu nálady a energie. Každá 30 g odmerka obsahuje 19 g bielkovín (72 %), 5,7 g sacharidov (22 %) a 1,6 g tuku (6 %). Makrá sú optimalizované pre maximálny príjem bielkovín pri minimálnom kalorickom zaťažení. 1 odmerku (30 g) rozmiešajte v 200 ml vody alebo rastlinného mlieka. Proteín sa prirodzene rozpúšťa v studených aj teplých nápojoch. Pridajte ovocie, orechový krém alebo použite v smoothie bowls a zdravých receptoch. Nie každý rastlinný proteín je rovnaký. Rozdiel je v počte zdrojov, kvalite surovín, použitých sladidlách aj biologickej hodnote.",https://powerlogy.com/organic-vegan-protein-500-g/3-pack/,Powerlogy,Powerlogy,https://media.powerlogy.com/1/live/20260910123257/547746-3-pack-v3.webp,in_stock,89.85 EUR,82.55 EUR,,,547746,new,Funkčná výživa > Proteíny > Bezlepkové proteíny,,,https://powerlogy.com/,true,14,https://powerlogy.com/o-nakupe/vseobecne-obchodne-podmienky,true,4.77,13,SK,SK,food,bezlepkové-proteíny,in-stock,multipack,false
547960_3,Powerlogy Upgraded Recovery Protein Coconut & Almond 3 x 500 g,"Hovädzí proteín s komplexným profilom aminokyselín, kreatínom, Palatinose® a Zynamite® Prémiový recovery proteín z hydrolyzovaného hovädzieho Hydrobeef™ s pridaným L-glutamínom, kreatínom, Palatinose™ a Zynamite® pre rýchlejšiu regeneráciu, stabilnejšiu energiu a menšiu únavu po výkone. Každá dávka prináša 19 g bielkovín , čisté zloženie bez lepku, mlieka, sóje a umelých sladidiel a jemnú kokosovo-mandľovo-vanilkovú chuť. Prírodné arómy kokosu a mandlí — krémový profil bez syntetických nosičov. Hydrobeef® je hydrolyzovaný hovädzí proteín - bielkovina je už čiastočne rozštiepená na menšie peptidy. Telo ich vstrebáva rýchlejšie a kompletnejšie ako bežné proteíny, vďaka čomu dosahuje stráviteľnosť až 99 % - viac než whey izolát, vajce aj rastlinné zdroje. 10 Každá odmerka prináša aminokyselinový profil z Hydrobeef™ doplnený o extra glutamín. Výrazné zastúpenie glycínu, prolínu a hydroxyprolínu rozširuje recovery charakter receptúry, zatiaľ čo leucín, izoleucín a valín podporujú obnovu svalov po výkone. Palatinose™ (izomaltulóza) je sacharid s nízkym glykemickým indexom - trávi sa postupne a telo dostáva energiu konzistentne v menších dávkach (3-4 hodiny). Konzumácia potravín obsahujúcich izomaltulózu namiesto cukru prispieva k nižšiemu zvýšeniu hladiny glukózy v krvi po ich konzumácii. Výsledok: dlhšia výdrž, menšia únava, lepšie sústredenie - bez kolapsu ako po energetickom nápoji. Zynamite® dopĺňa receptúru o bioaktívny extrakt, ktorý podporuje výkon a menšiu únavu bez potreby kofeínu. Glukóza (jednoduchý cukor) Maltodextrín Palatinose TM Makro rozdelenie na 1 d",https://powerlogy.com/upgraded-recovery-protein-coconut-almond-500-g/3-pack/,Powerlogy,Powerlogy,https://media.powerlogy.com/1/live/20260910123258/547960-3-pack-v3.webp,in_stock,89.85 EUR,82.55 EUR,,,547960,new,Funkčná výživa > Proteíny > Bezlepkové proteíny,,,https://powerlogy.com/,true,14,https://powerlogy.com/o-nakupe/vseobecne-obchodne-podmienky,true,3.88,16,SK,SK,food,bezlepkové-proteíny,in-stock,multipack,false
548902_3,Powerlogy Upgraded Probio Oatmeal Vanilla 3 x 350 g,"Bezlepková funkčná raňajková kaša s kokosom, probiotikami a jemnou vanilkovou arómou Raňajky pre zdravé črevá a stabilnú energiu. 10 miliárd lyofilizovaných probiotík v každej porcii pre rovnováhu mikrobiómu a imunitu. Palatinose™ zabezpečí energiu bez cukrového výkyvu na 3–4 hodiny. Prebiotická čakanková vláknina ako potrava pre prospešné baktérie. Jemná vanilková chuť bez pridaného cukru, lepku a mlieka. Pre zachovanie aktivity lyofilizovaných probiotík nepoužívajte vodu teplejšiu ako 70°C. Každá ingrediencia má konkrétnu funkciu — pre trávenie, imunitu aj stabilnú energiu. Bez plnív, emulgátorov, umelých aróm ani palmového oleja. Bežné raňajky postavené na glukóze alebo maltodextríne spôsobujú prudký nárast hladiny cukru a následný energetický pád. Upgraded Probio Oatmeal využíva Palatinose™ pre plynulé uvoľňovanie energie a lyofilizované probiotiká pre zdravé trávenie — dve funkcie v jednej miske. 1–3 Glukóza Maltodextrín Palatinose™ Prečo práve lyofilizované probiotiká? Bežné probiotiká v jogurtoch vyžadujú chladenie a väčšina neprežije trávenie. Lyofilizácia zachováva kultúry v inertnom stave — vydržia pri izbovej teplote, prežijú žalúdok a dostanú sa do hrubého čreva, kde sú skutočne potrebné. Odolné voči žalúdočným kyselinám — dostanú sa tam, kde majú byť. Tu probiotiká skutočne pôsobia — a lyofilizované sa tam aj dostanú. Bežný probiotický jogurt obsahuje 100× menej aktívnych kultúr — a väčšina z nich neprežije trávenie. Odporúčaná porcia je 50 g. Pre zachovanie aktivity probiotík zalejte vodou maximálne 60–70°C — nie vriacou. Prémiovú líniu Powerlog",https://powerlogy.com/upgraded-probio-oatmeal-vanilla-2026-03-16-09-33-25/3-pack/,Powerlogy,Powerlogy,https://media.powerlogy.com/1/live/20260910123259/548902-3-pack-v3.webp,out_of_stock,29.85 EUR,27.55 EUR,,,548902,new,Zdravé potraviny > Raňajkové ovsené kaše > Probiotické kaše,,,https://powerlogy.com/,true,14,https://powerlogy.com/o-nakupe/vseobecne-obchodne-podmienky,true,4.92,13,SK,SK,food,probiotické-kaše,out-of-stock,multipack,false
548905_3,Powerlogy Upgraded Probio Oatmeal Dark Chocolate 3 x 350 g,"Bezlepková funkčná raňajková kaša s kokosom, probiotikami a príchuťou horkej čokolády Raňajky pre zdravé črevá a stabilnú energiu. 10 miliárd lyofilizovaných probiotík v každej porcii pre rovnováhu mikrobiómu a imunitu. Palatinose™ zabezpečí energiu bez cukrového výkyvu na 3–4 hodiny. Prebiotická čakanková vláknina ako potrava pre prospešné baktérie. Bez pridaného cukru, lepku a mlieka. Pre zachovanie aktivity lyofilizovaných probiotík nepoužívajte vodu teplejšiu ako 70°C. Kakaový prášok pre intenzívnu horkú čokoládovú chuť bez pridaného cukru. Kokosové lupienky pre chrumkavú textúru a jemnú exotickú chuť. Chia semienka pre jemnosť, omega-3 mastné kyseliny a dlhú sýtosť. Každá ingrediencia má konkrétnu funkciu — pre trávenie, imunitu aj stabilnú energiu. Bez plnív, emulgátorov, umelých aróm ani palmového oleja. Bežné raňajky postavené na glukóze alebo maltodextríne spôsobujú prudký nárast hladiny cukru a následný energetický pád. Upgraded Probio Oatmeal využíva Palatinose™ pre plynulé uvoľňovanie energie a lyofilizované probiotiká pre zdravé trávenie — dve funkcie v jednej miske. 1–3 Glukóza Maltodextrín Palatinose™ Prečo práve lyofilizované probiotiká? Bežné probiotiká v jogurtoch vyžadujú chladenie a väčšina neprežije trávenie. Lyofilizácia zachováva kultúry v inertnom stave — vydržia pri izbovej teplote, prežijú žalúdok a dostanú sa do hrubého čreva, kde sú skutočne potrebné. Odolné voči žalúdočným kyselinám — dostanú sa tam, kde majú byť. Tu probiotiká skutočne pôsobia — a lyofilizované sa tam aj dostanú. Bežný probiotický jogurt obsahuje 100× menej aktívn",https://powerlogy.com/upgraded-probio-oatmeal-dark-chocolate/3-pack/,Powerlogy,Powerlogy,https://media.powerlogy.com/1/live/20260910123303/548905-3-pack-v3.webp,in_stock,29.85 EUR,27.55 EUR,,,548905,new,Zdravé potraviny > Raňajkové ovsené kaše > Probiotické kaše,,,https://powerlogy.com/,true,14,https://powerlogy.com/o-nakupe/vseobecne-obchodne-podmienky,true,5.00,7,SK,SK,food,probiotické-kaše,in-stock,multipack,false
551554_3,Powerlogy Upgraded Collagen Gut+ 3 x 300 g,"Grass fed kolagén s kolostrom, glycínom a prebiotickou vlákninou Základ tvorí hovädzí kolagén z európskych kráv kŕmených trávou, bez hormónov a antibiotík. Ten sme obohatili o prémiové kolostrum, extra dávku glycínu a prebiotickú vlákninu - ideálny do každodennej rutiny. Pridaný probiotický kmeň Lactospore® (Bacillus coagulans). Nealkalizované kakao dodáva skvelú chuť. Vychutnajte si funkčný, čokoládový nápoj so 7 500 mg čistého kolagénu, 2 700 mg glycínu, 210 mg imunoglobulinu G a viac ako 200 miliónov CFU živých baktérií . Nealkalizované kakao — nespracované, so zachovanými flavonolmi a prirodzenou horkočokoládovou notou. Kolagénové peptidy — prirodzene dodávajú nápoju zamatovú, krémovú konzistenciu. Päť aktívnych ingrediencií, každá s jasným funkčným zámerom. Žiadne plnivá ani zbytočné prísady. V receptúre nenájdete zbytočné plnivá. Každá aktívna zložka má v receptúre svoje miesto. Hovädzí kolagén z kráv kŕmených trávou, bez hormónov a antibiotík. Európsky pôvod, transparentný dodávateľský reťazec. Enzymaticky hydrolyzovaný pre maximálne vstrebávanie. Prvé mlieko kráv po otelení je prírodne bohaté na imunoglobulíny triedy G, laktoferin a bioaktívne peptidy. Kmeň Bacillus coagulans vo forme spór, doplnený o prebiotický inulín z čakanky. Lactospore® (Bacillus coagulans MTCC 5856) tvorí ochranné spóry. Údaje nižšie pochádzajú z in-vitro testu v simulovanom žalúdočnom prostredí. 5 15 g prášku (1 kopcovitá polievková lyžica) v 100-200 ml tekutiny. Raz denne. Prémiovú líniu Powerlogy Upgraded som vytvoril pre najnáročnejších zákazníkov, ktorí",https://powerlogy.com/upgraded-collagen-gut-300-g/3-pack/,Powerlogy,Powerlogy,https://media.powerlogy.com/1/live/20260910123304/551554-3-pack-v3.webp,in_stock,98.85 EUR,90.95 EUR,,,551554,new,Funkčná výživa > Kolagény > Kolagény na kosti a kĺby > Hovädzie kolagény na kĺby,,,https://powerlogy.com/,true,14,https://powerlogy.com/o-nakupe/vseobecne-obchodne-podmienky,false,5.00,8,SK,SK,supplement,hovädzie-kolagény-na-kĺby,in-stock,multipack,false
551866_3,Powerlogy Upgraded Keto Shake Dark Chocolate 3 x 600 g,"Nápoj s kolagénom, Hydrobeef® proteínom, MCT, vitamínmi, minerálmi a prebiotickou vlákninou Plnohodnotný nápoj ktorý kombinuje grass-fed kolagén a Hydrobeef® proteín s MCT tukmi, ktoré sa premieňajú na ketóny a dodávajú stabilnú energiu na 3–4 hodiny. 1 Prebiotická vláknina podporuje trávenie a mikrobiom, komplex vitamínov B, C, D3, E, horčíka a zinku posilňuje imunitu a regeneráciu. 4-5 Rýchle, čisté a funkčné riešenie s kokosovo-čokoládovou chuťou na doplnenie energie kedykoľvek počas dňa. MCT tuky sa vstrebávajú rýchlejšie ako bežné tuky a pečeň ich priamo premieňa na ketóny – čistý zdroj energie pre mozog aj svaly. 1 C8 (kyselina kaprylová) má najvyššiu efektivitu premeny na ketóny zo všetkých MCT , 3 preto sú MCT obľúbené v ketogénnych diétach a pri intermittent fasting. 2 Grass-fed kolagén a Hydrobeef® proteín z európskych kráv. Bez hormónov a antibiotík – vysoká vstrebateľnosť a vyvážený aminokyselinový profil pre svaly, kĺby a pokožku. Prémiovú líniu Powerlogy Upgraded som vytvoril pre najnáročnejších zákazníkov, ktorí hľadajú maximálnu kvalitu a účinnosť. Upgraded produkty sú obohatené o inovatívne ingrediencie ako MCT olej, prebiotická vláknina, adaptogény či bioaktívne látky. Receptúry vyvíjam na základe najnovších vedeckých poznatkov. Kombinujem účinky rôznych zložiek, aby vám dodali energiu a podporili konkrétne funkcie tela – imunita, trávenie, regenerácia či fyzická a mentálna výkonnosť. Funkčné benefity konzultujem s odbornou vedeckou radou, s ktorou v Powerlogy úzko spolupracujeme. Upgraded produkty odporúčam ako riešenie pre ľudí, ktorí chcú spoľah",https://powerlogy.com/upgraded-keto-shake-dark-chocolate/3-pack/,Powerlogy,Powerlogy,https://media.powerlogy.com/1/live/20260910123305/551866-3-pack-v3.webp,in_stock,119.85 EUR,110.55 EUR,,,551866,new,Funkčná výživa > Keto nápoje,,,https://powerlogy.com/,true,14,https://powerlogy.com/o-nakupe/vseobecne-obchodne-podmienky,true,4.50,12,SK,SK,food,keto-nápoje,in-stock,multipack,false
551923_3,Powerlogy Upgraded Keto Shake Coconut & Almond 3 x 600 g,"Nápoj s kolagénom, Hydrobeef® proteínom, MCT, vitamínmi, minerálmi a prebiotickou vlákninou Plnohodnotný nápoj ktorý kombinuje grass-fed kolagén a Hydrobeef® proteín s MCT tukmi, ktoré sa premieňajú na ketóny a dodávajú stabilnú energiu na 3–4 hodiny. 1 Prebiotická vláknina podporuje trávenie a mikrobiom, komplex vitamínov B, C, D3, E, horčíka a zinku posilňuje imunitu a regeneráciu. 4-5 Rýchle, čisté a funkčné riešenie s kokosovo-mandľovou chuťou na doplnenie energie kedykoľvek počas dňa. MCT tuky sa vstrebávajú rýchlejšie ako bežné tuky a pečeň ich priamo premieňa na ketóny – čistý zdroj energie pre mozog aj svaly. 1 C8 (kyselina kaprylová) má najvyššiu efektivitu premeny na ketóny zo všetkých MCT , 3 preto sú MCT obľúbené v ketogénnych diétach a pri intermittent fasting. 2 Grass-fed kolagén a Hydrobeef® proteín z európskych kráv. Bez hormónov a antibiotík – vysoká vstrebateľnosť a vyvážený aminokyselinový profil pre svaly, kĺby a pokožku. Prémiovú líniu Powerlogy Upgraded som vytvoril pre najnáročnejších zákazníkov, ktorí hľadajú maximálnu kvalitu a účinnosť. Upgraded produkty sú obohatené o inovatívne ingrediencie ako MCT olej, prebiotická vláknina, adaptogény či bioaktívne látky. Receptúry vyvíjam na základe najnovších vedeckých poznatkov. Kombinujem účinky rôznych zložiek, aby vám dodali energiu a podporili konkrétne funkcie tela – imunita, trávenie, regenerácia či fyzická a mentálna výkonnosť. Funkčné benefity konzultujem s odbornou vedeckou radou, s ktorou v Powerlogy úzko spolupracujeme. Upgraded produkty odporúčam ako riešenie pre ľudí, ktorí chcú spoľahli",https://powerlogy.com/upgraded-keto-shake-coconut-almond/3-pack/,Powerlogy,Powerlogy,https://media.powerlogy.com/1/live/20260910123306/551923-3-pack-v3.webp,in_stock,119.85 EUR,99.55 EUR,,,551923,new,Funkčná výživa > Keto nápoje,,,https://powerlogy.com/,true,14,https://powerlogy.com/o-nakupe/vseobecne-obchodne-podmienky,true,3.83,6,SK,SK,food,keto-nápoje,in-stock,multipack,false
555692_3,Powerlogy World-Class Ceremonial Cacao 3 x 200 g,"Prémiový ceremoniálný kakaový blok z jemne pražených BIO kakaových bôbov Chuncho z Peru Prémiový ceremoniálny kakaový blok z výnimočnej peruánskej odrody Chuncho , pestovanej v posvätnej oblasti Quillabamba v údolí Cusco v Peru. Jemne pražené BIO kakaové bôby s bohatým obsahom polyfenolov, flavonoidov a teobromínu ponúkajú nielen nezameniteľný chuťový zážitok, ale aj funkčný účinok pre telo a myseľ. Bez cukru, lepku, mlieka a umelých konzervantov. Rovnako ako káva, aj kakao aktivuje mozog. No kým kofeín spôsobuje prudký nástup a rýchly pokles, theobromin pôsobí jemne a dlhodobo - bez nervozity a bez prepadu. Kofeín z kávy 4 Rýchly nástup, vrchol za ~1 hodinu, potom strmý pokles. Typický energetický crash po 4-5 hodinách. Theobromin z kakaa 1 Postupný nástup, vrchol za ~3-4 hodiny, účinok trvá 6-8 hodín. Žiadna nervozita, žiadny pokles. Zloženie, ktoré má zmysel Powerlogy World Class Ceremonial Cacao je 100 % kakaové bôby bez úprav. Každých 100 g nesie tri skupiny bioaktívnych zlúčenín. Väčšina kakaa na trhu je alkalizovaná a miešaná z rôznych odrôd. Chuncho je iné – vzácne, limitované a uznávané. 3 Rodí sa iba raz ročne v posvätnej oblasti Quillabamba v Cuscu. Jedna z najpôvodnejších odrôd kakaa na svete – uznaná na International Cocoa Awards. Bez alkalizácie. Bôby sú spracované tradičným spôsobom v malých šaržiach priamo v Peru – zachováva sa maximálny obsah flavonoidov a teobromínu. Certifikované BIO. Laboratórne testy potvrdzujú absenciu pesticídov, mykotoxínov a ťažkých kovov. Ochratoxín A pod detekčnou hranicou. Už staré kultúry Južnej Ameriky, vrátane Inko",https://powerlogy.com/powerlogy-world-class-ceremonial-cacao-200-g/3-pack/,Powerlogy,Powerlogy,https://media.powerlogy.com/1/live/20260910123308/555692-3-pack-v3.webp,in_stock,74.85 EUR,64.95 EUR,,,555692,new,Zdravé potraviny > Káva a kakao > Kakao > Ceremoniálne kakao,,,https://powerlogy.com/,true,14,https://powerlogy.com/o-nakupe/vseobecne-obchodne-podmienky,true,4.33,9,SK,SK,food,ceremoniálne-kakao,in-stock,multipack,false
560136_3,Powerlogy Upgraded Immunity Boost 3 x 200 g,"BIO zmes piatich superpotravín so včelím peľom pre prirodzenú podporu imunity a vitality Funkčná zmes piatich superpotravín pre prirodzenú podporu imunity, energie a vitality. Včelí peľ ako prírodný komplex aminokyselín a flavonoidov, 1 BIO acerola s prírodným vitamínom C (~90 % DDD v jednej dávke), 2 BIO maca ako tradičný adaptogén, 3 BIO kurkuma a zázvor s ich tradične uznávanými protizápalovými účinkami. 4–5 Vyrobené z prémiových ingrediencií, bez pridaného cukru a umelých sladidiel — sladkosť pochádza z lyofilizovaného manga. 40 denných dávok v jednom balení. Päť funkčných superpotravín v premyslenej receptúre, doplnených o lyofilizované mango pre prirodzenú sladkú a tropickú chuť. Žiadny pridaný cukor, žiadne umelé sladidlá – iba stévia ako prírodné dochutenie. Tri mechanizmy, ktoré v jednej dávke pracujú súčasne — komplexná výživa, vitalita a antioxidačná ochrana. Acerola (tropická čerešňa Malpighia emarginata ) je najbohatším bežne dostupným prírodným zdrojom vitamínu C . V 100 g čerstvého ovocia obsahuje 1 677 mg vitamínu C — viac ako 30 pomarančov dohromady. 2 Vďaka tejto extrémnej koncentrácii stačí len 600 mg acerolového prášku v jednej dávke na pokrytie ~90 % dennej dávky. 1 dávka (5 g) v 200 ml tekutiny — studená alebo vlažná do 40 °C, aby sa zachovali enzýmy a vitamín C Prémiovú líniu Powerlogy Upgraded som vytvoril pre najnáročnejších zákazníkov, ktorí hľadajú maximálnu kvalitu a účinnosť. Upgraded produkty sú obohatené o inovatívne ingrediencie ako MCT olej, prebiotická vláknina, adaptogény či bioaktívne látky. Receptúry vyvíjam na základe najnovš",https://powerlogy.com/powerlogy-upgraded-immunity-boost-200-g/3-pack/,Powerlogy,Powerlogy,https://media.powerlogy.com/1/live/20260910123309/560136-3-pack-v3.webp,in_stock,83.85 EUR,43.95 EUR,,,560136,new,Funkčná výživa > Superpotraviny > Kurkuma,,,https://powerlogy.com/,true,14,https://powerlogy.com/o-nakupe/vseobecne-obchodne-podmienky,true,4.75,8,SK,SK,food,kurkuma,in-stock,multipack,false
562874_6,Powerlogy Upgraded Cacao Bites 6 x 100 g,"Chrumkavé kakaové bôby v bean-to-bar 70 % čokoláde s MCT olejom Pražené kakaové bôby obalené vo výberovej a unikátnej 70% Bean-to-Bar čokoláde vyrábané priamo z kakaových bôbov odrody Criollo s MCT olejom pre komplexný chuťový zážitok. Vďaka vysokému obsahu polyfenolov, horčíka a teobromínu náš snack cielene podporuje mentálnu energiu a sústredenie – žiadny cukrový pád. 1-4 Bez palmového oleja, mlieka, lepku, umelých sladidiel a konzervantov. Vyrobená na Slovensku podľa najvyšších medzinárodných noriem kvality a kontroly hygieny. BRC – Certified. V Powerlogy sa snažíme urobiť maximum pre vývoj produktov, ktoré v sebe spájajú silu čistej chuti a funkčnosti pre extra energiu a nadpriemerný fyzický i mentálny výkon. Veríme, že kvalitné jedlo mení myslenie, a preto majú všetky naše produkty vysokú výživovú hodnotu . V Powerlogy chceme pomôcť zlepšovať stravovacie návyky rodín a to hlavne v prípade raňajok a snackov. Čokoláda je jednou z najobľúbenejších sladkostí, no bohužiaľ často nie je v kvalite a štandardoch, ktorými by mohla naozaj prispieť k vylepšenej životospráve. Po dlhom vývoji a testovaní napokon vznikla nová receptúra unikátnej 70 % bean-to-bar čokolády s MCT olejom a trstinovým cukrom. Vďaka prvotriednym ingredienciam v prírodnej kvalite tak získate signifikantné množstvo prírodnej prebiotickej vlákniny, magnézia a teobromínu pre podporu energie a sýtosti na každý deň. Spoľahnite sa tak na optimálne zloženie skvelej chuti, ktoré si môžete dopriať bez výčitiek. Lahodná a výživná alternatíva k bežným sladkostiam. Uspokojí chuť na s",https://powerlogy.com/powerlogy-upgraded-cacao-bites-100-g/6-pack/,Powerlogy,Powerlogy,https://media.powerlogy.com/1/live/20260910123312/562874-6-pack-v3.webp,in_stock,41.70 EUR,38.55 EUR,,,562874,new,Zdravé potraviny > Čokoláda a snacky > Bezlepkové tyčinky,,,https://powerlogy.com/,true,14,https://powerlogy.com/o-nakupe/vseobecne-obchodne-podmienky,true,4.89,9,SK,SK,food,bezlepkové-tyčinky,in-stock,multipack,false
566508_3,Powerlogy Whey Protein Berries 3 x 1 kg,"100 % čistý grass-fed srvátkovo-ryžový proteín s príchuťou lesného ovocia bez umelých sladidiel Prírodný srvátkovo-ryžový proteín z mlieka kráv kŕmených trávou s príchuťou lesného ovocia. 21 g bielkovín na dávku, kompletný profil 18 aminokyselín vrátane BCAA - bez umelých sladidiel, lepku a s zníženým obsahom laktózy. Lyofilizovaný bobuľový prášok — maliny, čučoriedky a jahody sušené mrazom, nie aróma. Kombinácia whey a ryžového proteínu predlžuje čas, počas ktorého sú v krvi zvýšené hladiny esenciálnych aminokyselín. V praxi to znamená dlhšie okno dodávky stavebného materiálu pre svaly než pri samostatnom zdroji bielkovín. Väčšina proteínov na trhu používa srvátku z priemyselne chovaných kráv, zahustenou umelými sladidlami a syntetickými príchuťami. Powerlogy Whey Protein Berries je iný: srvátka pochádza z kráv kŕmených trávou, chuť tvorí skutočný lyofilizovaný bobuľový prášok a sladkosť dodáva výlučne stévia. Žiadne skratky - len proteín s účelom. DIAAS skóre meria kvalitu bielkovín podľa aktuálnej metodiky WHO/FAO - zohľadňuje stráviteľnosť aj kompletnosť aminokyselinového profilu. Srvátkový proteín z kráv kŕmených trávou vykazuje prirodzene vyšší obsah leucínu, kľúčovej aminokyseliny pre syntézu svalových bielkovín. Každá odmerka Whey Protein Berries obsahuje kompletný profil 18 aminokyselín vrátane BCAA - leucínu, izoleucínu a valínu pre rast a ochranu svalov. Blend srvátkového a ryžového proteínu zabezpečuje vyváženejší aminokyselinový profil ako samotná srvátka. Každá 30 g odmerka obsahuje 21 g bielkovín (75 %), 5 g sacharidov (18 %) a 2 g tuku (7 %). Makrá sú op",https://powerlogy.com/powerlogy-whey-protein-berries-1-kg/3-pack/,Powerlogy,Powerlogy,https://media.powerlogy.com/1/live/20260910123314/566508-3-pack-v3.webp,in_stock,119.85 EUR,110.55 EUR,,,566508,new,Funkčná výživa > Proteíny > Srvátkové proteíny > Srvátkové proteíny na chudnutie,,,https://powerlogy.com/,true,14,https://powerlogy.com/o-nakupe/vseobecne-obchodne-podmienky,true,3.80,5,SK,SK,food,srvátkové-proteíny-na-chudnutie,in-stock,multipack,false
567178_3,Powerlogy Organic Coconut & Cranberry Oatmeal 3 x 350 g,"Bezlepková BIO raňajková kaša s kokosom, brusnicami a vysokým obsahom vlákniny Raňajky zo 100% BIO certifikovaných surovín — každá ingrediencia z ekologického poľnohospodárstva bez syntetických pesticídov. Bez pridaného cukru, lepku, mlieka a umelých prídavných látok. Laboratórne testované na mykotoxíny. Iba suroviny, ktorých mená poznáte. Sušené brusnice pre kyslú ovocnú sviežosť — sladené len jablkovým džúsom. Každá ingrediencia v Organic Oatmeal má meno, ktoré poznáte z bežného života. Bez E-čísel, emulgátorov, palmového oleja ani skrytých prídavných látok. Všetky suroviny certifikované podľa európskych BIO noriem. BIO certifikácia podľa európskych nariadení (ES 834/2007) garantuje suroviny pestované bez syntetických pesticídov, herbicídov a chemických hnojív. Náš Organic Oatmeal spĺňa nemecké BIO štandardy — jedny z najprísnejších v Európe. Každá šarža je laboratórne testovaná na mykotoxíny (aflatoxíny, ochratoxíny) a oxidáciu tukov. Rozdiel nie je len v certifikáte — je aj v každom riadku zloženia. Odporúčaná porcia je 50 g. Pripravíte ju za menej ako 3 minúty — teplú aj studenú. Cieľom každého Powerlogy produktu je zdravie, skvelá chuť a praktičnosť. Naše produkty preto veľmi ľahko využijete na dlhodobé zlepšovanie životosprávy jednotlivca či celej rodiny. Veríme, že kvalitné jedlo mení myslenie — a preto je vývoj a kvalita každého jedného produktu pre nás dôležitou investíciou. BIO certifikácia podľa európskeho nariadenia (ES 834/2007) zaručuje, že suroviny boli pestované bez syntetických pesticídov, herbicídov a chemických hnojív. Každý výrobca",https://powerlogy.com/powerlogy-organic-coconut-cranberry-oatmeal-350-g/3-pack/,Powerlogy,Powerlogy,https://media.powerlogy.com/1/live/20260910123316/567178-3-pack-v3.webp,in_stock,29.85 EUR,27.55 EUR,,,567178,new,Zdravé potraviny > Raňajkové ovsené kaše > BIO kaše,,,https://powerlogy.com/,true,14,https://powerlogy.com/o-nakupe/vseobecne-obchodne-podmienky,true,4.75,4,SK,SK,food,bio-kaše,in-stock,multipack,false
567686_3,Powerlogy Upgraded Organic Matcha Boost 3 x 250 g,"BIO matcha s ginkgom, macou, kokosovým mliekom a prebiotickou vlákninou na podporu sústredenia Chutná a prírodná alternatíva ku káve. Vytvorili sme inovatívnu zmes BIO japonskej matchy s macou, ginkgom, kokosovým mliekom a prebiotickou vlákninou z čakanky . Matcha obsahuje L-theanín a polyfenoly – kombináciu, ktorá podporuje bdelosť a pokojné sústredenie 4 bez nervozity typickej pre kávu. EGCG a katechíny v matche prispievajú k ochrane buniek pred oxidačným stresom , 5 maca a ginkgo sú tradične využívané pre energiu a mentálnu výkonnosť . 6–7 Vláknina z čakanky podporuje zdravý mikrobióm. 1–3 Doprajte si zdravý nápoj jemne krémovej konzistencie a sýtej zelenej farby. Päť funkčných zložiek v premyslenej receptúre. Matcha dodáva kofeín, L-theanín a katechíny, maca a ginkgo sú tradičné adaptogény pre energiu a sústredenie, kokosové mlieko prináša jemnú krémovú chuť a čakanková vláknina vyživuje črevný mikrobióm. Tri mechanizmy, ktoré v jednej dávke pracujú súčasne — energia, sústredenie a ochrana buniek. Katechíny sú silné rastlinné antioxidanty, ktoré chránia bunky pred oxidačným stresom a podporujú zdravie srdca aj metabolizmus. Pri matche pijete celý rozomletý list, nie iba výluh. Vďaka tomu má 10 g Upgraded Matcha Boost násobne viac katechínov ako bežná šálka zeleného čaju alebo káva . 5,8 Obe nápoje povzbudia, no fungujú inak. Matcha je pre tých, ktorí chcú pokojnú energiu bez nervozity a kávového „crashu"". 1 dávku (10 g) rozmiešajte v 200 ml mlieka alebo vody. Najlepšie chutí s rastlinným mliekom (ovsené, mandľové, kokosové) — tuky pomáhajú spomaliť uvoľňovanie kofe",https://powerlogy.com/powerlogy-upgraded-organic-matcha-boost-250-g/3-pack/,Powerlogy,Powerlogy,https://media.powerlogy.com/1/live/20260910123317/567686-3-pack-v3.webp,in_stock,74.85 EUR,43.95 EUR,,,567686,new,Zdravé potraviny > Čaje > Matcha,,,https://powerlogy.com/,true,14,https://powerlogy.com/o-nakupe/vseobecne-obchodne-podmienky,true,4.86,7,SK,SK,food,matcha,in-stock,multipack,false
568311_3,Powerlogy Pistacchio Coconut Granola 3 x 700 g,"XXL Bezlepková granola s pistáciami, kokosovými čipsami a kokosovým sirupom Lahodná kombinácia jemne pečených bezlepkových vločiek, strúhaného kokosu, kokosových čipsov a pistácií. Chrumkavá granola je sladená prírodným kokosovým sirupom, ktorý má 2× nižší glykemický index (35) ako bežné sirupy (65–70). Neobsahuje lepok, mlieko, palmový olej ani umelé sladidlá. Vychutnajte si sladkú chuť, ľahké trávenie a optimálnu hladinu cukru v krvi. Pistácie — plné prirodzenej sladkosti a krémovej chuti. Zo všetkých orechov majú jeden z najvyšších obsahov bielkovín a antioxidantov. Kokosový sirup namiesto cukru — glykemický index 35, prirodzená sladkosť s karamelovou hĺbkou, bez rafinácie. Kokosové čipsy — väčšie kusy pre väčší chrumkavý zážitok. Tropická vôňa a textúra, ktorú v bežnom müsli nenájdete. Každá surovina v tejto granole je tu z konkrétneho dôvodu. Žiadne plnivá, žiadne zbytočné prísady — iba prémiové ingrediencie, ktoré spolu tvoria dokonalú chuť a textúru. Glykemický index (GI) meria, ako rýchlo sladidlo zvyšuje hladinu cukru v krvi po konzumácii. Referenčnou hodnotou je glukóza (GI 100). Čím nižší GI, tým pomalšie a stabilnejšie uvoľňovanie energie — bez náhlych výkyvov a následného poklesu. Kokosový sirup s GI 35 poskytuje viac ako 2× stabilnejšiu energiu ako rafinovaný cukor. 1 Každá dávka Pistacchio Coconut Granoly prechádza pomalým pečením horúcim vzduchom pri presne nastavenej teplote. Nie vyprážaním, nie skratkami. Práve toto šetrné pečenie dodáva vločkám tú správnu chrumkavosť — bez spálených okrajov, bez horkosti. Granola zároveň spĺňa náro",https://powerlogy.com/powerlogy-pistacchio-coconut-granola-700-g/3-pack/,Powerlogy,Powerlogy,https://media.powerlogy.com/1/live/20260910123318/568311-3-pack-v3.webp,out_of_stock,47.85 EUR,43.95 EUR,,,568311,new,Zdravé potraviny > Granola a müsli > Low sugar granola,,,https://powerlogy.com/,true,14,https://powerlogy.com/o-nakupe/vseobecne-obchodne-podmienky,true,4.90,62,SK,SK,food,low-sugar-granola,out-of-stock,multipack,false
570228_3,Powerlogy Upgraded Sport Electrolytes Lemon 3 x 200 g,"Športové elektrolyty s vysokou vstrebateľnosťou, päť minerálov na rýchlu hydratáciu a ochranu proti kŕčom Kompletný elektrolytový komplex s vysokým obsahom sodíka na rýchle doplnenie minerálov počas záťaže. Horčík z Aquamin® a malátu prispieva k správnej funkcii svalov a znižuje únavu 2-3 . Po 6 mesiacoch vývoja sme dosiahli skutočne vysokú vstrebateľnosť. Každý minerál je vo forme s preukázane lepšou biologickou dostupnosťou. Prírodná citrónová príchuť, sladené trochou stévie, bez pridaného cukru. Ideálne pre Tréning a intenzívny šport Horúce dni a potenie Dlhý výkon bez kŕčov Regenerácia a rovnováha Zloženie, ktoré má zmysel Prečo sme zvolili túto formu? Elektrolyty sú účinné iba vtedy, ak ich telo dokáže skutočne vstrebať. Preto sme pri výbere formy každého minerálu nešetrili. Vybrali sme tie s naozaj vysokou biologickou dostupnosťou. Horčík vo forme Aquamin® a malátu je stráviteľnejší počas záťaže a nedráždi žalúdok. Draslík vo forme citrátu sa vstrebáva rýchlejšie ako sulfát alebo chlorid. Vápnik z fosforečnanu sa využíva priamo pre svalovú kontrakciu. Táto kombinácia je ideálna pred tréningom, počas neho aj po ňom – bez pocitu ťažoby v žalúdku. Odporúčané dávkovanie: 5 odmeriek (5,2 g) do 500 ml studenej vody. Rozmiešať a vypiť pred, počas alebo po tréningu. Balenie obsahuje 38 dávok. Odporúčame 1-2 dávky denne podľa náročnosti aktivity a potenia.",https://powerlogy.com/powerlogy-upgraded-sport-electrolytes-lemon-200-g/3-pack/,Powerlogy,Powerlogy,https://media.powerlogy.com/1/live/20260910124846/570228-3-pack-w.webp,in_stock,65.85 EUR,55.55 EUR,,,570228,new,Výživové doplnky > Elektrolyty,,,https://powerlogy.com/,true,14,https://powerlogy.com/o-nakupe/vseobecne-obchodne-podmienky,false,4.90,10,SK,SK,supplement,elektrolyty,in-stock,multipack,false
570257_3,Powerlogy Upgraded Sport Electrolytes Unflavoured 3 x 200 g,"Športové elektrolyty s vysokou vstrebateľnosťou, päť minerálov na rýchlu hydratáciu a ochranu proti kŕčom Kompletný elektrolytový komplex s vysokým obsahom sodíka na rýchle doplnenie minerálov počas záťaže. Horčík z Aquamin® a malátu prispieva k správnej funkcii svalov a znižuje únavu 2-3 . Po 6 mesiacoch vývoja sme dosiahli skutočne vysokú vstrebateľnosť. Každý minerál je vo forme s preukázane lepšou biologickou dostupnosťou. Bez príchute, bez cukru a bez sladidiel - neutrálna chuť sa ľahko mieša do vody, smoothie alebo akéhokoľvek nápoja. Ideálne pre Tréning a intenzívny šport Horúce dni a potenie Dlhý výkon bez kŕčov Regenerácia a rovnováha Zloženie, ktoré má zmysel Prečo sme zvolili túto formu? Elektrolyty sú účinné iba vtedy, ak ich telo dokáže skutočne vstrebať. Preto sme pri výbere formy každého minerálu nešetrili. Vybrali sme tie s naozaj vysokou biologickou dostupnosťou. Horčík vo forme Aquamin® a malátu je stráviteľnejší počas záťaže a nedráždi žalúdok. Draslík vo forme citrátu sa vstrebáva rýchlejšie ako sulfát alebo chlorid. Vápnik z fosforečnanu sa využíva priamo pre svalovú kontrakciu. Táto kombinácia je ideálna pred tréningom, počas neho aj po ňom - bez pocitu ťažoby v žalúdku. Odporúčané dávkovanie: 3 odmerky (3,3 g) do 500 ml studenej vody. Rozmiešať a vypiť pred, počas alebo po tréningu. Vďaka neutrálnej chuti ho môžeš pridať aj do smoothie alebo iného nápoja. Balenie obsahuje 60 dávok. Odporúčame 1-2 dávky denne podľa náročnosti aktivity a potenia.",https://powerlogy.com/powerlogy-upgraded-sport-electrolytes-unflavoured-200-g/3-pack/,Powerlogy,Powerlogy,https://media.powerlogy.com/1/live/20260910124847/570257-3-pack-w.webp,in_stock,65.85 EUR,60.55 EUR,,,570257,new,Výživové doplnky > Elektrolyty,,,https://powerlogy.com/,true,14,https://powerlogy.com/o-nakupe/vseobecne-obchodne-podmienky,false,5.00,1,SK,SK,supplement,elektrolyty,in-stock,multipack,false
570276_3,Powerlogy Everyday Electrolytes Watermelon 3 x 200 g,"Elektrolyty s himalájskou soľou a melónovou príchuťou pre lepšiu hydratáciu a výkon Elektrolytový komplex s 3 minerálmi pre každodennú hydratáciu . Horčík vo forme chelátového malátu prispieva k správnej funkcii svalov a znižuje únavu 2,3 . Prírodná príchuť vodného melónu z prírodnej arómy a farbiva červenej repy. Sladený stéviou, bez pridaného cukru a umelých sladidiel. Vhodný na každodenné pitie, keto diétu aj ako náhrada sladených nápojov. Ideálne pre Ráno a denný štart Horúce dni a potenie Keto a low-carb diéta Dlhé pracovné dni Zloženie, ktoré má zmysel Prečo sme zvolili túto formu? Elektrolyty sú účinné iba vtedy, ak ich telo dokáže skutočne vstrebať. Preto sme pri výbere formy každého minerálu dali prednosť biologickej dostupnosti pred cenou . Horčík vo forme chelátového malátu (jablčnanu horečnatého) je stráviteľnejší ako bežné formy, nedráždi žalúdok a je vhodný aj na každodenné dlhodobé užívanie. Draslík vo forme citrátu tridraselného sa vstrebáva rýchlejšie ako sulfát alebo chlorid. Príchuť vodného melónu pochádza z prírodnej arómy , farba z farbiva červenej repy - žiadne umelé farbivá ani arómy. Odporúčané dávkovanie: 3 odmerky (3,5 g) do 500 ml studenej vody. Rozmiešať a vypiť kedykoľvek počas dňa. Balenie obsahuje 57 dávok. Odporúčame 1-2 dávky denne podľa potreby.",https://powerlogy.com/powerlogy-everyday-electrolytes-watermelon-200-g/3-pack/,Powerlogy,Powerlogy,https://media.powerlogy.com/1/live/20260910124849/570276-3-pack-w.webp,in_stock,59.85 EUR,54.95 EUR,,,570276,new,Výživové doplnky > Elektrolyty,,,https://powerlogy.com/,true,14,https://powerlogy.com/o-nakupe/vseobecne-obchodne-podmienky,false,4.88,16,SK,SK,supplement,elektrolyty,in-stock,multipack,false
571565_3,Powerlogy Upgraded Probio Oatmeal Vanilla 3 x 50 g,"Bezlepková funkčná raňajková kaša s kokosom, probiotikami a jemnou vanilkovou arómou Raňajky pre zdravé črevá a stabilnú energiu. 10 miliárd lyofilizovaných probiotík v každej porcii pre rovnováhu mikrobiómu a imunitu. Palatinose™ zabezpečí energiu bez cukrového výkyvu na 3–4 hodiny. Prebiotická čakanková vláknina ako potrava pre prospešné baktérie. Jemná vanilková chuť bez pridaného cukru, lepku a mlieka. Pre zachovanie aktivity lyofilizovaných probiotík nepoužívajte vodu teplejšiu ako 70°C. Prírodná vanilka pre jemne sladkú, krémovú chuť bez pridaného cukru. Kokosové lupienky pre chrumkavú textúru a jemnú exotickú chuť. Chia semienka pre jemnosť, omega-3 mastné kyseliny a dlhú sýtosť. Každá ingrediencia má konkrétnu funkciu — pre trávenie, imunitu aj stabilnú energiu. Bez plnív, emulgátorov, umelých aróm ani palmového oleja. Bežné raňajky postavené na glukóze alebo maltodextríne spôsobujú prudký nárast hladiny cukru a následný energetický pád. Upgraded Probio Oatmeal využíva Palatinose™ pre plynulé uvoľňovanie energie a lyofilizované probiotiká pre zdravé trávenie — dve funkcie v jednej miske. 1–3 Glukóza Maltodextrín Palatinose™ Prečo práve lyofilizované probiotiká? Bežné probiotiká v jogurtoch vyžadujú chladenie a väčšina neprežije trávenie. Lyofilizácia zachováva kultúry v inertnom stave — vydržia pri izbovej teplote, prežijú žalúdok a dostanú sa do hrubého čreva, kde sú skutočne potrebné. Odolné voči žalúdočným kyselinám — dostanú sa tam, kde majú byť. Tu probiotiká skutočne pôsobia — a lyofilizované sa tam aj dostanú. Bežný probiotický jogurt obsahuje",https://powerlogy.com/upgraded-probio-oatmeal-vanilla/3-pack/,Powerlogy,Powerlogy,https://media.powerlogy.com/1/live/20260910141746/571565-3-pack-v4.webp,out_of_stock,4.95 EUR,4.55 EUR,,,571565,new,Zdravé potraviny > Raňajkové ovsené kaše > Probiotické kaše,,,https://powerlogy.com/,true,14,https://powerlogy.com/o-nakupe/vseobecne-obchodne-podmienky,true,4.92,13,SK,SK,food,probiotické-kaše,out-of-stock,multipack,false
572573_3,Powerlogy Upgraded Collagen Joint+ 3 x 300 g,"Hydrolyzovaný grass-fed kolagén s Aquamin®, MSM a Boswelliou pre cielenú podporu kĺbov Hydrolyzovaný grass-fed hovädzí kolagén obohatený o Aquamin®, L-glutamín, MSM a extrakt z Boswellia serrata. Cielená podpora kĺbov, väzív a pohybu v jednej funkčnej receptúre. Transparentná receptúra bez cukru, lepku a umelých prísad v osviežujúcej mangovej príchuti - ideálna do každodennej rutiny. Ideálny pre každodennú výživu kĺbov aktívnych ľudí so záťažou pravidelnú dennú suplementáciu zloženie bez cukru a prísad Prečo tento produkt nie je len kolagén V receptúre nenájdete zbytočné plnivá. Každá z piatich aktívnych zložiek plní konkrétnu funkciu - od zdroja suroviny po doplnkový rastlinný komplex. Hovädzí kolagén z kráv kŕmených trávou, bez hormónov a antibiotík. Európsky pôvod, transparentný dodávateľský reťazec. Registrovaný extrakt z červených morských rias Lithothamnion - prírodný multiinerálny zdroj vápnika a stopových minerálov. 30 % denného príjmu Ca v každej dávke. Štandardizovaný boswelliový extrakt s definovaným obsahom AKBA a organická síra MSM - dve zložky pre pohybový aparát s jasným zámerom. Sladené stéviou — prírodné sladidlo bez cukru a bez dopadu na glykémiu. Päť aktívnych ingrediencií, každá s jasným funkčným zámerom. Žiadne plnivá ani zbytočné prísady. Väčšina doplnkov používa syntetický uhličitan vápenatý z dolomitu alebo kriedy. Aquamin® je prírodný extrakt z červených morských rias druhu Lithothamnion calcareum, ktoré akumulujú vápnik a stopové minerály priamo z morskej vody. Výsledkom je multiinerálny komplex s pôvodnou štruktúrou - nie izolovaná ch",https://powerlogy.com/powerlogy-upgraded-collagen-joint-300-g/3-pack/,Powerlogy,Powerlogy,https://media.powerlogy.com/1/live/20260910123321/572573-3-pack-v3.webp,in_stock,98.85 EUR,90.95 EUR,,,572573,new,Funkčná výživa > Kolagény > Kolagény na kosti a kĺby > Hovädzie kolagény na kĺby,,,https://powerlogy.com/,true,14,https://powerlogy.com/o-nakupe/vseobecne-obchodne-podmienky,false,3.33,6,SK,SK,supplement,hovädzie-kolagény-na-kĺby,in-stock,multipack,false
573522_3,Flow Daily Essentials Woman 3 x 90 kapsúl,"Komplex 28 mikroživín v bioaktívnych formách pre každodenné zdravie zaneprázdnenej ženy Daily Essentials Woman 2.0 je komplex 28 esenciálnych mikroživín pre zaneprázdnenú ženu. V 3 kapsulách denne získate kompletné spektrum vitamínov a minerálov v bioaktívnych a chelátových formách – vrátane lipozomálneho vitamínu C, Quatrefolic®, metylkobalamínu a Ferrochel®. Doplnené o citikolín (mozog), koenzým Q10 (energia), extrakt z kakaových bôbov a extrakt z hroznových semien (antioxidant) . Vhodné pre vegánov.",https://powerlogy.com/flow-daily-essentials-woman/3-pack/,Powerlogy,Powerlogy,https://media.powerlogy.com/1/live/20260910123322/573522-3-pack-v3.webp,out_of_stock,65.85 EUR,62.55 EUR,,,573522,new,Výživové doplnky > Vitamín B > Vitamín B - komplex,,,https://powerlogy.com/,true,14,https://powerlogy.com/o-nakupe/vseobecne-obchodne-podmienky,false,5.00,1,SK,SK,supplement,vitamín-b---komplex,out-of-stock,multipack,false
573523_3,Flow Beauty 3 x 90 kapsúl,"Skrášľujúci komplex s kyselinou hyalurónovou, biotínom a L-cysteínom pre pleť, vlasy a nechty Beauty 2.0 je komplexný skrášľujúci doplnok v 90 kapsulách (30 dávok po 3 kapsulách). Každá dávka obsahuje ExeptionHYAL® Star 200 mg , L-Cysteín 220 mg , ActivAMP® 200 mg , Praslička roľná 200 mg a patentovaný C15:0 100 mg – pre starostlivosť o pleť, vlasy a nechty zvnútra. Antioxidačnú ochranu zabezpečuje S-Acetyl-L-Glutatión 100 mg a lipozomálny vitamín C 80 mg . Dopĺňajú ich Hesperidín 100 mg , Aloe vera 30 mg , chelátové železo Ferrochel® 8 mg , biotín 2,5 mg a vitamíny B5, B6, B9, B12 – všetko v 100 % vegánskej kapsule.",https://powerlogy.com/flow-beauty/3-pack/,Powerlogy,Powerlogy,https://media.powerlogy.com/1/live/20260910123324/573523-3-pack-v3.webp,in_stock,125.85 EUR,119.55 EUR,,,573523,new,Výživové doplnky > Vitamín B > Vitamín B - komplex,,,https://powerlogy.com/,true,14,https://powerlogy.com/o-nakupe/vseobecne-obchodne-podmienky,false,,,SK,SK,supplement,vitamín-b---komplex,in-stock,multipack,false
573524_3,Flow Hormone Balance Woman 3 x 56 kapsúl,"Hormone Balance Woman 2.0 je špecializovaný komplex pre luteálnu fázu menštruačného cyklu v 56 kapsulách (14 dávok po 4 kapsulách). Kľúčové zložky: Medovka lekárska 500 mg , Angelika čínska 250 mg , HydroCurc® 100 mg , fosfatidylserín 80 mg a patentovaný šafran Safr'Inside™ 30 mg . Dopĺňajú ich pestrec mariánsky 150 mg , červená ďatelina 100 mg , aronia 100 mg , drmek obyčajný 35 mg a vitamíny B1 80 mg a B6 20 mg . Produkt je určený na užívanie v druhej polovici cyklu.",https://powerlogy.com/flow-hormone-balance-woman/3-pack/,Powerlogy,Powerlogy,https://media.powerlogy.com/1/live/20260910123325/573524-3-pack-v3.webp,in_stock,77.85 EUR,73.95 EUR,,,573524,new,Výživové doplnky > Chróm,,,https://powerlogy.com/,true,14,https://powerlogy.com/o-nakupe/vseobecne-obchodne-podmienky,false,,,SK,SK,supplement,chróm,in-stock,multipack,false
573525_3,Flow Menopause Balance 3 x 90 kapsúl,"Prírodná podpora hormonálnej rovnováhy a pohody žien v období klimaktéria Menopause Balance je komplexná podpora pre ženy v období klimaktéria v 90 kapsulách (30 dávok po 3 kapsulách). Kľúčové zložky: Libifem® 600 mg (senovka grécka), HydroCurc® 500 mg , Ashwagandha KSM-66® 250 mg , lipozomálny vitamín C 150 mg a koenzým Q10 100 mg pre podporu hormonálnej rovnováhy a zníženie návalov horúčavy. Dopĺňajú ich šafran Safr'Inside™ 30 mg , ženšen pravý 100 mg , zinok 5 mg , vitamíny D3 25 μg , K2 100 μg , B6 , B9 (Quatrefolic®) a B12 – všetko vo vysoko biodostupných formách.",https://powerlogy.com/flow-menopause-balance/3-pack/,Powerlogy,Powerlogy,https://media.powerlogy.com/1/live/20260910123326/573525-3-pack-v3.webp,in_stock,185.85 EUR,176.55 EUR,,,573525,new,Výživové doplnky > Vitamín B > Vitamín B - komplex,,,https://powerlogy.com/,true,14,https://powerlogy.com/o-nakupe/vseobecne-obchodne-podmienky,false,,,SK,SK,supplement,vitamín-b---komplex,in-stock,multipack,false
573526_3,Flow Daily Essentials Man 3 x 90 kapsúl,"Denný multivitamínový komplex 28 látok s citikolínom a Q10 pre zaneprázdneného muža Daily Essentials Man 2.0 je denný komplex 28 aktívnych látok v 90 kapsulách (30 dávok). Zahŕňa esenciálne vitamíny, chelátové minerály a stopové prvky v aktívnych formách – doplnené o citikolín 150 mg , koenzým Q10 30 mg , extrakt z kakaových bôbov 150 mg a extrakt z hroznových semien 100 mg . Kľúčové minerály: horčík 180 mg , zinok 10 mg (pre udržanie hladiny testosterónu), draslík 50 mg , železo Ferrochel® 5 mg a selén 50 μg . Vitamíny A, D3, K2, E a celý komplex B vo vysoko biodostupných formách.",https://powerlogy.com/flow-daily-essentials-man/3-pack/,Powerlogy,Powerlogy,https://media.powerlogy.com/1/live/20260910123327/573526-3-pack-v3.webp,out_of_stock,65.85 EUR,62.55 EUR,,,573526,new,Výživové doplnky > Vitamín B > Vitamín B - komplex,,,https://powerlogy.com/,true,14,https://powerlogy.com/o-nakupe/vseobecne-obchodne-podmienky,false,,,SK,SK,supplement,vitamín-b---komplex,out-of-stock,multipack,false
573527_3,Flow Anabolic Fusion 3 x 120 kapsúl,"Prírodná podpora mužskej vitality, testosterónu a výkonnosti so synergiou 11 extraktov Anabolic Fusion 3.0 je komplexná prírodná podpora mužskej vitality v 120 kapsulách (30 dávok po 4 kapsulách). Kľúčové zložky: Tribulus terrestris 800 mg (90 % saponínov), D-asparagová kyselina 400 mg , Maka peruánska 300 mg , Parcha saflorová 300 mg (90 % ecdysterón) a Indiánska žihľava 200 mg (10 % forskolínu). Dopĺňajú ich Tesnor® 200 mg , Ashwagandha KSM-66® 200 mg , ženšen pravý 100 mg , chelátový zinok 10 mg a bór 10 mg . Synergia zloženia pôsobí na mužskú hormonálnu rovnováhu, výkonnosť aj sexualitu – bez hormonálnej manipulácie.",https://powerlogy.com/flow-anabolic-fusion/3-pack/,Powerlogy,Powerlogy,https://media.powerlogy.com/1/live/20260910123330/573527-3-pack-v3.webp,in_stock,113.85 EUR,107.95 EUR,,,573527,new,Výživové doplnky > Vitamíny a doplnky výživy na svaly,,,https://powerlogy.com/,true,14,https://powerlogy.com/o-nakupe/vseobecne-obchodne-podmienky,false,,,SK,SK,supplement,vitamíny-a-doplnky-výživy-na-svaly,in-stock,multipack,false
573529_3,Flow Recovery drink 2.0 - Pomeranč 3 x 1000 g,"Recovery drink 2.0 je profesionálny regeneračný nápoj v 20 dávkach (1000 g). Každá dávka (49 g v 300 ml vody) obsahuje 35 g sacharidov (maltodextrín + fruktóza + izomaltulóza) pre obnovu glykogénu, 6 g EAA všetkých 9 esenciálnych aminokyselín pre okamžitú svalovú regeneráciu a kľúčové elektrolyty. Ďalej obsahuje 3 g inulínu (prebiotická vláknina), lipozomálny vitamín C PureWay-C® (25 mg) , zinok (5 mg) , železo Ferrochel® (5 mg) , selén, mangán, meď a plný komplex vitamínov B, A, D a E. Bez laktózy, lepku ani umelých sladidiel. Vhodné pre vegánov.",https://powerlogy.com/flow-recovery-drink-2-0-pomeranc/3-pack/,Powerlogy,Powerlogy,https://media.powerlogy.com/1/live/20260910123332/573529-3-pack-v3.webp,in_stock,113.85 EUR,107.95 EUR,,,573529,new,Výživové doplnky > Vitamín B > Vitamín B - komplex,,,https://powerlogy.com/,true,14,https://powerlogy.com/o-nakupe/vseobecne-obchodne-podmienky,false,,,SK,SK,supplement,vitamín-b---komplex,in-stock,multipack,false
573531_3,Flow Joints 3 x 120 kapsúl,"Synergická kĺbová formula 3.0 s glukozamínom, kurkumínom a boswéliou pre pohyblivosť Joints 3.0 je klinicky skúmaná synergická kĺbová formula v 120 kapsulách (30 dávok po 4 kapsulách). Kľúčové zložky: Glukozamín sulfát 1000 mg (základná stavebná zložka chrupavky), Kurkumín HydroCurc® 500 mg (najvyššia biodostupnosť kurkumínu), Palmitoylethanolamid (PEA) 400 mg a Boswellia serrata extrakt 350 mg (30 % AKBBA). Dopĺňajú ich MSM 300 mg (metylsulfonylmetán pre flexibilitu), lipozomálny vitamín C PureWay-C® 80 mg (kolagén, chrupavky) a piperíno 2 mg z čierneho korenia pre správnu absorpciu. Vegánske kapsuly z celulózy.",https://powerlogy.com/flow-joints/3-pack/,Powerlogy,Powerlogy,https://media.powerlogy.com/1/live/20260910123333/573531-3-pack-v3.webp,out_of_stock,113.85 EUR,107.95 EUR,,,573531,new,Funkčná výživa > Kolagény > Kolagény na kosti a kĺby > Vitamíny a doplnky výživy na kosti,,,https://powerlogy.com/,true,14,https://powerlogy.com/o-nakupe/vseobecne-obchodne-podmienky,false,,,SK,SK,supplement,vitamíny-a-doplnky-výživy-na-kosti,out-of-stock,multipack,false
573532_3,Flow D3 + K2 Oil 3 x 10 ml,"Synergická kombinácia vitamínu D3 (2000 IU) a K2 v MCT oleji pre imunitu a zdravie kostí D3 + K2 Vegan Oil je synergická kombinácia vitamínu D3 a K2 v MCT oleji v 33 dávkach (10 ml). Každá dávka (9 kvapiek) dodá Vitamín D3 50 μg (2000 IU = 1000 % NRV*) vo forme cholekalciferolu a Vitamín K2 50 μg (67 % NRV*) vo forme MK-7 (menakinón-7). Nosičom je MCT olej pre maximálne vstrebávanie. Vitamín D je najčastejšie deficitný vitamín v populácii – odhaduje sa, že miliarda ľudí trpí jeho nedostatkom. D3 + K2 spolu pôsobia synergicky: D3 reguluje metabolizmus vápnika, K2 ho usmerňuje do kostí. Vegánska verzia D3 – vhodné pre vegánov a vegetariánov.",https://powerlogy.com/flow-d3-k2-oil/3-pack/,Powerlogy,Powerlogy,https://media.powerlogy.com/1/live/20260910123334/573532-3-pack-v3.webp,out_of_stock,23.85 EUR,22.55 EUR,,,573532,new,Výživové doplnky > Výživové doplnky výživy na kĺby > Kĺbová výživa pre športovcov,,,https://powerlogy.com/,true,14,https://powerlogy.com/o-nakupe/vseobecne-obchodne-podmienky,false,,,SK,SK,supplement,kĺbová-výživa-pre-športovcov,out-of-stock,multipack,false
573533_3,Flow Liposomal Vitamin C 3 x 60 kapsúl,"Liposomal Vitamin C je vysoko vstrebateľný doplnok stravy, ktorý kombinuje patentovanú lipozomálnu formu vitamínu C (PureWay-C®) s citrusovými bioflavonoidmi a prírodnými bio ovocnými práškmi. Každá kapsula obsahuje 250 mg vitamínu C z troch rôznych zdrojov. Kombinácia Aceroly, Camu Camu a lipozomálneho PureWay-C® zabezpečuje výnimočnú biologickú dostupnosť oproti klasickej kyseline askorbovej. Vhodné pre vegánov.",https://powerlogy.com/flow-liposomal-vitamin-c/3-pack/,Powerlogy,Powerlogy,https://media.powerlogy.com/1/live/20260910132403/573533-3-pack-v3.webp,out_of_stock,74.85 EUR,70.95 EUR,,,573533,new,Výživové doplnky > Bioflavonoidy,,,https://powerlogy.com/,true,14,https://powerlogy.com/o-nakupe/vseobecne-obchodne-podmienky,false,,,SK,SK,supplement,bioflavonoidy,out-of-stock,multipack,false
573534_3,Flow Magnesium bisglycinate 3 x 200 g,"Magnesium bisglycinate je čistý bisglycinát horečnatý v práškovej forme – kombinácia horčíka s aminokyselinou glycínom. Ide o jednu z najlepšie vstrebateľných foriem horčíka , ktorá je zároveň šetrná k tráveniu. Každá odmerka (2 500 mg) obsahuje 300 mg elementárneho horčíka , čo pokryje 80 % referenčnej výživovej hodnoty. Produkt neobsahuje žiadne plnivá ani aditíva.",https://powerlogy.com/flow-magnesium-bisglycinate/3-pack/,Powerlogy,Powerlogy,https://media.powerlogy.com/1/live/20260910132404/573534-3-pack-v3.webp,out_of_stock,38.85 EUR,36.95 EUR,,,573534,new,Výživové doplnky > Horčík > Magnézium bisglycinát,,,https://powerlogy.com/,true,14,https://powerlogy.com/o-nakupe/vseobecne-obchodne-podmienky,false,,,SK,SK,supplement,magnézium-bisglycinát,out-of-stock,multipack,false
573535_3,Flow Magnesium malate 3 x 200 g,"Malát horečnatý v prášku pre svaly – 375 mg horčíka v 1 dennej dávke Magnesium malate je čistý malát horečnatý v práškovej forme – kombinácia horčíka s kyselinou jablčnou. Ide o veľmi dobre vstrebateľnú a využiteľnú formu horčíka, ktorá je obzvlášť vhodná pre svaly. Každá odmerka (2 500 mg) obsahuje 375 mg elementárneho horčíka , čo pokryje plných 100 % NRV. Čistá forma bez plnív, alergénov a prídavných látok.",https://powerlogy.com/flow-magnesium-malate/3-pack/,Powerlogy,Powerlogy,https://media.powerlogy.com/1/live/20260910132408/573535-3-pack-v3.webp,in_stock,38.85 EUR,36.95 EUR,,,573535,new,Výživové doplnky > Horčík,,,https://powerlogy.com/,true,14,https://powerlogy.com/o-nakupe/vseobecne-obchodne-podmienky,false,,,SK,SK,supplement,horčík,in-stock,multipack,false
573536_3,Flow Iron 3 x 60 kapsúl,"Iron je pokročilý doplnok stravy s lipozomálnym železom a Ferrochel® – dvoma vysoko vstrebateľnými formami železa. Každá kapsula obsahuje 20 mg elementárneho železa doplneného lipozomálnym vitamínom C pre maximálne využitie. Bez zaťaženia trávenia, bez kovovej pachuti. Ideálne pre ženy, športovcov, vegánov a každého, kto chce doplniť železo šetrne a účinne.",https://powerlogy.com/flow-iron/3-pack/,Powerlogy,Powerlogy,https://media.powerlogy.com/1/live/20260910123335/573536-3-pack-v3.webp,in_stock,44.85 EUR,42.55 EUR,,,573536,new,Výživové doplnky > Bioflavonoidy,,,https://powerlogy.com/,true,14,https://powerlogy.com/o-nakupe/vseobecne-obchodne-podmienky,false,,,SK,SK,supplement,bioflavonoidy,in-stock,multipack,false
573537_3,Flow Mg 3 x 90 kapsúl,"Kombinácia 6 organických foriem horčíka s vitamínom D pre telo aj myseľ Mg 3.0 je unikátna kombinácia 6 organických foriem horčíka s vitamínom D3. Každá kapsula obsahuje 97 mg elementárneho horčíka v najlepšie vstrebateľných formách pre telo aj mozog. Rôzne formy horčíka sa využívajú odlišným spôsobom – svaly, nervová sústava aj mozog tak dostávajú horčík rovnomernejšie ako pri užívaní jedinej formy.",https://powerlogy.com/flow-mg/3-pack/,Powerlogy,Powerlogy,https://media.powerlogy.com/1/live/20260910123336/573537-3-pack-v3.webp,out_of_stock,65.85 EUR,62.55 EUR,,,573537,new,Výživové doplnky > Horčík > Horčík pre deti,,,https://powerlogy.com/,true,14,https://powerlogy.com/o-nakupe/vseobecne-obchodne-podmienky,false,,,SK,SK,supplement,horčík-pre-deti,out-of-stock,multipack,false
573538_3,Flow Omega 3 3 x 90 kapsúl,"Ultra-čistý rybí olej z arktických vôd s testovaným obsahom EPA a DHA Omega 3 sú ultra-čisté mastné kyseliny EPA a DHA z rýb žijúcich v studených arktických vodách. Každá kapsula obsahuje 500 mg omega 3 s jasne deklarovaným obsahom EPA a DHA. Výnimočná čistota a minimálna oxidácia – bez ťažkých kovov, bez kontaminantov. Ideálne pre mozog, srdce aj každodennú suplementáciu omega 3.",https://powerlogy.com/flow-omega-3/3-pack/,Powerlogy,Powerlogy,https://media.powerlogy.com/1/live/20260910123339/573538-3-pack-v3.webp,out_of_stock,71.85 EUR,68.55 EUR,,,573538,new,Výživové doplnky > Omega-3 kyseliny,,,https://powerlogy.com/,true,14,https://powerlogy.com/o-nakupe/vseobecne-obchodne-podmienky,false,,,SK,SK,supplement,omega-3-kyseliny,out-of-stock,multipack,false
573539_3,Flow Zinc 3 x 60 kapsúl,"Zinc je unikátna trojkombinácia vysoko vstrebateľných foriem zinku – L-OptiZinc® , bisglycinátu a citrátu zinečnatého. Každá kapsula obsahuje 15 mg elementárneho zinku (150 % NRV). Všestranný minerál pre imunitu, pokožku, vlasy, nechty, hormóny aj metabolizmus – všetko v jednej kapsule denne.",https://powerlogy.com/flow-zinc/3-pack/,Powerlogy,Powerlogy,https://media.powerlogy.com/1/live/20260910123341/573539-3-pack-v3.webp,in_stock,35.85 EUR,33.95 EUR,,,573539,new,Výživové doplnky > Vitamíny a doplnky výživy na nechty,,,https://powerlogy.com/,true,14,https://powerlogy.com/o-nakupe/vseobecne-obchodne-podmienky,false,,,SK,SK,supplement,vitamíny-a-doplnky-výživy-na-nechty,in-stock,multipack,false
573540_3,Flow Sleep 3 x 120 kapsúl,"Sleep 3.0 kombinuje 11 prírodných látok pre rýchlejšie zaspávanie, kvalitnejší spánok a rannú sviežosť. Valeriána, medovka, GABA, L-teanín a ďalších 7 zložiek pokrývajú celý spánkový proces. Bez melatonínu, bez návyku, bez vedľajších účinkov. Ideálne pre dlhodobú podporu zdravého spánku.",https://powerlogy.com/flow-sleep/3-pack/,Powerlogy,Powerlogy,https://media.powerlogy.com/1/live/20260910123342/573540-3-pack-v3.webp,in_stock,125.85 EUR,119.55 EUR,,,573540,new,Výživové doplnky > Vitamíny a doplnky výživy pre deti,,,https://powerlogy.com/,true,14,https://powerlogy.com/o-nakupe/vseobecne-obchodne-podmienky,false,,,SK,SK,supplement,vitamíny-a-doplnky-výživy-pre-deti,in-stock,multipack,false
573541_3,Flow Stress Free 3 x 90 kapsúl,"9 adaptogénov a bylinných extraktov pre pokojnejšiu myseľ, odolnosť voči stresu a lepšiu náladu Stress Free 3.0 je prírodný doplnok stravy s 9 adaptogénmi a bylinkami pre okamžité aj dlhodobé zníženie napätia. Formulácia 2.0 s Ashwagandhou KSM-66, Rhodiolou, L-teanínom a ďalšími zložkami. Zvýšená odolnosť voči stresu, pokojnejšia myseľ a stabilnejšia nálada – bez otupenia, bez návyku, bez kompromisov.",https://powerlogy.com/flow-stress-free/3-pack/,Powerlogy,Powerlogy,https://media.powerlogy.com/1/live/20260910123343/573541-3-pack-v3.webp,in_stock,113.85 EUR,107.95 EUR,,,573541,new,Výživové doplnky > Vitamíny a doplnky výživy proti stresu,,,https://powerlogy.com/,true,14,https://powerlogy.com/o-nakupe/vseobecne-obchodne-podmienky,false,,,SK,SK,supplement,vitamíny-a-doplnky-výživy-proti-stresu,in-stock,multipack,false
573542_3,Flow Drive 3 x 40 kapsúl,"11 aktívnych látok pre bdelosť, pozornosť a energiu bez cukru a bez pádu Drive je doplnok stravy s 11 aktívnymi látkami pre maximálnu bdelosť a sústredenie. Kombinácia kofeínu, guarany, kurkumínu a vitamínov B zaistí stabilnú energiu s predĺženým účinkom. Bez cukru, bez farbív, bez pádu energie. Ideálne za volantom, pri nočnej práci alebo kedykoľvek je pozornosť kľúčová.",https://powerlogy.com/flow-drive/3-pack/,Powerlogy,Powerlogy,https://media.powerlogy.com/1/live/20260910123344/573542-3-pack-v3.webp,in_stock,38.85 EUR,36.95 EUR,,,573542,new,Výživové doplnky > Vitamín B > Vitamín B - komplex,,,https://powerlogy.com/,true,14,https://powerlogy.com/o-nakupe/vseobecne-obchodne-podmienky,false,,,SK,SK,supplement,vitamín-b---komplex,in-stock,multipack,false
573543_3,Flow Eyes & Vision 3 x 60 kapsúl,"Eyes & Vision kombinuje 8 synergicky pôsobiacich látok cielených na rôzne štruktúry oka – od sietnice a makuly po povrch oka. Taurín vyživuje fotoreceptory, Lutemax® 2020 filtruje modré svetlo, MaquiBright® hydratuje povrch oka a NatAxtin® astaxantín chráni očné tkanivá pred oxidačným stresom. Na rozdiel od bežných doplnkov s iba luteínom alebo vitamínom A, Eyes & Vision komplexne rieši najčastejšie problémy modernej doby – digitálnu únavu, suché oči, videnie za šera aj dlhodobé zdravie sietnice. Formulácia kombinuje klasické karotenoidy aj klinicky overené patentované extrakty.",https://powerlogy.com/flow-eyes-vision/3-pack/,Powerlogy,Powerlogy,https://media.powerlogy.com/1/live/20260910123345/573543-3-pack-v3.webp,out_of_stock,125.85 EUR,119.55 EUR,,,573543,new,Výživové doplnky > Vitamíny a doplnky výživy na oči,,,https://powerlogy.com/,true,14,https://powerlogy.com/o-nakupe/vseobecne-obchodne-podmienky,false,,,SK,SK,supplement,vitamíny-a-doplnky-výživy-na-oči,out-of-stock,multipack,false
573544_3,Flow Regenerate 3 x 60 kapsúl,"Regenerate 2.0 kombinuje 7 prírodných látok pre tri navzájom prepojené procesy – očistu pečene (pestrec mariánsky 80 % sylibín, artičok cynarín), bunkovú energiu (ALA, spirulína) a antioxidačnú ochranu (astaxantín, kurkumín HydroCurc®). To všetko v jednej dennej dávke po dobu 30 dní. Produkt je určený ako jednorazová kúra pre obdobie zvýšenej záťaže, jarnej únavy alebo po nezdravom životnom štýle. Podajte telu pomocnú ruku – dajte mu šancu obnovy a získajte späť energiu a vitalitu.",https://powerlogy.com/flow-regenerate/3-pack/,Powerlogy,Powerlogy,https://media.powerlogy.com/1/live/20260910123348/573544-3-pack-v3.webp,out_of_stock,74.85 EUR,70.95 EUR,,,573544,new,Biohacking produkty,,,https://powerlogy.com/,true,14,https://powerlogy.com/o-nakupe/vseobecne-obchodne-podmienky,true,,,SK,SK,food,biohacking-produkty,out-of-stock,multipack,false
573545_3,Flow Antioxidant 3 x 60 kapsúl,"Antioxidant 3.0 kombinuje 11 vedecky overených antioxidantov, ktoré pôsobia na rôznych úrovniach oxidačného stresu – Quercefit® kvercetín, pterostilbén, extrakt z hroznových jadier, lipozomálny vitamín C, CoQ10, kurkumín HydroCurc® a ďalšie. Každá látka má iný mechanizmus, dohromady tvoria synergickú ochranu celého organizmu. Vhodný pre športovcov, aktívnych jedincov aj všetkých, ktorí žijú v podmienkach zvýšeného oxidačného stresu – znečistené prostredie, intenzívny tréning, chronický stres alebo nezdravá strava. Vďaka synergii vitamínov, polyfenolov a flavonoidov je komplexnejší ako produkty postavené len na vitamíne C alebo jednom extrakte.",https://powerlogy.com/flow-antioxidant/3-pack/,Powerlogy,Powerlogy,https://media.powerlogy.com/1/live/20260910123350/573545-3-pack-v3.webp,in_stock,113.85 EUR,107.95 EUR,,,573545,new,Výživové doplnky > Vitamín E,,,https://powerlogy.com/,true,14,https://powerlogy.com/o-nakupe/vseobecne-obchodne-podmienky,false,,,SK,SK,supplement,vitamín-e,in-stock,multipack,false
573546_3,Flow L-theanine 3 x 100 g,"L-theanín je prirodzená aminokyselina čajových lístkov, ktorá podporuje tvorbu alfa mozgových vĺn – stav pokojnej, sústrednej bdelosti. Zvyšuje hladinu GABA, dopamínu a serotonína bez sedatívneho efektu, takže prináša pokoj bez únavy a sústredenie bez napätia. Najsilnejší efekt dosiahnete v kombinácii s kofeínom v pomere 2:1 (250 mg L-theanínu : 100 mg kofeínu), kde L-theanín tlmí nervozitu a zosilňuje pozornosť. Jedno 100 g balenie obsahuje 400 dávok – zásobné balenie pre každodenné použitie.",https://powerlogy.com/flow-l-theanine/3-pack/,Powerlogy,Powerlogy,https://media.powerlogy.com/1/live/20260910132409/573546-3-pack-v3.webp,out_of_stock,65.85 EUR,62.55 EUR,,,573546,new,Výživové doplnky > Vitamíny a doplnky výživy na nervový systém,,,https://powerlogy.com/,true,14,https://powerlogy.com/o-nakupe/vseobecne-obchodne-podmienky,false,,,SK,SK,supplement,vitamíny-a-doplnky-výživy-na-nervový-sys,out-of-stock,multipack,false
573547_3,Flow GABA Kyselina gama-aminomáselná 3 x 100 g,"Inhibičný neurotransmiter pre hlboký spánok, relaxáciu a zníženie svalového napätia GABA (kyselina gama-aminomaslová) je hlavný inhibičný neurotransmiter centrálnej nervovej sústavy. Jedno 100 g balenie obsahuje 200 dávok pre každodenné použitie.",https://powerlogy.com/flow-gaba-kyselina-gama-aminomaselna/3-pack/,Powerlogy,Powerlogy,https://media.powerlogy.com/1/live/20260910132410/573547-3-pack-v3.webp,in_stock,53.85 EUR,50.95 EUR,,,573547,new,Výživové doplnky > Vitamíny a doplnky výživy na nervový systém,,,https://powerlogy.com/,true,14,https://powerlogy.com/o-nakupe/vseobecne-obchodne-podmienky,false,,,SK,SK,supplement,vitamíny-a-doplnky-výživy-na-nervový-sys,in-stock,multipack,false
573548_3,Flow Glycin 3 x 500 g,"Čistý glycín pre kvalitný spánok, tvorbu kolagénu a celkové zdravie metabolizmu Glycín je čistá aminokyselina s radom zásadných funkcií v organizme. Podieľa sa na metabolizme, je hlavnou zložkou kolagénu a zohráva kľúčovú rolu v imunitnej odpovedi, regenerácii a celkovej homeostáze. Najpopulárnejšie využitie glycínu je podpora kvality spánku – prirodzene a bez závislosti. Vhodný pre vegetariánov aj vegánov.",https://powerlogy.com/flow-glycin/3-pack/,Powerlogy,Powerlogy,https://media.powerlogy.com/1/live/20260910132411/573548-3-pack-v3.webp,out_of_stock,38.85 EUR,36.95 EUR,,,573548,new,Funkčná výživa > Kolagény > Práškové kolagény,,,https://powerlogy.com/,true,14,https://powerlogy.com/o-nakupe/vseobecne-obchodne-podmienky,false,,,SK,SK,supplement,práškové-kolagény,out-of-stock,multipack,false
573550_3,Flow Ostropestřec mariánský Milk thistle 3 x 100 g,"Štandardizovaný extrakt ostropestrca s 80 % silymarínu pre zdravú pečeň a detox Ostropestrc mariánsky je bylina s tisícročnou históriou využitia pre podporu pečene a detoxikáciu organizmu. Kľúčová bioaktívna látka silymarin chráni pečeňové bunky, podporuje ich regeneráciu a pôsobí ako silný antioxidant. Extrakt štandardizovaný na 80 % silymarínu - pre maximálnu účinnosť. Bez zbytočných plnidiel, čistý botanický extrakt.",https://powerlogy.com/flow-ostropestrec-mariansky/3-pack/,Powerlogy,Powerlogy,https://media.powerlogy.com/1/live/20260910132414/573550-3-pack-v3.webp,out_of_stock,53.85 EUR,50.95 EUR,,,573550,new,Výživové doplnky > Vitamíny a doplnky výživy na obličky,,,https://powerlogy.com/,true,14,https://powerlogy.com/o-nakupe/vseobecne-obchodne-podmienky,false,,,SK,SK,supplement,vitamíny-a-doplnky-výživy-na-obličky,out-of-stock,multipack,false
573551_3,Flow Glutamin 3 x 500 g,"Glutamín je najhojnejšia voľná aminokyselina v ľudskom tele. Je podmienene esenciálny – pri intenzívnej fyzickej aktivite, chorobe alebo strese jeho potreba výrazne prevyšuje to, čo telo samo dokáže vytvoriť. Využívaný v športovej výžive pre rýchlejšiu regeneráciu , ale tiež ako podpora zdravia čiev, imunitného systému a celkového metabolizmu bielkovín.",https://powerlogy.com/flow-glutamin/3-pack/,Powerlogy,Powerlogy,https://media.powerlogy.com/1/live/20260910132417/573551-3-pack-v3.webp,in_stock,53.85 EUR,50.95 EUR,,,573551,new,Výživové doplnky > Vitamíny a doplnky výživy na svaly,,,https://powerlogy.com/,true,14,https://powerlogy.com/o-nakupe/vseobecne-obchodne-podmienky,false,,,SK,SK,supplement,vitamíny-a-doplnky-výživy-na-svaly,in-stock,multipack,false
573552_3,Flow Resveratrol 3 x 20 g,"Prírodný polyfenol aktivujúci sirtuíny – gény dlhovekosti – pre spomalenie starnutia Resveratrol je prírodný polyfenol vyskytujúci sa v šupke a semenách hrozna a viac ako 70 ďalších rastlinných druhoch. Preslávil sa ako aktivátor sirtuínov – tzv. génov dlhovekosti. Jeden z najviac skúmaných prírodných longevity doplnkov – s potenciálom ovplyvniť bunkové starnutie, kardiovaskulárne zdravie aj kognitívne funkcie.",https://powerlogy.com/flow-resveratrol/3-pack/,Powerlogy,Powerlogy,https://media.powerlogy.com/1/live/20260910132418/573552-3-pack-v3.webp,in_stock,65.85 EUR,62.55 EUR,,,573552,new,Výživové doplnky > Bioflavonoidy,,,https://powerlogy.com/,true,14,https://powerlogy.com/o-nakupe/vseobecne-obchodne-podmienky,false,,,SK,SK,supplement,bioflavonoidy,in-stock,multipack,false
573553_3,Flow Kolostrum Bovinní 3 x 150 g,"Hovädzí kolostrum s imunoglobulínmi, laktoferínom a rastovými faktormi pre imunitu a regeneráciu Bovinné kolostrum je prirodzená mliečna tekutina produkovaná kravami ako prvá výživa pre mláďatá. Obsahuje v koncentrovanej forme imunoglobulíny, laktoferín, cytokíny a rastové faktory – biologicky aktívne látky pre imunitu a regeneráciu. Obľúbené u športovcov pre podporu regenerácie a tvorby svalov, aj u osôb hľadajúcich posilnenie prirodzenej obranyschopnosti.",https://powerlogy.com/flow-kolostrum-bovinni/3-pack/,Powerlogy,Powerlogy,https://media.powerlogy.com/1/live/20260910132420/573553-3-pack-v3.webp,in_stock,89.85 EUR,85.55 EUR,,,573553,new,Výživové doplnky > Vitamíny a doplnky výživy na svaly,,,https://powerlogy.com/,true,14,https://powerlogy.com/o-nakupe/vseobecne-obchodne-podmienky,false,,,SK,SK,supplement,vitamíny-a-doplnky-výživy-na-svaly,in-stock,multipack,false
573555_3,Flow Astaxanthin NatAxtin® CWD 3 x 20 g,"Patentovaná mikroenkapsulovaná forma astaxantínu NatAxtin® CWD pre maximálnu vstrebateľnosť Astaxantín je ružovo-oranžový karotenoid vyskytujúci sa v morských organizmoch a sladkovodných riasach. Zaraďuje sa medzi najsilnejšie prírodné antioxidanty – chráni bunky, pokožku aj mitochondrie pred oxidačným poškodením. Patentovaná forma NatAxtin® CWD – mikroenkapsulovaný astaxantín rozpustný vo vode pre maximálnu vstrebateľnosť bez závislosti na tučnom jedle.",https://powerlogy.com/flow-astaxanthin-nataxtin-cwd/3-pack/,Powerlogy,Powerlogy,https://media.powerlogy.com/1/live/20260910132422/573555-3-pack-v3.webp,in_stock,77.85 EUR,73.95 EUR,,,573555,new,Výživové doplnky > Bioflavonoidy,,,https://powerlogy.com/,true,14,https://powerlogy.com/o-nakupe/vseobecne-obchodne-podmienky,false,,,SK,SK,supplement,bioflavonoidy,in-stock,multipack,false
573556_3,Flow Ženšen pravý 3 x 40 g,"Prémiový extrakt pravého ženšenu s 80 % ginsenozidov pre vitalitu, energiu a imunitu Ženšen pravý (Panax ginseng) je jeden z najdlhšie používaných adaptogénov na svete – využívaný v Ázii tisíce rokov ako tonikum pre vitalitu, energiu a silu. Kľúčové účinky zabezpečujú ginsenosidy. Extrakt štandardizovaný na 80 % ginsenosidov – najvyššia dostupná koncentrácia pre maximálnu účinnosť. Energia bez kofeínu, adaptácia bez závislosti.",https://powerlogy.com/flow-zensen/3-pack/,Powerlogy,Powerlogy,https://media.powerlogy.com/1/live/20260910132423/573556-3-pack-v3.webp,in_stock,53.85 EUR,50.95 EUR,,,573556,new,Výživové doplnky > Vitamíny a doplnky výživy pre mozog,,,https://powerlogy.com/,true,14,https://powerlogy.com/o-nakupe/vseobecne-obchodne-podmienky,false,,,SK,SK,supplement,vitamíny-a-doplnky-výživy-pre-mozog,in-stock,multipack,false
573557_3,Flow Quercetin 3 x 50 g,"Quercefit® – patentovaná forma kvercetínu s fosfolipidmi pre longevity a antioxidáciu Quercetin Quercefit® je patentovaná formulácia kvercetínu s fosfolipidmi , ktorá rieši prirodzene nízku vstrebateľnosť tohto flavonoidu. Kvercetín sa prirodzene vyskytuje v hrozne, jablkách, čerešniach a citrusoch. Jeden z najsľubnejších longevity flavonoidov – skúmaný pre svoj senolytický účinok (odstraňovanie senescentných buniek) a silné antioxidačné vlastnosti.",https://powerlogy.com/flow-quercetin/3-pack/,Powerlogy,Powerlogy,https://media.powerlogy.com/1/live/20260910132427/573557-3-pack-v3.webp,out_of_stock,77.85 EUR,73.95 EUR,,,573557,new,Výživové doplnky > Bioflavonoidy,,,https://powerlogy.com/,true,14,https://powerlogy.com/o-nakupe/vseobecne-obchodne-podmienky,false,,,SK,SK,supplement,bioflavonoidy,out-of-stock,multipack,false
573558_3,Flow Citrulline malate 3 x 250 g,"Kombinácia L-citrulínu a kyseliny jablčnej 2:1 pre maximálny športový výkon a prekrvenie svalov Citrulín malát je účinná kombinácia L-citruliínu a kyseliny jablčnej v pomere 2:1 – vedecky najskúmanejšia forma pre športový výkon. Zvyšuje produkciu oxidu dusnatého (NO) a zlepšuje dodávku krvi a kyslíka do svalov. Obľúbený pre-workout doplnok pre výkonnostných športovcov – podporuje svalový pump, znižuje únavu a umožňuje vyšší tréningový objem.",https://powerlogy.com/flow-citrulline-malate/3-pack/,Powerlogy,Powerlogy,https://media.powerlogy.com/1/live/20260910132428/573558-3-pack-v3.webp,in_stock,53.85 EUR,50.95 EUR,,,573558,new,Výživové doplnky > Vitamíny a doplnky výživy na svaly,,,https://powerlogy.com/,true,14,https://powerlogy.com/o-nakupe/vseobecne-obchodne-podmienky,false,,,SK,SK,supplement,vitamíny-a-doplnky-výživy-na-svaly,in-stock,multipack,false
573559_3,Flow Ashwagandha - KSM66® 3 x 50 g,"KSM-66® – najlepší celospektrálny extrakt ashwagandhy pre vitalitu, výkon, náladu a spánok Ashwagandha KSM-66® je najlepší a najviac klinicky skúmaný extrakt ashwagandhy na svete. Garantovaný obsah 5 % withanolidov a plnospektrálna extrakcia z koreňa - pre maximálnu adaptogénnu účinnosť. Tonizujúci adaptogén pre zvládanie stresu, fyzický výkon, lepší spánok a hormonálnu rovnováhu - všetko podložené klinickými štúdiami s KSM-66®.",https://powerlogy.com/flow-ashwagandha-ksm66/3-pack/,Powerlogy,Powerlogy,https://media.powerlogy.com/1/live/20260910132430/573559-3-pack-v3.webp,out_of_stock,65.85 EUR,62.55 EUR,,,573559,new,Výživové doplnky > Vitamíny a doplnky výživy pre ženy,,,https://powerlogy.com/,true,14,https://powerlogy.com/o-nakupe/vseobecne-obchodne-podmienky,false,,,SK,SK,supplement,vitamíny-a-doplnky-výživy-pre-ženy,out-of-stock,multipack,false
573560_3,Flow Longevity 3 x 120 kapsúl,"Multi-mechanický longevity komplex s 24+ látkami pre NAD+, sirtuíny a bunkovú energiu Longevity 4.0 je unikátny multi-mechanický longevity komplex formulovaný podľa najnovších štúdií zameraných na starnutie. Obsahuje viac ako 24 aktívnych látok zameraných na NAD+ metabolizmus, aktiváciu sirtuínov, ochranu telomér a bunkovú energiu. Na rozdiel od jednoduchých anti-aging doplnkov pracuje Longevity 4.0 so synergiou viacerých signálnych dráh - výsledkom je komplexný a dlhodobo udržateľný prístup k vitalite a zdravému starnutiu.",https://powerlogy.com/flow-longevity/3-pack/,Powerlogy,Powerlogy,https://media.powerlogy.com/1/live/20260910123351/573560-3-pack-v3.webp,in_stock,299.85 EUR,284.95 EUR,,,573560,new,Výživové doplnky > Vitamín B > Vitamín B - komplex,,,https://powerlogy.com/,true,14,https://powerlogy.com/o-nakupe/vseobecne-obchodne-podmienky,false,,,SK,SK,supplement,vitamín-b---komplex,in-stock,multipack,false
573561_3,Flow Immune 3 x 90 kapsúl,"11 aktívnych zložiek vrát. Wellmune® a HydroCurc® pre komplexnú imunitnú ochranu Immune 3.0 je pokročilá kombinácia 11 aktívnych látok pre podporu a normálne fungovanie imunitného systému. Obsahuje patentované zložky Wellmune®, HydroCurc® a Liposomal PureWayC® pre výnimočnú biologickú dostupnosť a účinnosť. Výrazne širšie zloženie ako štandardné imunitné doplnky - pracuje s rôznymi vrstvami imunitného systému súčasne, nie len s jednou izolovanou cestou.",https://powerlogy.com/flow-immune/3-pack/,Powerlogy,Powerlogy,https://media.powerlogy.com/1/live/20260910123352/573561-3-pack-v3.webp,in_stock,125.85 EUR,119.55 EUR,,,573561,new,Výživové doplnky > Vegánske vitamíny a doplnky stravy,,,https://powerlogy.com/,true,14,https://powerlogy.com/o-nakupe/vseobecne-obchodne-podmienky,false,,,SK,SK,supplement,vegánske-vitamíny-a-doplnky-stravy,in-stock,multipack,false
573562_3,Flow Tea Matcha Japan Ceremonial 3 x 100 g,"Tradičná japonská matcha ceremonial grade s L-teanínom pre pokojné sústredenie a čistú energiu Tea Matcha Japan Ceremonial je tradičná japonská matcha najvyššej kvality - ceremonial grade. Jemne mletý čajový prášok zo tienených čajovníkov s výraznou sýto zelenou farbou, vysokým obsahom L-theanínu a prírodného kofeínu . Ideálne pre ranný rituál, sústredtenú prácu i meditáciu. Pokojná a stabilná energia bez nervozity a bez pádu - to je sila kombinácie L-theanín + kofeín.",https://powerlogy.com/flow-tea-matcha-japan-ceremonial/3-pack/,Powerlogy,Powerlogy,https://media.powerlogy.com/1/live/20260910123353/573562-3-pack-v3.webp,out_of_stock,65.85 EUR,62.55 EUR,,,573562,new,Zdravé potraviny > Čaje > Matcha,,,https://powerlogy.com/,true,14,https://powerlogy.com/o-nakupe/vseobecne-obchodne-podmienky,true,,,SK,SK,food,matcha,out-of-stock,multipack,false
573563_3,Flow Tea Gyokuro Mikoto 3 x 50 g,"Výnimočný japonský gyokuro ručne zbieraný z prvých jarných zberov s bohatou chuťou umami Tea Gyokuro Mikoto je výnimočný japonský zelený čaj ručne zbieraný z prvých jarných zberov. Tienenie 20-30 dní pred zberom zvyšuje obsah L-theanínu a chlorofylu, výsledkom je bohatá umami chuť, hodvábna textúra a sýta smaragdová farba. Gyokuro prináša sústredtený pokoj - unikátna kombinácia L-theanínu a prírodného kofeínu pre prácu i rituálne spomalenie. Čistý luxus v šálku.",https://powerlogy.com/flow-tea-gyokuro-mikoto/3-pack/,Powerlogy,Powerlogy,https://media.powerlogy.com/1/live/20260910132431/573563-3-pack-v3.webp,in_stock,65.85 EUR,62.55 EUR,,,573563,new,Výživové doplnky > Vitamíny a doplnky výživy pre mozog,,,https://powerlogy.com/,true,14,https://powerlogy.com/o-nakupe/vseobecne-obchodne-podmienky,false,,,SK,SK,supplement,vitamíny-a-doplnky-výživy-pre-mozog,in-stock,multipack,false
573766_3,Powerlogy Upgraded Creatine Orange Lemon 3 x 205 g,"Mikronizovaný kreatín monohydrát s koenzýmom Q10 pre maximálny výkon a efektívnu regeneráciu ATP Kreatínový komplex s koenzýmom Q10 pre podporu fyzického výkonu aj mentálnej energie. Každá porcia obsahuje 5 g mikronizovaného kreatín monohydrátu a 100 mg Q10. Kreatín zvyšuje výkonnosť, silu a rast svalov, zatiaľ čo Q10 podporuje tvorbu bunkovej energie (ATP) 1-5 . Kombinácia pokrýva celý energetický reťazec a zároveň prispieva k lepšiemu kognitívnemu výkonu 6-8 . Prírodná citrónová príchuť, sladené stéviou, bez pridaného cukru a umelých farbív. Kreatín monohydrát je jedna z mála športových látok s desaťročiami klinického výskumu a schváleným EU zdravotným tvrdením. 1 Každá porcia obsahuje presne 5 g mikronizovaného kreatín monohydrátu - dávku, ktorá zodpovedá desaťročiam klinického výskumu. Doplnené o 100 mg koenzýmu Q10 pre podporu energetického metabolizmu buniek. Kreatín nepôsobí okamžite - jeho efekt sa buduje postupne s nasýtením svalových zásob fosfokreatínu. Nižšie uvedené údaje vychádzajú z meta-analýz zahŕňajúcich stovky cvičiacich účastníkov pri dávke 5 g denne. 1-2 Zásoby fosfokreatínu sú doplnené, čo zlepšuje výkon pri intenzívnom tréningu. Začína byť viditeľný aj merateľný nárast svalov, nielen subjektívny pocit výkonu. Mozog spotrebuje až 20 % energie tela a funguje na rovnakom fosfokreatínovom systéme ako svaly – preto účinky kreatínu siahajú ďaleko za hranicami posilňovne. 5 Štúdia publikovaná v Nature Scientific Reports (2024) ukázala, že už jedna dávka kreatínu zlepšuje pracovnú pamäť aj rýchlosť spracovania informácií po 24 hodinách bez spánku . 6 Najno",https://powerlogy.com/upgraded-creatine-orange-lemon-205-g/3-pack/,Powerlogy,Powerlogy,https://media.powerlogy.com/1/live/20260910124921/573766-3-pack-w.webp,in_stock,59.85 EUR,49.55 EUR,,,573766,new,Výživové doplnky > Kreatín > Kreatín v akcii,,,https://powerlogy.com/,true,14,https://powerlogy.com/o-nakupe/vseobecne-obchodne-podmienky,false,5.00,4,SK,SK,supplement,kreatín-v-akcii,in-stock,multipack,false
573937_3,Powerlogy Upgraded Creatine Unflavoured 3 x 205 g,"Mikronizovaný kreatín monohydrát s koenzýmom Q10 pre maximálny výkon a efektívnu regeneráciu ATP Kreatínový komplex s koenzýmom Q10 pre podporu fyzického výkonu aj mentálnej energie. Každá porcia obsahuje 5 g mikronizovaného kreatín monohydrátu a 100 mg Q10. Kreatín zvyšuje výkonnosť, silu a rast svalov, zatiaľ čo Q10 podporuje tvorbu bunkovej energie (ATP) 1-5 . Kombinácia pokrýva celý energetický reťazec a zároveň prispieva k lepšiemu kognitívnemu výkonu 6-8 . Bez príchute, bez pridaného cukru a umelých farbív. Oranžová farba je z koenzýmu Q10. Kreatín monohydrát je jedna z mála športových látok s desaťročiami klinického výskumu a schváleným EU zdravotným tvrdením. 1 Každá porcia obsahuje presne 5 g mikronizovaného kreatín monohydrátu - dávku, ktorá zodpovedá desaťročiam klinického výskumu. Doplnené o 100 mg koenzýmu Q10 pre podporu energetického metabolizmu buniek. Kreatín nepôsobí okamžite - jeho efekt sa buduje postupne s nasýtením svalových zásob fosfokreatínu. Nižšie uvedené údaje vychádzajú z meta-analýz zahŕňajúcich stovky cvičiacich účastníkov pri dávke 5 g denne. 1-2 Zásoby fosfokreatínu sú doplnené, čo zlepšuje výkon pri intenzívnom tréningu. Začína byť viditeľný aj merateľný nárast svalov, nielen subjektívny pocit výkonu. Mozog spotrebuje až 20 % energie tela a funguje na rovnakom fosfokreatínovom systéme ako svaly – preto účinky kreatínu siahajú ďaleko za hranicami posilňovne. 5 Štúdia publikovaná v Nature Scientific Reports (2024) ukázala, že už jedna dávka kreatínu zlepšuje pracovnú pamäť aj rýchlosť spracovania informácií po 24 hodinách bez spánku . 6 Na",https://powerlogy.com/powerlogy-upgraded-creatine-unflavoured-205-g/3-pack/,Powerlogy,Powerlogy,https://media.powerlogy.com/1/live/20260910124922/573937-3-pack-w.webp,in_stock,59.85 EUR,54.95 EUR,,,573937,new,Výživové doplnky > Kreatín > Kreatín v akcii,,,https://powerlogy.com/,true,14,https://powerlogy.com/o-nakupe/vseobecne-obchodne-podmienky,false,4.00,2,SK,SK,supplement,kreatín-v-akcii,in-stock,multipack,false
575774_3,Deortegas Organic Extra Virgin Olive Oil Sexta Esencia 3 x 500 ml,"Extra panenský BIO olivový olej Zmes troch španielskych extra panenských olivových olejov ocenenýchna svetových súťažiach. Spĺňa tie najprísnejšie kritériá výnimočnej chuti a kvality. Vynikajúci olej vytvorený z troch odrôd (Hojiblanca, Picual a Cornicabra) z malej rodinnej farmy Deortegas v španielskej Yecle. Olej má žiarivo zlatú farbu, zamatovú vôňu a vďaka svojej jedinečnej chuti získal viacero ocenení. Olivy sú pestované bez hnojív, resp. jediným hnojivom sú zvyšky z procesu tvorby olivových olejov. Používa sa metóda „suchého poľnohospodárstva“, ktorá zabezpečuje ich vysokú výživovú hodnotu. Sú plné prospešných fytonutrientov. Ručne sa zbierajú na prelome októbra a novembra. Vďaka vysokému obsahu polyfenolov je olej výnimočným olejom. Sme nadšení, že kvalita nášho oleja bola opätovne potvrdená. V súťaži extra panenských olivových olejov Flos Olei 2023 súťažilo 500 značiek. Deortegas získal 98 bodov zo 100, čím sa zaradil medzi najlepšie olivové oleje na svete. Odrody: Hojiblanca, Picual a Cornicabra. Filtrácia: žiadna. Pestovanie: tradičné.",https://powerlogy.com/deortegas-organic-extra-virgin-olive-oil-sexta-esencia-500-ml/3-pack/,Powerlogy,Powerlogy,https://media.powerlogy.com/1/live/20260910123354/575774-3-pack-v3.webp,in_stock,68.85 EUR,65.55 EUR,,,575774,new,Zdravé potraviny > Oleje a ghee maslo > Olivové oleje,,,https://powerlogy.com/,true,14,https://powerlogy.com/o-nakupe/vseobecne-obchodne-podmienky,true,,,SK,SK,food,olivové-oleje,in-stock,multipack,false
580816_3,Powerlogy Upgraded Collagen Skin+ 3 x 20 x 10 g,"Rybí a morský kolagén s kyselinou hyalurónovou, vitamínmi a zinkom pre zdravú hydratovanú pokožku Základ tvorí certifikovaný rybí kolagén Naticol® hydrolyzovaný na malé peptidy, doplnený o morský kolagén typu II. Receptúru sme cielene zostavili pre pleť - s kyselinou hyalurónovou, vitamínom C z aceroly, zinkom a biotínom. Jedna denná dávka (10 g) obsahuje 5 000 mg rybieho kolagénu a 100 mg kyseliny hyalurónovej - bez pridaného cukru, lepku a mlieka, v osviežujúcej višňovej príchuti. Nerozhoduje len množstvo kolagénu, ale aj jeho forma a podporné zložky. Collagen Skin+ preto stojí na troch krokoch. Kolagén v pleti ubúda už od dvadsiatky. Po menopauze sa pokles zrýchľuje. 1,3 Každá zložka má v receptúre jasnú úlohu. Certifikovaný rybí kolagén Naticol® tvorí základ, kyselina hyalurónová dopĺňa hydratáciu a vitamín C, zinok a biotín podporujú pokožku, vlasy a nechty. Overené formy, transparentné zloženie, žiadne zbytočné prísady. Viaceré zložky Collagen Skin+ majú vlastnú klinickú dokumentáciu. V randomizovaných štúdiách rybí kolagén znížil skóre vrások 2 a perorálna kyselina hyalurónová zlepšila hydratáciu pokožky. 3 Údaje sa týkajú skúmaných ingrediencií v daných štúdiách, nie hotovej formulácie Collagen Skin+. Prémiovú líniu Powerlogy Upgraded som vytvoril pre najnáročnejších zákazníkov, ktorí hľadajú maximálnu kvalitu a účinnosť. Upgraded produkty sú obohatené o inovatívne ingrediencie ako MCT olej, prebiotická vláknina, adaptogény či bioaktívne látky. Receptúry vyvíjam na základe najnovších vedeckých poznatkov. Kombinujem účinky rôznych zložiek, aby vám dodali energiu a",https://powerlogy.com/powerlogy-upgraded-collagen-skin-20-x-10-g/3-pack/,Powerlogy,Powerlogy,https://media.powerlogy.com/1/live/20260910123359/578743-3-pack-v3.webp,in_stock,98.85 EUR,81.95 EUR,,,580816,new,Funkčná výživa > Kolagény > Kolagény na kosti a kĺby > Morské kolagény na kĺby,,,https://powerlogy.com/,true,14,https://powerlogy.com/o-nakupe/vseobecne-obchodne-podmienky,false,4.00,2,SK,SK,supplement,morské-kolagény-na-kĺby,in-stock,multipack,false
583097_3,NoordCode Ultimate EAA Formula 3 x 150 kapsúl,"Všetkých 9 esenciálnych aminokyselín, 5 g na dávku - transparentná receptúra vo voľnej forme Receptúra obsahuje všetkých 9 esenciálnych aminokyselín v slobodnej forme, ktorú si telo nevie vytvoriť samo a musí ich prijať zo stravy. Jedna dávka (5 kapsúl) prináša 5 g EAA vrátane 2 000 mg L-leucínu - aminokyseliny, ktorá spúšťa tvorbu svalovej bielkoviny. Bielkoviny prispievajú k rastu a udržaniu svalovej hmoty. 2 3 Transparentná receptúra bez proprietárnych zmesí - vidíte presné množstvo každej aminokyseliny. Vegánske, bez cukru, bez sóje a lepku, keto-friendly. Vyrobené v Európe a testované na ťažké kovy, pesticídy a mykotoxíny. Tvorba svalovej bielkoviny nie je o jednej aminokyseline, ale o ich úplnej zostave. Ultimate EAA Formula preto stojí na troch krokoch. Každá z deviatich esenciálnych aminokyselín je v receptúre presne dávkovaná - žiadne proprietárne zmesi, žiadne skryté pomery. Najväčší podiel má L-leucín, hlavný spúšťač tvorby svalovej bielkoviny, doplnený o ďalšie dve aminokyseliny s rozvetveným reťazcom (BCAA), L-izoleucín a L-valín. Odporúčaná dávka je 5 kapsúl (5 g EAA) denne, ideálne nalačno. Kapsuly sú najvhodnejšie pred alebo počas tréningu na lačno, prípadne v dňoch s nižším príjmom bielkovín z jedla.",https://powerlogy.com/noordcode-ultimate-eaa-formula-150-kapsul/3-pack/,NoordCode,Powerlogy,https://media.powerlogy.com/1/live/20260910123402/578749-3-pack-v3.webp,in_stock,113.85 EUR,107.95 EUR,,,583097,new,Biohacking produkty,,,https://powerlogy.com/,true,14,https://powerlogy.com/o-nakupe/vseobecne-obchodne-podmienky,true,,,SK,SK,food,biohacking-produkty,in-stock,multipack,false
583098_3,NoordCode Ultimate EAA Formula Pink Grapefruit 3 x 210 g,"Všetkých 9 esenciálnych aminokyselín, 5 g na dávku - ochutený prášok s ružovým grapefruitom NoordCode Ultimate EAA Formula prináša všetkých 9 esenciálnych aminokyselín vo voľnej forme - tých, ktoré si telo nedokáže vyrobiť samo a musí ich prijať zo stravy. Jedna odmerka (7 g) obsahuje 5 g EAA s 2 000 mg leucínu , kľúčovej aminokyseliny pre tvorbu svalových bielkovín. Bielkoviny prispievajú k rastu a udržaniu svalovej hmoty. 1 Voľná forma aminokyselín sa vstrebáva rýchlo, bez tráviacej záťaže celej bielkoviny. To je rovnaká receptúra ako v kapsulovej verzii, teraz v ochutenom prášku s prírodnou príchuťou ružového grapefruitu, bez pridaného cukru a s pouhými 25 kcal na dávku. Svalová bielkovina sa neustále rozkladá a obnovuje. Aby prevážila tvorba, telo potrebuje stavebné prvky aj signál, ktorý ju spustí. Receptúra obsahuje všetkých 9 esenciálnych aminokyselín vo voľnej forme, v presne odmeraných pomeroch. Transparentné zloženie, žiadne plnivá, žiadne skryté množstvá. Nižšie sú uvedené množstvá na jednu dávku 7 g. Prírodná príchuť ružového grapefruitu sladená stéviou, bez pridaného cukru. Jednu odmerku (7 g) rozmiešajte v 350 ml vody a premiešajte. Dá sa kombinovať s kreatínom.",https://powerlogy.com/noordcode-ultimate-eaa-formula-pink-grapefruit-210-g/3-pack/,NoordCode,Powerlogy,https://media.powerlogy.com/1/live/20260910141754/578745-3-pack-v4.webp,in_stock,113.85 EUR,107.95 EUR,,,583098,new,Biohacking produkty,,,https://powerlogy.com/,true,14,https://powerlogy.com/o-nakupe/vseobecne-obchodne-podmienky,true,,,SK,SK,food,biohacking-produkty,in-stock,multipack,false
583099_3,"NoordCode Performance Electrolytes Lemon Orange 3 x 30 x 6,5 g","Elektrolytový nápoj so sodíkom, draslíkom, horčíkom a chloridom - bez cukru, jednorazové vrecká Základ tvorí nerafinovaná morská soľ praná vodou z Belgicka, doplnená o citrát draselný a horčík v podobe Aquamin™ Mg Soluble z morských minerálov. Jedno vrecko (6,5 g) dodá 1000 mg sodíka, 400 mg draslíka a 100 mg horčíka - elektrolyty, ktoré strácate potením. Horčík a draslík prispievajú k normálnej funkcii svalov a nervovej sústavy. 1 3 Prírodné zdroje minerálov, vyšší obsah draslíka a menej kyslá chuť - sladené stéviou, bez cukru, bez sukralózy a takmer bez kalórií. Pot nie je len voda - odchádzajú s ním sodík, chlorid, draslík aj horčík. Electrolytes ich dopĺňajú v pomere zostavenom pre intenzívne potenie z prírodných a dobre vstrebateľných zdrojov. Svieža citrónovo-pomarančová príchuť sladená stéviou, bez cukru a bez sukralózy. Obsah jedného vrecka (6,5 g) rozmiešajte v 1 litri vody. Množstvo vody upravte podľa chuti - viac vody zjemní kyslosť. Ide o kyslý nápoj, preto ho vypite naraz a po vypití si vypláchnite ústa vodou alebo použite slamku na ochranu zubnej skloviny.",https://powerlogy.com/noordcode-performance-electrolytes-lemon-orange-30-x-65-g/3-pack/,NoordCode,Powerlogy,https://media.powerlogy.com/1/live/20260910123400/578747-3-pack-v3.webp,out_of_stock,98.85 EUR,93.95 EUR,,,583099,new,Biohacking produkty,,,https://powerlogy.com/,true,14,https://powerlogy.com/o-nakupe/vseobecne-obchodne-podmienky,true,4.78,9,SK,SK,food,biohacking-produkty,out-of-stock,multipack,false
583100_3,NoordCode Vegan Omega-3 Lemon 3 x 125 ml,"Vysokodávkový rastlinný omega-3 z rias - 1200 mg EPA a 800 mg DHA v TG forme, bez rybacej pachuti Vysokodávkový rastlinný omega-3 olej z morských mikrorias. Jedna dávka (1 čajová lyžička, 5 ml) prináša 2000 mg omega-3 v prirodzenej triglyceridovej (TG) forme - z toho 1200 mg EPA a 800 mg DHA . DHA prispieva k udržaniu normálneho zraku a normálnej funkcie mozgu, EPA a DHA prispievajú k normálnej funkcii srdca. 1 Olej získavame priamo z rias - pôvodného zdroja EPA a DHA, bez tlaku na rybie populácie a bez rybacej pachuti či grgania. Vďaka nízkej oxidácii (TOTOX menej ako 5) je čerstvý a chránený prírodnými tokoferolmi. Z dielne značky NoordCode, ktorá stavia na čistom rastlinnom zložení. Ryby si EPA a DHA samy netvoria - získavajú ich z rias, ktoré sú v potravinovom reťazci pôvodným zdrojom týchto mastných kyselín. My ich preto čerpáme priamo z rias, bez medzičlánku. Základ tvorí riasový olej bohatý na EPA a DHA, doplnený o MCT olej z kokosu ako nosič, sicílsky citrónový olej pre chuť a prírodné tokoferoly na ochranu pred oxidáciou. Žiadne zbytočné prísady, čistý rastlinný profil. Cesta od riasy k oleju je šetrná a kontrolovaná. Bez agresívnych chemikálií, s dôrazom na čerstvosť a čistotu. Jemná príchuť sicílskeho citróna , bez rybacej pachuti a grgania. Odporúčaná denná dávka je 1 čajová lyžička (5 ml), ideálne s jedlom. Pred použitím fľašku pretrepte. Po otvorení spotrebujte do 6 týždňov. Balenie 125 ml vystačí na 25 dávok.",https://powerlogy.com/noordcode-high-epa-dha-vegan-omega-3-lemon-125-ml/3-pack/,NoordCode,Powerlogy,https://media.powerlogy.com/1/live/20260910123404/578751-3-pack-v3.webp,out_of_stock,140.85 EUR,133.95 EUR,,,583100,new,Výživové doplnky > Omega-3 kyseliny,,,https://powerlogy.com/,true,14,https://powerlogy.com/o-nakupe/vseobecne-obchodne-podmienky,false,,,SK,SK,supplement,omega-3-kyseliny,out-of-stock,multipack,false
585884_3,Powerlogy Organic Whey Protein 3 x 500 g,"100 % čistý BIO srvátkový proteín v grass fed kvalite Recept: Proteínové smoothie z kokosového mlieka Chladnejšie jesenné dni sú pre náš organizmus náročnejšie, preto je dôležité vyživovať svoje telo zdravými a chutnými jedlami. Či už aktívne športujete, alebo máte náročné pracovné dni, vyskúšajte náš raňajkový, kokosový nápoj z Whey proteínu so sezónnymi jablkami a voňavou škoricou. Práve vďaka odmerke nášho čistého Proteínu dodáte telu zdravú energiu a dostatok bielkovín, navyše je lahodne krémový a z obyčajného smoothie tak máte naozaj smotanový zážitok so sezónnou vôňou protizápalovej škorice a jabĺk. Postup: 200 ml kokosového, prípadné iného rastlinného alebo kravského mlieka nalejeme do mixéra. Pridáme 1/2 ČL škorice, 2 PL domáceho jabĺkového pyré a 1 odmerku nášho Whey proteínu . Môžeme dochutiť vanilkou, alebo medom či iným sladidlom podľa chuti, my sme zvolili veriu bez cukru. Shake vymixujeme a nalejeme do vysokých pohárov. Dobrú chuť. Vlastnosti, vďaka ktorým sa na náš BIO srvátkový proteín môžete spoľahnúť: Spojenie skvelej chuti a funkčného zloženia bez lepku, umelých sladidiel a cukru. Prémiová nemecká kvalita mlieka z álp. Ľahká stráviteľnosť a rýchla vstrebateľnosť živočíšnych bielkovín. Prirodzená rozpustnosť v teplých i studených nápojoch. Prírodná krémová chuť bez horkosti. V Powerlogy robíme maximum pre vývoj inovatívnych potravín, ktoré v sebe spájajú úžasnú chuť a funkčné benefity. Cieľom je podpora nadpriemerného fyzického aj mentálneho výkonu. Veríme, že kvalitné jedlo mení myslenie. Preto naše produkty spracovávame len minimálne a zachovávame ich vysokú výživovú hodnotu. V Powerlogy je našou vášňou progresívna a efektívna životospráva, ktorá však musí chutiť. Popis výrobku: Organický filtrovaný srvátkový proteín Hmotnosť: 500 g Zloženie: 100% organická srvátková bielkovina (proteínový koncentrát 80%) z certifikovaného ekologického poľnohospodárstva. Alergény: Obsahuje laktózu, môže obsahovať orechy. Vyrobené na: Slovensko",https://powerlogy.com/powerlogy-organic-whey-protein-500-g/3-pack/,Powerlogy,Powerlogy,https://media.powerlogy.com/1/live/20260910123358/578741-3-pack-v3.webp,in_stock,104.85 EUR,94.55 EUR,,,585884,new,Funkčná výživa > Proteíny > Srvátkové proteíny > Srvátkové proteíny na chudnutie,,,https://powerlogy.com/,true,14,https://powerlogy.com/o-nakupe/vseobecne-obchodne-podmienky,true,4.80,45,SK,SK,food,srvátkové-proteíny-na-chudnutie,in-stock,multipack,false
591696_3,Powerlogy Protein Granola Salted Caramel Crunch 3 x 350 g,"Pečená proteínová granola s arašidmi, kokosovými chipsami a príchuťou slaného karamelu. Pečená proteínová granola s arašidmi, kokosovými chipsami a príchuťou slaného karamelu Popis výrobku: Pečená proteínová granola s arašidmi, kokosovými chipsami a príchuťou slaného karamelu. Hmotnosť: 350 g (7 porcií × 50 g) Zloženie: Bezlepkové ovsené vločky (34 %), proteínové chrumky (sójový proteínový izolát, tapiokový škrob, soľ), ryžový sirup, arašidy (13 %), kokosový olej, tekvicové semienka, kokosové chipsy (2,5 %), prírodná karamelová aróma, himalájska soľ. Alergény: Obsahuje arašidy a sóju. Môže obsahovať mlieko, sezam a ostatné škrupinové plody. Vyrobené na: Slovensko",https://powerlogy.com/powerlogy-protein-granola-salted-caramel-crunch-350-g/3-pack/,Powerlogy,Powerlogy,https://media.powerlogy.com/1/live/20260915191854/powerlogy-protein-granola-salted-caramel-crunch-350g-3-pack.webp,in_stock,26.85 EUR,24.55 EUR,,,591696,new,Zdravé potraviny > Granola a müsli > Granola s vysokým obsahom proteínu,,,https://powerlogy.com/,true,14,https://powerlogy.com/o-nakupe/vseobecne-obchodne-podmienky,true,,,SK,SK,food,granola-s-vysokým-obsahom-proteínu,in-stock,multipack,false
591697_3,Powerlogy Protein Granola Apple Pie Crunch 3 x 350 g,"Pečená proteínová granola s arašidmi, sušenými jablkami a škoricou. Pečená proteínová granola s arašidmi, sušenými jablkami a škoricou Popis výrobku: Pečená proteínová granola s arašidmi, sušenými jablkami a škoricou. Hmotnosť: 350 g (7 porcií × 50 g) Zloženie: Bezlepkové ovsené vločky (31 %), proteínové chrumky (sójový proteínový izolát, tapiokový škrob, soľ), ryžový sirup, arašidy (12 %), kocky sušených jabĺk (6,5 %), kokosový olej, tekvicové semienka, prírodná vanilková aróma, škorica (0,5 %). Alergény: Obsahuje arašidy a sóju. Môže obsahovať mlieko, sezam a ostatné škrupinové plody. Vyrobené na: Slovensko",https://powerlogy.com/powerlogy-protein-granola-apple-pie-crunch-350-g/3-pack/,Powerlogy,Powerlogy,https://media.powerlogy.com/1/live/20260915191905/powerlogy-protein-granola-apple-pie-crunch-350g-3-pack.webp,in_stock,26.85 EUR,24.55 EUR,,,591697,new,Zdravé potraviny > Granola a müsli > Granola s vysokým obsahom proteínu,,,https://powerlogy.com/,true,14,https://powerlogy.com/o-nakupe/vseobecne-obchodne-podmienky,true,,,SK,SK,food,granola-s-vysokým-obsahom-proteínu,in-stock,multipack,false
